date,price,delta,gamma,product_delta,product_gamma,product_position_delta,product_position_gamma,pre_hedge_contracts,post_hedge_contracts,futures_multiplier,pre_hedge_futures_delta,post_hedge_futures_delta,pre_hedge_delta,post_hedge_delta,pre_hedge_gamma,post_hedge_gamma,pre_hedge_delta_cash_1pct,post_hedge_delta_cash_1pct,pre_hedge_gamma_cash_1pct,post_hedge_gamma_cash_1pct,delta_cash_1pct,gamma_cash_1pct,vega,theta,rho,dividend_sensitivity,basis_sensitivity
2023-05-04,-1.4224497135728598e-09,684.7507220836425,-0.10168605082344784,684.7507220836425,-0.10168605082344784,-684.7507220836425,0.10168605082344784,0.0,3.0,200.0,0.0,600.0,-684.7507220836425,-84.75072208364247,0.10168605082344784,0.10168605082344784,-46110.90135238864,-5707.0873523886385,46110.90080652502,46110.90080652502,-5707.0873523886385,46110.90080652502,,,,,
2023-05-05,7749.12130156011,-1657.883333706833,6948.742368149163,-1657.883333706833,6948.742368149163,1657.883333706833,-6948.742368149163,3.0,-8.0,200.0,600.0,-1600.0,2257.8833337068327,57.8833337068329,-6948.742368149163,-6948.742368149163,152229.85857044946,3902.5806038043115,-3158660155.3422875,-3158660155.3422875,3902.5806038043115,-3158660155.3422875,,,,,
2023-05-08,29521.08193616398,677.3547971625386,-0.10034411296521303,677.3547971625386,-0.10034411296521303,-677.3547971625386,0.10034411296521303,-8.0,3.0,200.0,-1600.0,600.0,-2277.3547971625385,-77.3547971625386,0.10034411296521303,0.10034411296521303,-153728.71677466485,-5221.695679117678,45723.609797278186,45723.609797278186,-5221.695679117678,45723.609797278186,,,,,
2023-05-09,40527.36992496993,674.3475132067491,-0.0997781365153699,674.3475132067491,-0.0997781365153699,-674.3475132067491,0.0997781365153699,3.0,3.0,200.0,600.0,600.0,-74.34751320674911,-74.34751320674911,0.0997781365153699,0.0997781365153699,-5024.754065262291,-5024.754065262291,45575.57070802431,45575.57070802431,-5024.754065262291,45575.57070802431,,,,,
2023-05-10,51532.366935308906,671.3302064168549,-0.09921247987918747,671.3302064168549,-0.09921247987918747,-671.3302064168549,0.09921247987918747,3.0,3.0,200.0,600.0,600.0,-71.33020641685494,-71.33020641685494,0.09921247987918747,0.09921247987918747,-4826.622972864197,-4826.622972864197,45426.1671839049,45426.1671839049,-4826.622972864197,45426.1671839049,,,,,
2023-05-11,62532.7911063039,668.3063723995595,-0.09864778184223659,668.3063723995595,-0.09864778184223659,-668.3063723995595,0.09864778184223659,3.0,3.0,200.0,600.0,600.0,-68.30637239955945,-68.30637239955945,0.09864778184223659,0.09864778184223659,-4627.532764732205,-4627.532764732205,45275.56577522773,45275.56577522773,-4627.532764732205,45275.56577522773,,,,,
2023-05-12,73388.10782958836,575.7520077052897,-0.08488531326722024,575.7520077052897,-0.08488531326722024,-575.7520077052897,0.08488531326722024,3.0,3.0,200.0,600.0,600.0,24.247992294710343,24.247992294710343,0.08488531326722024,0.08488531326722024,1644.6697097091303,1644.6697097091303,39051.558705978096,39051.558705978096,1644.6697097091303,39051.558705978096,,,,,
2023-05-15,95244.63508478597,563.686386018173,-0.08300884488229728,563.686386018173,-0.08300884488229728,-563.686386018173,0.08300884488229728,3.0,3.0,200.0,600.0,600.0,36.31361398182696,36.31361398182696,0.08300884488229728,0.08300884488229728,2465.940789377009,2465.940789377009,38278.130072285414,38278.130072285414,2465.940789377009,38278.130072285414,,,,,
2023-05-16,105589.52366319776,559.0278833705011,-0.08222710615986947,559.0278833705011,-0.08222710615986947,-559.0278833705011,0.08222710615986947,3.0,3.0,200.0,600.0,600.0,40.97211662949894,40.97211662949894,0.08222710615986947,0.08222710615986947,2785.523786113462,2785.523786113462,38005.981128662825,38005.981128662825,2785.523786113462,38005.981128662825,,,,,
2023-05-17,115915.05009515483,554.2728569653376,-0.08143393227489021,554.2728569653376,-0.08143393227489021,-554.2728569653376,0.08143393227489021,3.0,3.0,200.0,600.0,600.0,45.72714303466239,45.72714303466239,0.08143393227489021,0.08143393227489021,3112.3776183571667,3112.3776183571667,37726.09354928135,37726.09354928135,3112.3776183571667,37726.09354928135,,,,,
2023-05-18,126222.22063872276,549.4171068167846,-0.08062882478571669,549.4171068167846,-0.08062882478571669,-549.4171068167846,0.08062882478571669,3.0,3.0,200.0,600.0,600.0,50.58289318321545,50.58289318321545,0.08062882478571669,0.08062882478571669,3446.795269514643,3446.795269514643,37438.11501772142,37438.11501772142,3446.795269514643,37438.11501772142,,,,,
2023-05-19,139475.81774167504,541.1129574177146,-0.07932118661469935,541.1129574177146,-0.07932118661469935,-541.1129574177146,0.07932118661469935,3.0,3.0,200.0,600.0,600.0,58.8870425822854,58.8870425822854,0.07932118661469935,0.07932118661469935,4017.1538219503454,4017.1538219503454,36913.62010431475,36913.62010431475,4017.1538219503454,36913.62010431475,,,,,
2023-05-22,162512.96120738902,526.710665625611,-0.07712475202871726,526.710665625611,-0.07712475202871726,-526.710665625611,0.07712475202871726,3.0,3.0,200.0,600.0,600.0,73.289334374389,73.289334374389,0.07712475202871726,0.07712475202871726,5005.173265950435,5005.173265950435,35970.82995111123,35970.82995111123,5005.173265950435,35970.82995111123,,,,,
2023-05-23,173006.405548756,521.3011155635432,-0.07624976275609839,521.3011155635432,-0.07624976275609839,-521.3011155635432,0.07624976275609839,3.0,3.0,200.0,600.0,600.0,78.69888443645675,78.69888443645675,0.07624976275609839,0.07624976275609839,5380.451334564423,5380.451334564423,35640.0873279199,35640.0873279199,5380.451334564423,35640.0873279199,,,,,
2023-05-24,183542.43256317874,515.8073032924825,-0.07536573173933644,515.8073032924825,-0.07536573173933644,-515.8073032924825,0.07536573173933644,3.0,3.0,200.0,600.0,600.0,84.19269670751748,84.19269670751748,0.07536573173933644,0.07536573173933644,5762.1952912268125,5762.1952912268125,35302.13944031857,35302.13944031857,5762.1952912268125,35302.13944031857,,,,,
2023-05-25,194144.46563453373,510.25439986105374,-0.0744763996185494,510.25439986105374,-0.0744763996185494,-510.25439986105374,0.0744763996185494,3.0,3.0,200.0,600.0,600.0,89.74560013894626,89.74560013894626,0.0744763996185494,0.0744763996185494,6148.6707549718985,6148.6707549718985,34958.663280121975,34958.663280121975,6148.6707549718985,34958.663280121975,,,,,
2023-05-26,204845.33985766306,502.7671219893769,-5.67784310717103,502.7671219893769,-5.67784310717103,-502.7671219893769,5.67784310717103,3.0,3.0,200.0,600.0,600.0,97.2328780106231,97.2328780106231,5.67784310717103,5.67784310717103,6668.471672192196,6668.471672192196,2670605.4293317716,2670605.4293317716,6668.471672192196,2670605.4293317716,,,,,
2023-05-29,230754.43034623962,343.8380412624808,-0.0500847551545992,343.8380412624808,-0.0500847551545992,-343.8380412624808,0.0500847551545992,3.0,2.0,200.0,600.0,400.0,256.1619587375192,56.16195873751923,0.0500847551545992,0.0500847551545992,17585.834200810008,3855.587689984694,23604.903690284118,23604.903690284118,3855.587689984694,23604.903690284118,,,,,
2023-05-30,241705.5773201252,327.24021142297835,-0.04762045951140356,327.24021142297835,-0.04762045951140356,-327.24021142297835,0.04762045951140356,2.0,2.0,200.0,400.0,400.0,72.75978857702165,72.75978857702165,0.04762045951140356,0.04762045951140356,4999.936783796215,4999.936783796215,22487.42623487487,22487.42623487487,4999.936783796215,22487.42623487487,,,,,
2023-05-31,253185.17935139962,307.545097854263,-0.04471177027287048,307.545097854263,-0.04471177027287048,-307.545097854263,0.04471177027287048,2.0,2.0,200.0,400.0,400.0,92.45490214573698,92.45490214573698,0.04471177027287048,0.04471177027287048,6359.410659802253,6359.410659802253,21154.1568278335,21154.1568278335,6359.410659802253,21154.1568278335,,,,,
2023-06-01,265562.1329067786,283.27625013376405,-0.04114535005726152,283.27625013376405,-0.04114535005726152,-283.27625013376405,0.04114535005726152,2.0,1.0,200.0,400.0,200.0,116.72374986623595,-83.27625013376405,0.04114535005726152,0.04114535005726152,8036.161013438949,-5733.377786759461,19502.91637331247,19502.91637331247,-5733.377786759461,19502.91637331247,,,,,
2023-06-02,279688.4769452625,253.1161500023254,-0.036731595527494186,253.1161500023254,-0.036731595527494186,-253.1161500023254,0.036731595527494186,1.0,1.0,200.0,200.0,200.0,-53.11615000232541,-53.11615000232541,0.036731595527494186,0.036731595527494186,-3660.2153192824044,-3660.2153192824044,17442.144686356183,17442.144686356183,-3660.2153192824044,17442.144686356183,,,,,
2023-06-05,331505.4943806378,-1470.8990037414274,-6041.442399293871,-1470.8990037414274,-6041.442399293871,1470.8990037414274,6041.442399293871,1.0,-7.0,200.0,200.0,-1400.0,1670.8990037414274,70.89900374142735,6041.442399293871,6041.442399293871,115241.42777943444,4889.8840689990275,2873806347.185455,2873806347.185455,4889.8840689990275,2873806347.185455,,,,,
2023-06-06,337581.7030478471,612.2260243647892,-0.08869265665522684,612.2260243647892,-0.08869265665522684,-612.2260243647892,0.08869265665522684,-7.0,3.0,200.0,-1400.0,600.0,-2012.2260243647893,-12.226024364789168,0.08869265665522684,0.08869265665522684,-138899.56642249238,-843.9357521360556,42260.625516064465,42260.625516064465,-843.9357521360556,42260.625516064465,,,,,
2023-06-07,346420.853882069,608.5152576119395,-0.08808354104669909,608.5152576119395,-0.08808354104669909,-608.5152576119395,0.08808354104669909,3.0,3.0,200.0,600.0,600.0,-8.515257611939546,-8.515257611939546,0.08808354104669909,0.08808354104669909,-588.267050289863,-588.267050289863,42038.59862172976,42038.59862172976,-588.267050289863,42038.59862172976,,,,,
2023-06-08,355146.2704494717,604.7518286015443,-0.08747044151588577,604.7518286015443,-0.08747044151588577,-604.7518286015443,0.08747044151588577,3.0,3.0,200.0,600.0,600.0,-4.751828601544275,-4.751828601544275,0.08747044151588577,0.08747044151588577,-328.53119708054237,-328.53119708054237,41811.23699527233,41811.23699527233,-328.53119708054237,41811.23699527233,,,,,
2023-06-09,363757.9028505896,600.9325242929625,-0.08685295145087589,600.9325242929625,-0.08685295145087589,-600.9325242929625,0.08685295145087589,3.0,3.0,200.0,600.0,600.0,-0.9325242929625119,-0.9325242929625119,0.08685295145087589,0.08685295145087589,-64.52102463083583,-64.52102463083583,41578.305303119116,41578.305303119116,-64.52102463083583,41578.305303119116,,,,,
2023-06-12,383481.84752859885,589.8874810455001,-0.0851955761037129,589.8874810455001,-0.0851955761037129,-589.8874810455001,0.0851955761037129,3.0,3.0,200.0,600.0,600.0,10.112518954499933,10.112518954499933,0.0851955761037129,0.0851955761037129,700.182863837998,700.182863837998,40843.34493381902,40843.34493381902,700.182863837998,40843.34493381902,,,,,
2023-06-13,391964.8905162244,585.7605666934797,-0.0845418073913256,585.7605666934797,-0.0845418073913256,-585.7605666934797,0.0845418073913256,3.0,3.0,200.0,600.0,600.0,14.239433306520255,14.239433306520255,0.0845418073913256,0.0845418073913256,986.6004154775035,986.6004154775035,40585.29477333649,40585.29477333649,986.6004154775035,40585.29477333649,,,,,
2023-06-14,400345.80710471555,581.5567234387235,-0.08388067803698136,581.5567234387235,-0.08388067803698136,-581.5567234387235,0.08388067803698136,3.0,3.0,200.0,600.0,600.0,18.443276561276548,18.443276561276548,0.08388067803698136,0.08388067803698136,1278.6987191550686,1278.6987191550686,40320.158936083324,40320.158936083324,1278.6987191550686,40320.158936083324,,,,,
2023-06-15,408500.1047429137,486.40390321792387,-0.0701133214918606,486.40390321792387,-0.0701133214918606,-486.40390321792387,0.0701133214918606,3.0,2.0,200.0,600.0,400.0,113.59609678207613,-86.40390321792387,0.0701133214918606,0.0701133214918606,7880.611496841797,-5994.181247067423,33743.7666603364,33743.7666603364,-5994.181247067423,33743.7666603364,,,,,
2023-06-16,416315.18252851616,480.4398277079679,-0.06921363571834362,480.4398277079679,-0.06921363571834362,-480.4398277079679,0.06921363571834362,2.0,2.0,200.0,400.0,400.0,-80.43982770796788,-80.43982770796788,0.06921363571834362,0.06921363571834362,-5583.654006363215,-5583.654006363215,33349.27506512031,33349.27506512031,-5583.654006363215,33349.27506512031,,,,,
2023-06-19,436200.52351860993,461.5350971508902,-0.066454179737957,461.5350971508902,-0.066454179737957,-461.5350971508902,0.066454179737957,2.0,2.0,200.0,400.0,400.0,-61.53509715089018,-61.53509715089018,0.066454179737957,0.066454179737957,-4273.712889626787,-4273.712889626787,32054.367067757983,32054.367067757983,-4273.712889626787,32054.367067757983,,,,,
2023-06-20,444030.4410378001,454.45058584911413,-0.06540111739024598,454.45058584911413,-0.06540111739024598,-454.45058584911413,0.06540111739024598,2.0,2.0,200.0,400.0,400.0,-54.450585849114134,-54.450585849114134,0.06540111739024598,0.06540111739024598,-3783.5899390283785,-3783.5899390283785,31578.258727677163,31578.258727677163,-3783.5899390283785,31578.258727677163,,,,,
2023-06-21,451816.42917177436,447.0003261970813,-0.06429890243036807,447.0003261970813,-0.06429890243036807,-447.0003261970813,0.06429890243036807,2.0,2.0,200.0,400.0,400.0,-47.00032619708128,-47.00032619708128,0.06429890243036807,0.06429890243036807,-3267.4214758566177,-3267.4214758566177,31075.07131062448,31075.07131062448,-3267.4214758566177,31075.07131062448,,,,,
2023-06-26,486991.55455670663,402.1370403689172,-0.05782072261998248,402.1370403689172,-0.05782072261998248,-402.1370403689172,0.05782072261998248,2.0,2.0,200.0,400.0,400.0,-2.137040368917212,-2.137040368917212,0.05782072261998248,0.05782072261998248,-148.62891337786786,-148.62891337786786,27968.209760729223,27968.209760729223,-148.62891337786786,27968.209760729223,,,,,
2023-06-27,495492.4006195519,390.40258307830914,-0.056111580388555626,390.40258307830914,-0.056111580388555626,-390.40258307830914,0.056111580388555626,2.0,2.0,200.0,400.0,400.0,9.597416921690865,9.597416921690865,0.056111580388555626,0.056111580388555626,667.7509764367893,667.7509764367893,27162.69402299076,27162.69402299076,667.7509764367893,27162.69402299076,,,,,
2023-06-28,504154.9196954914,377.1932312676099,-0.05419397358103531,377.1932312676099,-0.05419397358103531,-377.1932312676099,0.05419397358103531,2.0,2.0,200.0,400.0,400.0,22.806768732390083,22.806768732390083,0.05419397358103531,0.05419397358103531,1587.3644230121974,1587.3644230121974,26252.868468873203,26252.868468873203,1587.3644230121974,26252.868468873203,,,,,
2023-06-29,513062.99749445857,361.9302392019167,-0.05198479305306631,361.9302392019167,-0.05198479305306631,-361.9302392019167,0.05198479305306631,2.0,2.0,200.0,400.0,400.0,38.06976079808328,38.06976079808328,0.05198479305306631,0.05198479305306631,2650.505431665299,2650.505431665299,25198.42638866976,25198.42638866976,2650.505431665299,25198.42638866976,,,,,
2023-06-30,522344.34037379525,343.59109894162947,-0.049337241226652624,343.59109894162947,-0.049337241226652624,-343.59109894162947,0.049337241226652624,2.0,2.0,200.0,400.0,400.0,56.40890105837053,56.40890105837053,0.049337241226652624,0.049337241226652624,3928.3905926982366,3928.3905926982366,23928.138194605697,23928.138194605697,3928.3905926982366,23928.138194605697,,,,,
2023-07-03,555233.4760317041,226.1749584922827,-0.0324695555098939,226.1749584922827,-0.0324695555098939,-226.1749584922827,0.0324695555098939,2.0,1.0,200.0,400.0,200.0,173.8250415077173,-26.174958492282713,0.0324695555098939,0.0324695555098939,12108.225912778189,-1823.2833884758786,15754.792606458068,15754.792606458068,-1823.2833884758786,15754.792606458068,,,,,
2023-07-04,0.0,0.0,0.0,0.0,0.0,-0.0,-0.0,1.0,0.0,200.0,200.0,0.0,200.0,0.0,-0.0,-0.0,13934.195101854726,0.0,-0.0,-0.0,0.0,-0.0,,,,,
2023-07-05,0.0,0.0,0.0,0.0,0.0,-0.0,-0.0,0.0,0.0,200.0,0.0,0.0,0.0,0.0,-0.0,-0.0,0.0,0.0,-0.0,-0.0,0.0,-0.0,,,,,
2023-07-06,0.0,0.0,0.0,0.0,0.0,-0.0,-0.0,0.0,0.0,200.0,0.0,0.0,0.0,0.0,-0.0,-0.0,0.0,0.0,-0.0,-0.0,0.0,-0.0,,,,,
2023-07-07,0.0,0.0,0.0,0.0,0.0,-0.0,-0.0,0.0,0.0,200.0,0.0,0.0,0.0,0.0,-0.0,-0.0,0.0,0.0,-0.0,-0.0,0.0,-0.0,,,,,
2023-07-10,0.0,0.0,0.0,0.0,0.0,-0.0,-0.0,0.0,0.0,200.0,0.0,0.0,0.0,0.0,-0.0,-0.0,0.0,0.0,-0.0,-0.0,0.0,-0.0,,,,,
2023-07-11,0.0,0.0,0.0,0.0,0.0,-0.0,-0.0,0.0,0.0,200.0,0.0,0.0,0.0,0.0,-0.0,-0.0,0.0,0.0,-0.0,-0.0,0.0,-0.0,,,,,
2023-07-12,0.0,0.0,0.0,0.0,0.0,-0.0,-0.0,0.0,0.0,200.0,0.0,0.0,0.0,0.0,-0.0,-0.0,0.0,0.0,-0.0,-0.0,0.0,-0.0,,,,,
2023-07-13,0.0,0.0,0.0,0.0,0.0,-0.0,-0.0,0.0,0.0,200.0,0.0,0.0,0.0,0.0,-0.0,-0.0,0.0,0.0,-0.0,-0.0,0.0,-0.0,,,,,
2023-07-14,0.0,0.0,0.0,0.0,0.0,-0.0,-0.0,0.0,0.0,200.0,0.0,0.0,0.0,0.0,-0.0,-0.0,0.0,0.0,-0.0,-0.0,0.0,-0.0,,,,,
2023-07-17,0.0,0.0,0.0,0.0,0.0,-0.0,-0.0,0.0,0.0,200.0,0.0,0.0,0.0,0.0,-0.0,-0.0,0.0,0.0,-0.0,-0.0,0.0,-0.0,,,,,
2023-07-18,0.0,0.0,0.0,0.0,0.0,-0.0,-0.0,0.0,0.0,200.0,0.0,0.0,0.0,0.0,-0.0,-0.0,0.0,0.0,-0.0,-0.0,0.0,-0.0,,,,,
2023-07-19,0.0,0.0,0.0,0.0,0.0,-0.0,-0.0,0.0,0.0,200.0,0.0,0.0,0.0,0.0,-0.0,-0.0,0.0,0.0,-0.0,-0.0,0.0,-0.0,,,,,
2023-07-20,0.0,0.0,0.0,0.0,0.0,-0.0,-0.0,0.0,0.0,200.0,0.0,0.0,0.0,0.0,-0.0,-0.0,0.0,0.0,-0.0,-0.0,0.0,-0.0,,,,,
2023-07-21,0.0,0.0,0.0,0.0,0.0,-0.0,-0.0,0.0,0.0,200.0,0.0,0.0,0.0,0.0,-0.0,-0.0,0.0,0.0,-0.0,-0.0,0.0,-0.0,,,,,
2023-07-24,0.0,0.0,0.0,0.0,0.0,-0.0,-0.0,0.0,0.0,200.0,0.0,0.0,0.0,0.0,-0.0,-0.0,0.0,0.0,-0.0,-0.0,0.0,-0.0,,,,,
2023-07-25,0.0,0.0,0.0,0.0,0.0,-0.0,-0.0,0.0,0.0,200.0,0.0,0.0,0.0,0.0,-0.0,-0.0,0.0,0.0,-0.0,-0.0,0.0,-0.0,,,,,
2023-07-26,0.0,0.0,0.0,0.0,0.0,-0.0,-0.0,0.0,0.0,200.0,0.0,0.0,0.0,0.0,-0.0,-0.0,0.0,0.0,-0.0,-0.0,0.0,-0.0,,,,,
2023-07-27,0.0,0.0,0.0,0.0,0.0,-0.0,-0.0,0.0,0.0,200.0,0.0,0.0,0.0,0.0,-0.0,-0.0,0.0,0.0,-0.0,-0.0,0.0,-0.0,,,,,
2023-07-28,0.0,0.0,0.0,0.0,0.0,-0.0,-0.0,0.0,0.0,200.0,0.0,0.0,0.0,0.0,-0.0,-0.0,0.0,0.0,-0.0,-0.0,0.0,-0.0,,,,,
2023-07-31,0.0,0.0,0.0,0.0,0.0,-0.0,-0.0,0.0,0.0,200.0,0.0,0.0,0.0,0.0,-0.0,-0.0,0.0,0.0,-0.0,-0.0,0.0,-0.0,,,,,
2023-08-01,0.0,0.0,0.0,0.0,0.0,-0.0,-0.0,0.0,0.0,200.0,0.0,0.0,0.0,0.0,-0.0,-0.0,0.0,0.0,-0.0,-0.0,0.0,-0.0,,,,,
2023-08-02,0.0,0.0,0.0,0.0,0.0,-0.0,-0.0,0.0,0.0,200.0,0.0,0.0,0.0,0.0,-0.0,-0.0,0.0,0.0,-0.0,-0.0,0.0,-0.0,,,,,
2023-08-03,0.0,0.0,0.0,0.0,0.0,-0.0,-0.0,0.0,0.0,200.0,0.0,0.0,0.0,0.0,-0.0,-0.0,0.0,0.0,-0.0,-0.0,0.0,-0.0,,,,,
2023-08-04,0.0,0.0,0.0,0.0,0.0,-0.0,-0.0,0.0,0.0,200.0,0.0,0.0,0.0,0.0,-0.0,-0.0,0.0,0.0,-0.0,-0.0,0.0,-0.0,,,,,
2023-08-07,0.0,0.0,0.0,0.0,0.0,-0.0,-0.0,0.0,0.0,200.0,0.0,0.0,0.0,0.0,-0.0,-0.0,0.0,0.0,-0.0,-0.0,0.0,-0.0,,,,,
2023-08-08,0.0,0.0,0.0,0.0,0.0,-0.0,-0.0,0.0,0.0,200.0,0.0,0.0,0.0,0.0,-0.0,-0.0,0.0,0.0,-0.0,-0.0,0.0,-0.0,,,,,
2023-08-09,0.0,0.0,0.0,0.0,0.0,-0.0,-0.0,0.0,0.0,200.0,0.0,0.0,0.0,0.0,-0.0,-0.0,0.0,0.0,-0.0,-0.0,0.0,-0.0,,,,,
2023-08-10,0.0,0.0,0.0,0.0,0.0,-0.0,-0.0,0.0,0.0,200.0,0.0,0.0,0.0,0.0,-0.0,-0.0,0.0,0.0,-0.0,-0.0,0.0,-0.0,,,,,
2023-08-11,0.0,0.0,0.0,0.0,0.0,-0.0,-0.0,0.0,0.0,200.0,0.0,0.0,0.0,0.0,-0.0,-0.0,0.0,0.0,-0.0,-0.0,0.0,-0.0,,,,,
2023-08-14,0.0,0.0,0.0,0.0,0.0,-0.0,-0.0,0.0,0.0,200.0,0.0,0.0,0.0,0.0,-0.0,-0.0,0.0,0.0,-0.0,-0.0,0.0,-0.0,,,,,
2023-08-15,0.0,0.0,0.0,0.0,0.0,-0.0,-0.0,0.0,0.0,200.0,0.0,0.0,0.0,0.0,-0.0,-0.0,0.0,0.0,-0.0,-0.0,0.0,-0.0,,,,,
2023-08-16,0.0,0.0,0.0,0.0,0.0,-0.0,-0.0,0.0,0.0,200.0,0.0,0.0,0.0,0.0,-0.0,-0.0,0.0,0.0,-0.0,-0.0,0.0,-0.0,,,,,
2023-08-17,0.0,0.0,0.0,0.0,0.0,-0.0,-0.0,0.0,0.0,200.0,0.0,0.0,0.0,0.0,-0.0,-0.0,0.0,0.0,-0.0,-0.0,0.0,-0.0,,,,,
2023-08-18,0.0,0.0,0.0,0.0,0.0,-0.0,-0.0,0.0,0.0,200.0,0.0,0.0,0.0,0.0,-0.0,-0.0,0.0,0.0,-0.0,-0.0,0.0,-0.0,,,,,
2023-08-21,0.0,0.0,0.0,0.0,0.0,-0.0,-0.0,0.0,0.0,200.0,0.0,0.0,0.0,0.0,-0.0,-0.0,0.0,0.0,-0.0,-0.0,0.0,-0.0,,,,,
2023-08-22,0.0,0.0,0.0,0.0,0.0,-0.0,-0.0,0.0,0.0,200.0,0.0,0.0,0.0,0.0,-0.0,-0.0,0.0,0.0,-0.0,-0.0,0.0,-0.0,,,,,
2023-08-23,0.0,0.0,0.0,0.0,0.0,-0.0,-0.0,0.0,0.0,200.0,0.0,0.0,0.0,0.0,-0.0,-0.0,0.0,0.0,-0.0,-0.0,0.0,-0.0,,,,,
2023-08-24,0.0,0.0,0.0,0.0,0.0,-0.0,-0.0,0.0,0.0,200.0,0.0,0.0,0.0,0.0,-0.0,-0.0,0.0,0.0,-0.0,-0.0,0.0,-0.0,,,,,
2023-08-25,0.0,0.0,0.0,0.0,0.0,-0.0,-0.0,0.0,0.0,200.0,0.0,0.0,0.0,0.0,-0.0,-0.0,0.0,0.0,-0.0,-0.0,0.0,-0.0,,,,,
2023-08-28,0.0,0.0,0.0,0.0,0.0,-0.0,-0.0,0.0,0.0,200.0,0.0,0.0,0.0,0.0,-0.0,-0.0,0.0,0.0,-0.0,-0.0,0.0,-0.0,,,,,
2023-08-29,0.0,0.0,0.0,0.0,0.0,-0.0,-0.0,0.0,0.0,200.0,0.0,0.0,0.0,0.0,-0.0,-0.0,0.0,0.0,-0.0,-0.0,0.0,-0.0,,,,,
2023-08-30,0.0,0.0,0.0,0.0,0.0,-0.0,-0.0,0.0,0.0,200.0,0.0,0.0,0.0,0.0,-0.0,-0.0,0.0,0.0,-0.0,-0.0,0.0,-0.0,,,,,
2023-08-31,0.0,0.0,0.0,0.0,0.0,-0.0,-0.0,0.0,0.0,200.0,0.0,0.0,0.0,0.0,-0.0,-0.0,0.0,0.0,-0.0,-0.0,0.0,-0.0,,,,,
2023-09-01,0.0,0.0,0.0,0.0,0.0,-0.0,-0.0,0.0,0.0,200.0,0.0,0.0,0.0,0.0,-0.0,-0.0,0.0,0.0,-0.0,-0.0,0.0,-0.0,,,,,
2023-09-04,0.0,0.0,0.0,0.0,0.0,-0.0,-0.0,0.0,0.0,200.0,0.0,0.0,0.0,0.0,-0.0,-0.0,0.0,0.0,-0.0,-0.0,0.0,-0.0,,,,,
2023-09-05,0.0,0.0,0.0,0.0,0.0,-0.0,-0.0,0.0,0.0,200.0,0.0,0.0,0.0,0.0,-0.0,-0.0,0.0,0.0,-0.0,-0.0,0.0,-0.0,,,,,
2023-09-06,0.0,0.0,0.0,0.0,0.0,-0.0,-0.0,0.0,0.0,200.0,0.0,0.0,0.0,0.0,-0.0,-0.0,0.0,0.0,-0.0,-0.0,0.0,-0.0,,,,,
2023-09-07,0.0,0.0,0.0,0.0,0.0,-0.0,-0.0,0.0,0.0,200.0,0.0,0.0,0.0,0.0,-0.0,-0.0,0.0,0.0,-0.0,-0.0,0.0,-0.0,,,,,
2023-09-08,0.0,0.0,0.0,0.0,0.0,-0.0,-0.0,0.0,0.0,200.0,0.0,0.0,0.0,0.0,-0.0,-0.0,0.0,0.0,-0.0,-0.0,0.0,-0.0,,,,,
2023-09-11,0.0,0.0,0.0,0.0,0.0,-0.0,-0.0,0.0,0.0,200.0,0.0,0.0,0.0,0.0,-0.0,-0.0,0.0,0.0,-0.0,-0.0,0.0,-0.0,,,,,
2023-09-12,0.0,0.0,0.0,0.0,0.0,-0.0,-0.0,0.0,0.0,200.0,0.0,0.0,0.0,0.0,-0.0,-0.0,0.0,0.0,-0.0,-0.0,0.0,-0.0,,,,,
2023-09-13,0.0,0.0,0.0,0.0,0.0,-0.0,-0.0,0.0,0.0,200.0,0.0,0.0,0.0,0.0,-0.0,-0.0,0.0,0.0,-0.0,-0.0,0.0,-0.0,,,,,
2023-09-14,0.0,0.0,0.0,0.0,0.0,-0.0,-0.0,0.0,0.0,200.0,0.0,0.0,0.0,0.0,-0.0,-0.0,0.0,0.0,-0.0,-0.0,0.0,-0.0,,,,,
2023-09-15,0.0,0.0,0.0,0.0,0.0,-0.0,-0.0,0.0,0.0,200.0,0.0,0.0,0.0,0.0,-0.0,-0.0,0.0,0.0,-0.0,-0.0,0.0,-0.0,,,,,
2023-09-18,0.0,0.0,0.0,0.0,0.0,-0.0,-0.0,0.0,0.0,200.0,0.0,0.0,0.0,0.0,-0.0,-0.0,0.0,0.0,-0.0,-0.0,0.0,-0.0,,,,,
2023-09-19,0.0,0.0,0.0,0.0,0.0,-0.0,-0.0,0.0,0.0,200.0,0.0,0.0,0.0,0.0,-0.0,-0.0,0.0,0.0,-0.0,-0.0,0.0,-0.0,,,,,
2023-09-20,0.0,0.0,0.0,0.0,0.0,-0.0,-0.0,0.0,0.0,200.0,0.0,0.0,0.0,0.0,-0.0,-0.0,0.0,0.0,-0.0,-0.0,0.0,-0.0,,,,,
2023-09-21,0.0,0.0,0.0,0.0,0.0,-0.0,-0.0,0.0,0.0,200.0,0.0,0.0,0.0,0.0,-0.0,-0.0,0.0,0.0,-0.0,-0.0,0.0,-0.0,,,,,
2023-09-22,0.0,0.0,0.0,0.0,0.0,-0.0,-0.0,0.0,0.0,200.0,0.0,0.0,0.0,0.0,-0.0,-0.0,0.0,0.0,-0.0,-0.0,0.0,-0.0,,,,,
2023-09-25,0.0,0.0,0.0,0.0,0.0,-0.0,-0.0,0.0,0.0,200.0,0.0,0.0,0.0,0.0,-0.0,-0.0,0.0,0.0,-0.0,-0.0,0.0,-0.0,,,,,
2023-09-26,0.0,0.0,0.0,0.0,0.0,-0.0,-0.0,0.0,0.0,200.0,0.0,0.0,0.0,0.0,-0.0,-0.0,0.0,0.0,-0.0,-0.0,0.0,-0.0,,,,,
2023-09-27,0.0,0.0,0.0,0.0,0.0,-0.0,-0.0,0.0,0.0,200.0,0.0,0.0,0.0,0.0,-0.0,-0.0,0.0,0.0,-0.0,-0.0,0.0,-0.0,,,,,
2023-09-28,0.0,0.0,0.0,0.0,0.0,-0.0,-0.0,0.0,0.0,200.0,0.0,0.0,0.0,0.0,-0.0,-0.0,0.0,0.0,-0.0,-0.0,0.0,-0.0,,,,,
2023-10-09,0.0,0.0,0.0,0.0,0.0,-0.0,-0.0,0.0,0.0,200.0,0.0,0.0,0.0,0.0,-0.0,-0.0,0.0,0.0,-0.0,-0.0,0.0,-0.0,,,,,
2023-10-10,0.0,0.0,0.0,0.0,0.0,-0.0,-0.0,0.0,0.0,200.0,0.0,0.0,0.0,0.0,-0.0,-0.0,0.0,0.0,-0.0,-0.0,0.0,-0.0,,,,,
2023-10-11,0.0,0.0,0.0,0.0,0.0,-0.0,-0.0,0.0,0.0,200.0,0.0,0.0,0.0,0.0,-0.0,-0.0,0.0,0.0,-0.0,-0.0,0.0,-0.0,,,,,
2023-10-12,0.0,0.0,0.0,0.0,0.0,-0.0,-0.0,0.0,0.0,200.0,0.0,0.0,0.0,0.0,-0.0,-0.0,0.0,0.0,-0.0,-0.0,0.0,-0.0,,,,,
2023-10-13,0.0,0.0,0.0,0.0,0.0,-0.0,-0.0,0.0,0.0,200.0,0.0,0.0,0.0,0.0,-0.0,-0.0,0.0,0.0,-0.0,-0.0,0.0,-0.0,,,,,
2023-10-16,0.0,0.0,0.0,0.0,0.0,-0.0,-0.0,0.0,0.0,200.0,0.0,0.0,0.0,0.0,-0.0,-0.0,0.0,0.0,-0.0,-0.0,0.0,-0.0,,,,,
2023-10-17,0.0,0.0,0.0,0.0,0.0,-0.0,-0.0,0.0,0.0,200.0,0.0,0.0,0.0,0.0,-0.0,-0.0,0.0,0.0,-0.0,-0.0,0.0,-0.0,,,,,
2023-10-18,0.0,0.0,0.0,0.0,0.0,-0.0,-0.0,0.0,0.0,200.0,0.0,0.0,0.0,0.0,-0.0,-0.0,0.0,0.0,-0.0,-0.0,0.0,-0.0,,,,,
2023-10-19,0.0,0.0,0.0,0.0,0.0,-0.0,-0.0,0.0,0.0,200.0,0.0,0.0,0.0,0.0,-0.0,-0.0,0.0,0.0,-0.0,-0.0,0.0,-0.0,,,,,
2023-10-20,0.0,0.0,0.0,0.0,0.0,-0.0,-0.0,0.0,0.0,200.0,0.0,0.0,0.0,0.0,-0.0,-0.0,0.0,0.0,-0.0,-0.0,0.0,-0.0,,,,,
2023-10-23,0.0,0.0,0.0,0.0,0.0,-0.0,-0.0,0.0,0.0,200.0,0.0,0.0,0.0,0.0,-0.0,-0.0,0.0,0.0,-0.0,-0.0,0.0,-0.0,,,,,
2023-10-24,0.0,0.0,0.0,0.0,0.0,-0.0,-0.0,0.0,0.0,200.0,0.0,0.0,0.0,0.0,-0.0,-0.0,0.0,0.0,-0.0,-0.0,0.0,-0.0,,,,,
2023-10-25,0.0,0.0,0.0,0.0,0.0,-0.0,-0.0,0.0,0.0,200.0,0.0,0.0,0.0,0.0,-0.0,-0.0,0.0,0.0,-0.0,-0.0,0.0,-0.0,,,,,
2023-10-26,0.0,0.0,0.0,0.0,0.0,-0.0,-0.0,0.0,0.0,200.0,0.0,0.0,0.0,0.0,-0.0,-0.0,0.0,0.0,-0.0,-0.0,0.0,-0.0,,,,,
2023-10-27,0.0,0.0,0.0,0.0,0.0,-0.0,-0.0,0.0,0.0,200.0,0.0,0.0,0.0,0.0,-0.0,-0.0,0.0,0.0,-0.0,-0.0,0.0,-0.0,,,,,
2023-10-30,0.0,0.0,0.0,0.0,0.0,-0.0,-0.0,0.0,0.0,200.0,0.0,0.0,0.0,0.0,-0.0,-0.0,0.0,0.0,-0.0,-0.0,0.0,-0.0,,,,,
2023-10-31,0.0,0.0,0.0,0.0,0.0,-0.0,-0.0,0.0,0.0,200.0,0.0,0.0,0.0,0.0,-0.0,-0.0,0.0,0.0,-0.0,-0.0,0.0,-0.0,,,,,
2023-11-01,0.0,0.0,0.0,0.0,0.0,-0.0,-0.0,0.0,0.0,200.0,0.0,0.0,0.0,0.0,-0.0,-0.0,0.0,0.0,-0.0,-0.0,0.0,-0.0,,,,,
2023-11-02,0.0,0.0,0.0,0.0,0.0,-0.0,-0.0,0.0,0.0,200.0,0.0,0.0,0.0,0.0,-0.0,-0.0,0.0,0.0,-0.0,-0.0,0.0,-0.0,,,,,
2023-11-03,0.0,0.0,0.0,0.0,0.0,-0.0,-0.0,0.0,0.0,200.0,0.0,0.0,0.0,0.0,-0.0,-0.0,0.0,0.0,-0.0,-0.0,0.0,-0.0,,,,,
2023-11-06,0.0,0.0,0.0,0.0,0.0,-0.0,-0.0,0.0,0.0,200.0,0.0,0.0,0.0,0.0,-0.0,-0.0,0.0,0.0,-0.0,-0.0,0.0,-0.0,,,,,
2023-11-07,0.0,0.0,0.0,0.0,0.0,-0.0,-0.0,0.0,0.0,200.0,0.0,0.0,0.0,0.0,-0.0,-0.0,0.0,0.0,-0.0,-0.0,0.0,-0.0,,,,,
2023-11-08,0.0,0.0,0.0,0.0,0.0,-0.0,-0.0,0.0,0.0,200.0,0.0,0.0,0.0,0.0,-0.0,-0.0,0.0,0.0,-0.0,-0.0,0.0,-0.0,,,,,
2023-11-09,0.0,0.0,0.0,0.0,0.0,-0.0,-0.0,0.0,0.0,200.0,0.0,0.0,0.0,0.0,-0.0,-0.0,0.0,0.0,-0.0,-0.0,0.0,-0.0,,,,,
2023-11-10,0.0,0.0,0.0,0.0,0.0,-0.0,-0.0,0.0,0.0,200.0,0.0,0.0,0.0,0.0,-0.0,-0.0,0.0,0.0,-0.0,-0.0,0.0,-0.0,,,,,
2023-11-13,0.0,0.0,0.0,0.0,0.0,-0.0,-0.0,0.0,0.0,200.0,0.0,0.0,0.0,0.0,-0.0,-0.0,0.0,0.0,-0.0,-0.0,0.0,-0.0,,,,,
2023-11-14,0.0,0.0,0.0,0.0,0.0,-0.0,-0.0,0.0,0.0,200.0,0.0,0.0,0.0,0.0,-0.0,-0.0,0.0,0.0,-0.0,-0.0,0.0,-0.0,,,,,
2023-11-15,0.0,0.0,0.0,0.0,0.0,-0.0,-0.0,0.0,0.0,200.0,0.0,0.0,0.0,0.0,-0.0,-0.0,0.0,0.0,-0.0,-0.0,0.0,-0.0,,,,,
2023-11-16,0.0,0.0,0.0,0.0,0.0,-0.0,-0.0,0.0,0.0,200.0,0.0,0.0,0.0,0.0,-0.0,-0.0,0.0,0.0,-0.0,-0.0,0.0,-0.0,,,,,
2023-11-17,0.0,0.0,0.0,0.0,0.0,-0.0,-0.0,0.0,0.0,200.0,0.0,0.0,0.0,0.0,-0.0,-0.0,0.0,0.0,-0.0,-0.0,0.0,-0.0,,,,,
2023-11-20,0.0,0.0,0.0,0.0,0.0,-0.0,-0.0,0.0,0.0,200.0,0.0,0.0,0.0,0.0,-0.0,-0.0,0.0,0.0,-0.0,-0.0,0.0,-0.0,,,,,
2023-11-21,0.0,0.0,0.0,0.0,0.0,-0.0,-0.0,0.0,0.0,200.0,0.0,0.0,0.0,0.0,-0.0,-0.0,0.0,0.0,-0.0,-0.0,0.0,-0.0,,,,,
2023-11-22,0.0,0.0,0.0,0.0,0.0,-0.0,-0.0,0.0,0.0,200.0,0.0,0.0,0.0,0.0,-0.0,-0.0,0.0,0.0,-0.0,-0.0,0.0,-0.0,,,,,
2023-11-23,0.0,0.0,0.0,0.0,0.0,-0.0,-0.0,0.0,0.0,200.0,0.0,0.0,0.0,0.0,-0.0,-0.0,0.0,0.0,-0.0,-0.0,0.0,-0.0,,,,,
2023-11-24,0.0,0.0,0.0,0.0,0.0,-0.0,-0.0,0.0,0.0,200.0,0.0,0.0,0.0,0.0,-0.0,-0.0,0.0,0.0,-0.0,-0.0,0.0,-0.0,,,,,
2023-11-27,0.0,0.0,0.0,0.0,0.0,-0.0,-0.0,0.0,0.0,200.0,0.0,0.0,0.0,0.0,-0.0,-0.0,0.0,0.0,-0.0,-0.0,0.0,-0.0,,,,,
2023-11-28,0.0,0.0,0.0,0.0,0.0,-0.0,-0.0,0.0,0.0,200.0,0.0,0.0,0.0,0.0,-0.0,-0.0,0.0,0.0,-0.0,-0.0,0.0,-0.0,,,,,
2023-11-29,0.0,0.0,0.0,0.0,0.0,-0.0,-0.0,0.0,0.0,200.0,0.0,0.0,0.0,0.0,-0.0,-0.0,0.0,0.0,-0.0,-0.0,0.0,-0.0,,,,,
2023-11-30,0.0,0.0,0.0,0.0,0.0,-0.0,-0.0,0.0,0.0,200.0,0.0,0.0,0.0,0.0,-0.0,-0.0,0.0,0.0,-0.0,-0.0,0.0,-0.0,,,,,
2023-12-01,0.0,0.0,0.0,0.0,0.0,-0.0,-0.0,0.0,0.0,200.0,0.0,0.0,0.0,0.0,-0.0,-0.0,0.0,0.0,-0.0,-0.0,0.0,-0.0,,,,,
2023-12-04,0.0,0.0,0.0,0.0,0.0,-0.0,-0.0,0.0,0.0,200.0,0.0,0.0,0.0,0.0,-0.0,-0.0,0.0,0.0,-0.0,-0.0,0.0,-0.0,,,,,
2023-12-05,0.0,0.0,0.0,0.0,0.0,-0.0,-0.0,0.0,0.0,200.0,0.0,0.0,0.0,0.0,-0.0,-0.0,0.0,0.0,-0.0,-0.0,0.0,-0.0,,,,,
2023-12-06,0.0,0.0,0.0,0.0,0.0,-0.0,-0.0,0.0,0.0,200.0,0.0,0.0,0.0,0.0,-0.0,-0.0,0.0,0.0,-0.0,-0.0,0.0,-0.0,,,,,
2023-12-07,0.0,0.0,0.0,0.0,0.0,-0.0,-0.0,0.0,0.0,200.0,0.0,0.0,0.0,0.0,-0.0,-0.0,0.0,0.0,-0.0,-0.0,0.0,-0.0,,,,,
2023-12-08,0.0,0.0,0.0,0.0,0.0,-0.0,-0.0,0.0,0.0,200.0,0.0,0.0,0.0,0.0,-0.0,-0.0,0.0,0.0,-0.0,-0.0,0.0,-0.0,,,,,
2023-12-11,0.0,0.0,0.0,0.0,0.0,-0.0,-0.0,0.0,0.0,200.0,0.0,0.0,0.0,0.0,-0.0,-0.0,0.0,0.0,-0.0,-0.0,0.0,-0.0,,,,,
2023-12-12,0.0,0.0,0.0,0.0,0.0,-0.0,-0.0,0.0,0.0,200.0,0.0,0.0,0.0,0.0,-0.0,-0.0,0.0,0.0,-0.0,-0.0,0.0,-0.0,,,,,
2023-12-13,0.0,0.0,0.0,0.0,0.0,-0.0,-0.0,0.0,0.0,200.0,0.0,0.0,0.0,0.0,-0.0,-0.0,0.0,0.0,-0.0,-0.0,0.0,-0.0,,,,,
2023-12-14,0.0,0.0,0.0,0.0,0.0,-0.0,-0.0,0.0,0.0,200.0,0.0,0.0,0.0,0.0,-0.0,-0.0,0.0,0.0,-0.0,-0.0,0.0,-0.0,,,,,
2023-12-15,0.0,0.0,0.0,0.0,0.0,-0.0,-0.0,0.0,0.0,200.0,0.0,0.0,0.0,0.0,-0.0,-0.0,0.0,0.0,-0.0,-0.0,0.0,-0.0,,,,,
2023-12-18,0.0,0.0,0.0,0.0,0.0,-0.0,-0.0,0.0,0.0,200.0,0.0,0.0,0.0,0.0,-0.0,-0.0,0.0,0.0,-0.0,-0.0,0.0,-0.0,,,,,
2023-12-19,0.0,0.0,0.0,0.0,0.0,-0.0,-0.0,0.0,0.0,200.0,0.0,0.0,0.0,0.0,-0.0,-0.0,0.0,0.0,-0.0,-0.0,0.0,-0.0,,,,,
2023-12-20,0.0,0.0,0.0,0.0,0.0,-0.0,-0.0,0.0,0.0,200.0,0.0,0.0,0.0,0.0,-0.0,-0.0,0.0,0.0,-0.0,-0.0,0.0,-0.0,,,,,
2023-12-21,0.0,0.0,0.0,0.0,0.0,-0.0,-0.0,0.0,0.0,200.0,0.0,0.0,0.0,0.0,-0.0,-0.0,0.0,0.0,-0.0,-0.0,0.0,-0.0,,,,,
2023-12-22,0.0,0.0,0.0,0.0,0.0,-0.0,-0.0,0.0,0.0,200.0,0.0,0.0,0.0,0.0,-0.0,-0.0,0.0,0.0,-0.0,-0.0,0.0,-0.0,,,,,
2023-12-25,0.0,0.0,0.0,0.0,0.0,-0.0,-0.0,0.0,0.0,200.0,0.0,0.0,0.0,0.0,-0.0,-0.0,0.0,0.0,-0.0,-0.0,0.0,-0.0,,,,,
2023-12-26,0.0,0.0,0.0,0.0,0.0,-0.0,-0.0,0.0,0.0,200.0,0.0,0.0,0.0,0.0,-0.0,-0.0,0.0,0.0,-0.0,-0.0,0.0,-0.0,,,,,
2023-12-27,0.0,0.0,0.0,0.0,0.0,-0.0,-0.0,0.0,0.0,200.0,0.0,0.0,0.0,0.0,-0.0,-0.0,0.0,0.0,-0.0,-0.0,0.0,-0.0,,,,,
2023-12-28,0.0,0.0,0.0,0.0,0.0,-0.0,-0.0,0.0,0.0,200.0,0.0,0.0,0.0,0.0,-0.0,-0.0,0.0,0.0,-0.0,-0.0,0.0,-0.0,,,,,
2023-12-29,0.0,0.0,0.0,0.0,0.0,-0.0,-0.0,0.0,0.0,200.0,0.0,0.0,0.0,0.0,-0.0,-0.0,0.0,0.0,-0.0,-0.0,0.0,-0.0,,,,,
2024-01-02,0.0,0.0,0.0,0.0,0.0,-0.0,-0.0,0.0,0.0,200.0,0.0,0.0,0.0,0.0,-0.0,-0.0,0.0,0.0,-0.0,-0.0,0.0,-0.0,,,,,
2024-01-03,0.0,0.0,0.0,0.0,0.0,-0.0,-0.0,0.0,0.0,200.0,0.0,0.0,0.0,0.0,-0.0,-0.0,0.0,0.0,-0.0,-0.0,0.0,-0.0,,,,,
2024-01-04,0.0,0.0,0.0,0.0,0.0,-0.0,-0.0,0.0,0.0,200.0,0.0,0.0,0.0,0.0,-0.0,-0.0,0.0,0.0,-0.0,-0.0,0.0,-0.0,,,,,
2024-01-05,0.0,0.0,0.0,0.0,0.0,-0.0,-0.0,0.0,0.0,200.0,0.0,0.0,0.0,0.0,-0.0,-0.0,0.0,0.0,-0.0,-0.0,0.0,-0.0,,,,,
2024-01-08,0.0,0.0,0.0,0.0,0.0,-0.0,-0.0,0.0,0.0,200.0,0.0,0.0,0.0,0.0,-0.0,-0.0,0.0,0.0,-0.0,-0.0,0.0,-0.0,,,,,
2024-01-09,0.0,0.0,0.0,0.0,0.0,-0.0,-0.0,0.0,0.0,200.0,0.0,0.0,0.0,0.0,-0.0,-0.0,0.0,0.0,-0.0,-0.0,0.0,-0.0,,,,,
2024-01-10,0.0,0.0,0.0,0.0,0.0,-0.0,-0.0,0.0,0.0,200.0,0.0,0.0,0.0,0.0,-0.0,-0.0,0.0,0.0,-0.0,-0.0,0.0,-0.0,,,,,
2024-01-11,0.0,0.0,0.0,0.0,0.0,-0.0,-0.0,0.0,0.0,200.0,0.0,0.0,0.0,0.0,-0.0,-0.0,0.0,0.0,-0.0,-0.0,0.0,-0.0,,,,,
2024-01-12,0.0,0.0,0.0,0.0,0.0,-0.0,-0.0,0.0,0.0,200.0,0.0,0.0,0.0,0.0,-0.0,-0.0,0.0,0.0,-0.0,-0.0,0.0,-0.0,,,,,
2024-01-15,0.0,0.0,0.0,0.0,0.0,-0.0,-0.0,0.0,0.0,200.0,0.0,0.0,0.0,0.0,-0.0,-0.0,0.0,0.0,-0.0,-0.0,0.0,-0.0,,,,,
2024-01-16,0.0,0.0,0.0,0.0,0.0,-0.0,-0.0,0.0,0.0,200.0,0.0,0.0,0.0,0.0,-0.0,-0.0,0.0,0.0,-0.0,-0.0,0.0,-0.0,,,,,
2024-01-17,0.0,0.0,0.0,0.0,0.0,-0.0,-0.0,0.0,0.0,200.0,0.0,0.0,0.0,0.0,-0.0,-0.0,0.0,0.0,-0.0,-0.0,0.0,-0.0,,,,,
2024-01-18,0.0,0.0,0.0,0.0,0.0,-0.0,-0.0,0.0,0.0,200.0,0.0,0.0,0.0,0.0,-0.0,-0.0,0.0,0.0,-0.0,-0.0,0.0,-0.0,,,,,
2024-01-19,0.0,0.0,0.0,0.0,0.0,-0.0,-0.0,0.0,0.0,200.0,0.0,0.0,0.0,0.0,-0.0,-0.0,0.0,0.0,-0.0,-0.0,0.0,-0.0,,,,,
2024-01-22,0.0,0.0,0.0,0.0,0.0,-0.0,-0.0,0.0,0.0,200.0,0.0,0.0,0.0,0.0,-0.0,-0.0,0.0,0.0,-0.0,-0.0,0.0,-0.0,,,,,
2024-01-23,0.0,0.0,0.0,0.0,0.0,-0.0,-0.0,0.0,0.0,200.0,0.0,0.0,0.0,0.0,-0.0,-0.0,0.0,0.0,-0.0,-0.0,0.0,-0.0,,,,,
2024-01-24,0.0,0.0,0.0,0.0,0.0,-0.0,-0.0,0.0,0.0,200.0,0.0,0.0,0.0,0.0,-0.0,-0.0,0.0,0.0,-0.0,-0.0,0.0,-0.0,,,,,
2024-01-25,0.0,0.0,0.0,0.0,0.0,-0.0,-0.0,0.0,0.0,200.0,0.0,0.0,0.0,0.0,-0.0,-0.0,0.0,0.0,-0.0,-0.0,0.0,-0.0,,,,,
2024-01-26,0.0,0.0,0.0,0.0,0.0,-0.0,-0.0,0.0,0.0,200.0,0.0,0.0,0.0,0.0,-0.0,-0.0,0.0,0.0,-0.0,-0.0,0.0,-0.0,,,,,
2024-01-29,0.0,0.0,0.0,0.0,0.0,-0.0,-0.0,0.0,0.0,200.0,0.0,0.0,0.0,0.0,-0.0,-0.0,0.0,0.0,-0.0,-0.0,0.0,-0.0,,,,,
2024-01-30,0.0,0.0,0.0,0.0,0.0,-0.0,-0.0,0.0,0.0,200.0,0.0,0.0,0.0,0.0,-0.0,-0.0,0.0,0.0,-0.0,-0.0,0.0,-0.0,,,,,
2024-01-31,0.0,0.0,0.0,0.0,0.0,-0.0,-0.0,0.0,0.0,200.0,0.0,0.0,0.0,0.0,-0.0,-0.0,0.0,0.0,-0.0,-0.0,0.0,-0.0,,,,,
2024-02-01,0.0,0.0,0.0,0.0,0.0,-0.0,-0.0,0.0,0.0,200.0,0.0,0.0,0.0,0.0,-0.0,-0.0,0.0,0.0,-0.0,-0.0,0.0,-0.0,,,,,
2024-02-02,0.0,0.0,0.0,0.0,0.0,-0.0,-0.0,0.0,0.0,200.0,0.0,0.0,0.0,0.0,-0.0,-0.0,0.0,0.0,-0.0,-0.0,0.0,-0.0,,,,,
2024-02-05,0.0,0.0,0.0,0.0,0.0,-0.0,-0.0,0.0,0.0,200.0,0.0,0.0,0.0,0.0,-0.0,-0.0,0.0,0.0,-0.0,-0.0,0.0,-0.0,,,,,
2024-02-06,0.0,0.0,0.0,0.0,0.0,-0.0,-0.0,0.0,0.0,200.0,0.0,0.0,0.0,0.0,-0.0,-0.0,0.0,0.0,-0.0,-0.0,0.0,-0.0,,,,,
2024-02-07,0.0,0.0,0.0,0.0,0.0,-0.0,-0.0,0.0,0.0,200.0,0.0,0.0,0.0,0.0,-0.0,-0.0,0.0,0.0,-0.0,-0.0,0.0,-0.0,,,,,
2024-02-08,0.0,0.0,0.0,0.0,0.0,-0.0,-0.0,0.0,0.0,200.0,0.0,0.0,0.0,0.0,-0.0,-0.0,0.0,0.0,-0.0,-0.0,0.0,-0.0,,,,,
2024-02-19,0.0,0.0,0.0,0.0,0.0,-0.0,-0.0,0.0,0.0,200.0,0.0,0.0,0.0,0.0,-0.0,-0.0,0.0,0.0,-0.0,-0.0,0.0,-0.0,,,,,
2024-02-20,0.0,0.0,0.0,0.0,0.0,-0.0,-0.0,0.0,0.0,200.0,0.0,0.0,0.0,0.0,-0.0,-0.0,0.0,0.0,-0.0,-0.0,0.0,-0.0,,,,,
2024-02-21,0.0,0.0,0.0,0.0,0.0,-0.0,-0.0,0.0,0.0,200.0,0.0,0.0,0.0,0.0,-0.0,-0.0,0.0,0.0,-0.0,-0.0,0.0,-0.0,,,,,
2024-02-22,0.0,0.0,0.0,0.0,0.0,-0.0,-0.0,0.0,0.0,200.0,0.0,0.0,0.0,0.0,-0.0,-0.0,0.0,0.0,-0.0,-0.0,0.0,-0.0,,,,,
2024-02-23,0.0,0.0,0.0,0.0,0.0,-0.0,-0.0,0.0,0.0,200.0,0.0,0.0,0.0,0.0,-0.0,-0.0,0.0,0.0,-0.0,-0.0,0.0,-0.0,,,,,
2024-02-26,0.0,0.0,0.0,0.0,0.0,-0.0,-0.0,0.0,0.0,200.0,0.0,0.0,0.0,0.0,-0.0,-0.0,0.0,0.0,-0.0,-0.0,0.0,-0.0,,,,,
2024-02-27,0.0,0.0,0.0,0.0,0.0,-0.0,-0.0,0.0,0.0,200.0,0.0,0.0,0.0,0.0,-0.0,-0.0,0.0,0.0,-0.0,-0.0,0.0,-0.0,,,,,
2024-02-28,0.0,0.0,0.0,0.0,0.0,-0.0,-0.0,0.0,0.0,200.0,0.0,0.0,0.0,0.0,-0.0,-0.0,0.0,0.0,-0.0,-0.0,0.0,-0.0,,,,,
2024-02-29,0.0,0.0,0.0,0.0,0.0,-0.0,-0.0,0.0,0.0,200.0,0.0,0.0,0.0,0.0,-0.0,-0.0,0.0,0.0,-0.0,-0.0,0.0,-0.0,,,,,
2024-03-01,0.0,0.0,0.0,0.0,0.0,-0.0,-0.0,0.0,0.0,200.0,0.0,0.0,0.0,0.0,-0.0,-0.0,0.0,0.0,-0.0,-0.0,0.0,-0.0,,,,,
2024-03-04,0.0,0.0,0.0,0.0,0.0,-0.0,-0.0,0.0,0.0,200.0,0.0,0.0,0.0,0.0,-0.0,-0.0,0.0,0.0,-0.0,-0.0,0.0,-0.0,,,,,
2024-03-05,0.0,0.0,0.0,0.0,0.0,-0.0,-0.0,0.0,0.0,200.0,0.0,0.0,0.0,0.0,-0.0,-0.0,0.0,0.0,-0.0,-0.0,0.0,-0.0,,,,,
2024-03-06,0.0,0.0,0.0,0.0,0.0,-0.0,-0.0,0.0,0.0,200.0,0.0,0.0,0.0,0.0,-0.0,-0.0,0.0,0.0,-0.0,-0.0,0.0,-0.0,,,,,
2024-03-07,0.0,0.0,0.0,0.0,0.0,-0.0,-0.0,0.0,0.0,200.0,0.0,0.0,0.0,0.0,-0.0,-0.0,0.0,0.0,-0.0,-0.0,0.0,-0.0,,,,,
2024-03-08,0.0,0.0,0.0,0.0,0.0,-0.0,-0.0,0.0,0.0,200.0,0.0,0.0,0.0,0.0,-0.0,-0.0,0.0,0.0,-0.0,-0.0,0.0,-0.0,,,,,
2024-03-11,0.0,0.0,0.0,0.0,0.0,-0.0,-0.0,0.0,0.0,200.0,0.0,0.0,0.0,0.0,-0.0,-0.0,0.0,0.0,-0.0,-0.0,0.0,-0.0,,,,,
2024-03-12,0.0,0.0,0.0,0.0,0.0,-0.0,-0.0,0.0,0.0,200.0,0.0,0.0,0.0,0.0,-0.0,-0.0,0.0,0.0,-0.0,-0.0,0.0,-0.0,,,,,
2024-03-13,0.0,0.0,0.0,0.0,0.0,-0.0,-0.0,0.0,0.0,200.0,0.0,0.0,0.0,0.0,-0.0,-0.0,0.0,0.0,-0.0,-0.0,0.0,-0.0,,,,,
2024-03-14,0.0,0.0,0.0,0.0,0.0,-0.0,-0.0,0.0,0.0,200.0,0.0,0.0,0.0,0.0,-0.0,-0.0,0.0,0.0,-0.0,-0.0,0.0,-0.0,,,,,
2024-03-15,0.0,0.0,0.0,0.0,0.0,-0.0,-0.0,0.0,0.0,200.0,0.0,0.0,0.0,0.0,-0.0,-0.0,0.0,0.0,-0.0,-0.0,0.0,-0.0,,,,,
2024-03-18,0.0,0.0,0.0,0.0,0.0,-0.0,-0.0,0.0,0.0,200.0,0.0,0.0,0.0,0.0,-0.0,-0.0,0.0,0.0,-0.0,-0.0,0.0,-0.0,,,,,
2024-03-19,0.0,0.0,0.0,0.0,0.0,-0.0,-0.0,0.0,0.0,200.0,0.0,0.0,0.0,0.0,-0.0,-0.0,0.0,0.0,-0.0,-0.0,0.0,-0.0,,,,,
2024-03-20,0.0,0.0,0.0,0.0,0.0,-0.0,-0.0,0.0,0.0,200.0,0.0,0.0,0.0,0.0,-0.0,-0.0,0.0,0.0,-0.0,-0.0,0.0,-0.0,,,,,
2024-03-21,0.0,0.0,0.0,0.0,0.0,-0.0,-0.0,0.0,0.0,200.0,0.0,0.0,0.0,0.0,-0.0,-0.0,0.0,0.0,-0.0,-0.0,0.0,-0.0,,,,,
2024-03-22,0.0,0.0,0.0,0.0,0.0,-0.0,-0.0,0.0,0.0,200.0,0.0,0.0,0.0,0.0,-0.0,-0.0,0.0,0.0,-0.0,-0.0,0.0,-0.0,,,,,
2024-03-25,0.0,0.0,0.0,0.0,0.0,-0.0,-0.0,0.0,0.0,200.0,0.0,0.0,0.0,0.0,-0.0,-0.0,0.0,0.0,-0.0,-0.0,0.0,-0.0,,,,,
2024-03-26,0.0,0.0,0.0,0.0,0.0,-0.0,-0.0,0.0,0.0,200.0,0.0,0.0,0.0,0.0,-0.0,-0.0,0.0,0.0,-0.0,-0.0,0.0,-0.0,,,,,
2024-03-27,0.0,0.0,0.0,0.0,0.0,-0.0,-0.0,0.0,0.0,200.0,0.0,0.0,0.0,0.0,-0.0,-0.0,0.0,0.0,-0.0,-0.0,0.0,-0.0,,,,,
2024-03-28,0.0,0.0,0.0,0.0,0.0,-0.0,-0.0,0.0,0.0,200.0,0.0,0.0,0.0,0.0,-0.0,-0.0,0.0,0.0,-0.0,-0.0,0.0,-0.0,,,,,
2024-03-29,0.0,0.0,0.0,0.0,0.0,-0.0,-0.0,0.0,0.0,200.0,0.0,0.0,0.0,0.0,-0.0,-0.0,0.0,0.0,-0.0,-0.0,0.0,-0.0,,,,,
2024-04-01,0.0,0.0,0.0,0.0,0.0,-0.0,-0.0,0.0,0.0,200.0,0.0,0.0,0.0,0.0,-0.0,-0.0,0.0,0.0,-0.0,-0.0,0.0,-0.0,,,,,
2024-04-02,0.0,0.0,0.0,0.0,0.0,-0.0,-0.0,0.0,0.0,200.0,0.0,0.0,0.0,0.0,-0.0,-0.0,0.0,0.0,-0.0,-0.0,0.0,-0.0,,,,,
2024-04-03,0.0,0.0,0.0,0.0,0.0,-0.0,-0.0,0.0,0.0,200.0,0.0,0.0,0.0,0.0,-0.0,-0.0,0.0,0.0,-0.0,-0.0,0.0,-0.0,,,,,
2024-04-08,0.0,0.0,0.0,0.0,0.0,-0.0,-0.0,0.0,0.0,200.0,0.0,0.0,0.0,0.0,-0.0,-0.0,0.0,0.0,-0.0,-0.0,0.0,-0.0,,,,,
2024-04-09,0.0,0.0,0.0,0.0,0.0,-0.0,-0.0,0.0,0.0,200.0,0.0,0.0,0.0,0.0,-0.0,-0.0,0.0,0.0,-0.0,-0.0,0.0,-0.0,,,,,
2024-04-10,0.0,0.0,0.0,0.0,0.0,-0.0,-0.0,0.0,0.0,200.0,0.0,0.0,0.0,0.0,-0.0,-0.0,0.0,0.0,-0.0,-0.0,0.0,-0.0,,,,,
2024-04-11,0.0,0.0,0.0,0.0,0.0,-0.0,-0.0,0.0,0.0,200.0,0.0,0.0,0.0,0.0,-0.0,-0.0,0.0,0.0,-0.0,-0.0,0.0,-0.0,,,,,
2024-04-12,0.0,0.0,0.0,0.0,0.0,-0.0,-0.0,0.0,0.0,200.0,0.0,0.0,0.0,0.0,-0.0,-0.0,0.0,0.0,-0.0,-0.0,0.0,-0.0,,,,,
2024-04-15,0.0,0.0,0.0,0.0,0.0,-0.0,-0.0,0.0,0.0,200.0,0.0,0.0,0.0,0.0,-0.0,-0.0,0.0,0.0,-0.0,-0.0,0.0,-0.0,,,,,
2024-04-16,0.0,0.0,0.0,0.0,0.0,-0.0,-0.0,0.0,0.0,200.0,0.0,0.0,0.0,0.0,-0.0,-0.0,0.0,0.0,-0.0,-0.0,0.0,-0.0,,,,,
2024-04-17,0.0,0.0,0.0,0.0,0.0,-0.0,-0.0,0.0,0.0,200.0,0.0,0.0,0.0,0.0,-0.0,-0.0,0.0,0.0,-0.0,-0.0,0.0,-0.0,,,,,
2024-04-18,0.0,0.0,0.0,0.0,0.0,-0.0,-0.0,0.0,0.0,200.0,0.0,0.0,0.0,0.0,-0.0,-0.0,0.0,0.0,-0.0,-0.0,0.0,-0.0,,,,,
2024-04-19,0.0,0.0,0.0,0.0,0.0,-0.0,-0.0,0.0,0.0,200.0,0.0,0.0,0.0,0.0,-0.0,-0.0,0.0,0.0,-0.0,-0.0,0.0,-0.0,,,,,
2024-04-22,0.0,0.0,0.0,0.0,0.0,-0.0,-0.0,0.0,0.0,200.0,0.0,0.0,0.0,0.0,-0.0,-0.0,0.0,0.0,-0.0,-0.0,0.0,-0.0,,,,,
2024-04-23,0.0,0.0,0.0,0.0,0.0,-0.0,-0.0,0.0,0.0,200.0,0.0,0.0,0.0,0.0,-0.0,-0.0,0.0,0.0,-0.0,-0.0,0.0,-0.0,,,,,
2024-04-24,0.0,0.0,0.0,0.0,0.0,-0.0,-0.0,0.0,0.0,200.0,0.0,0.0,0.0,0.0,-0.0,-0.0,0.0,0.0,-0.0,-0.0,0.0,-0.0,,,,,
2024-04-25,0.0,0.0,0.0,0.0,0.0,-0.0,-0.0,0.0,0.0,200.0,0.0,0.0,0.0,0.0,-0.0,-0.0,0.0,0.0,-0.0,-0.0,0.0,-0.0,,,,,
2024-04-26,0.0,0.0,0.0,0.0,0.0,-0.0,-0.0,0.0,0.0,200.0,0.0,0.0,0.0,0.0,-0.0,-0.0,0.0,0.0,-0.0,-0.0,0.0,-0.0,,,,,
2024-04-29,0.0,0.0,0.0,0.0,0.0,-0.0,-0.0,0.0,0.0,200.0,0.0,0.0,0.0,0.0,-0.0,-0.0,0.0,0.0,-0.0,-0.0,0.0,-0.0,,,,,
2024-04-30,0.0,0.0,0.0,0.0,0.0,-0.0,-0.0,0.0,0.0,200.0,0.0,0.0,0.0,0.0,-0.0,-0.0,0.0,0.0,-0.0,-0.0,0.0,-0.0,,,,,
2024-05-06,0.0,0.0,0.0,0.0,0.0,-0.0,-0.0,0.0,0.0,200.0,0.0,0.0,0.0,0.0,-0.0,-0.0,0.0,0.0,-0.0,-0.0,0.0,-0.0,,,,,
2024-05-07,0.0,0.0,0.0,0.0,0.0,-0.0,-0.0,0.0,0.0,200.0,0.0,0.0,0.0,0.0,-0.0,-0.0,0.0,0.0,-0.0,-0.0,0.0,-0.0,,,,,
2024-05-08,0.0,0.0,0.0,0.0,0.0,-0.0,-0.0,0.0,0.0,200.0,0.0,0.0,0.0,0.0,-0.0,-0.0,0.0,0.0,-0.0,-0.0,0.0,-0.0,,,,,
2024-05-09,0.0,0.0,0.0,0.0,0.0,-0.0,-0.0,0.0,0.0,200.0,0.0,0.0,0.0,0.0,-0.0,-0.0,0.0,0.0,-0.0,-0.0,0.0,-0.0,,,,,
2024-05-10,0.0,0.0,0.0,0.0,0.0,-0.0,-0.0,0.0,0.0,200.0,0.0,0.0,0.0,0.0,-0.0,-0.0,0.0,0.0,-0.0,-0.0,0.0,-0.0,,,,,
2024-05-13,0.0,0.0,0.0,0.0,0.0,-0.0,-0.0,0.0,0.0,200.0,0.0,0.0,0.0,0.0,-0.0,-0.0,0.0,0.0,-0.0,-0.0,0.0,-0.0,,,,,
2024-05-14,0.0,0.0,0.0,0.0,0.0,-0.0,-0.0,0.0,0.0,200.0,0.0,0.0,0.0,0.0,-0.0,-0.0,0.0,0.0,-0.0,-0.0,0.0,-0.0,,,,,
2024-05-15,0.0,0.0,0.0,0.0,0.0,-0.0,-0.0,0.0,0.0,200.0,0.0,0.0,0.0,0.0,-0.0,-0.0,0.0,0.0,-0.0,-0.0,0.0,-0.0,,,,,
2024-05-16,0.0,0.0,0.0,0.0,0.0,-0.0,-0.0,0.0,0.0,200.0,0.0,0.0,0.0,0.0,-0.0,-0.0,0.0,0.0,-0.0,-0.0,0.0,-0.0,,,,,
2024-05-17,0.0,0.0,0.0,0.0,0.0,-0.0,-0.0,0.0,0.0,200.0,0.0,0.0,0.0,0.0,-0.0,-0.0,0.0,0.0,-0.0,-0.0,0.0,-0.0,,,,,
2024-05-20,0.0,0.0,0.0,0.0,0.0,-0.0,-0.0,0.0,0.0,200.0,0.0,0.0,0.0,0.0,-0.0,-0.0,0.0,0.0,-0.0,-0.0,0.0,-0.0,,,,,
2024-05-21,0.0,0.0,0.0,0.0,0.0,-0.0,-0.0,0.0,0.0,200.0,0.0,0.0,0.0,0.0,-0.0,-0.0,0.0,0.0,-0.0,-0.0,0.0,-0.0,,,,,
2024-05-22,0.0,0.0,0.0,0.0,0.0,-0.0,-0.0,0.0,0.0,200.0,0.0,0.0,0.0,0.0,-0.0,-0.0,0.0,0.0,-0.0,-0.0,0.0,-0.0,,,,,
2024-05-23,0.0,0.0,0.0,0.0,0.0,-0.0,-0.0,0.0,0.0,200.0,0.0,0.0,0.0,0.0,-0.0,-0.0,0.0,0.0,-0.0,-0.0,0.0,-0.0,,,,,
2024-05-24,0.0,0.0,0.0,0.0,0.0,-0.0,-0.0,0.0,0.0,200.0,0.0,0.0,0.0,0.0,-0.0,-0.0,0.0,0.0,-0.0,-0.0,0.0,-0.0,,,,,
2024-05-27,0.0,0.0,0.0,0.0,0.0,-0.0,-0.0,0.0,0.0,200.0,0.0,0.0,0.0,0.0,-0.0,-0.0,0.0,0.0,-0.0,-0.0,0.0,-0.0,,,,,
2024-05-28,0.0,0.0,0.0,0.0,0.0,-0.0,-0.0,0.0,0.0,200.0,0.0,0.0,0.0,0.0,-0.0,-0.0,0.0,0.0,-0.0,-0.0,0.0,-0.0,,,,,
2024-05-29,0.0,0.0,0.0,0.0,0.0,-0.0,-0.0,0.0,0.0,200.0,0.0,0.0,0.0,0.0,-0.0,-0.0,0.0,0.0,-0.0,-0.0,0.0,-0.0,,,,,
2024-05-30,0.0,0.0,0.0,0.0,0.0,-0.0,-0.0,0.0,0.0,200.0,0.0,0.0,0.0,0.0,-0.0,-0.0,0.0,0.0,-0.0,-0.0,0.0,-0.0,,,,,
2024-05-31,0.0,0.0,0.0,0.0,0.0,-0.0,-0.0,0.0,0.0,200.0,0.0,0.0,0.0,0.0,-0.0,-0.0,0.0,0.0,-0.0,-0.0,0.0,-0.0,,,,,
2024-06-03,0.0,0.0,0.0,0.0,0.0,-0.0,-0.0,0.0,0.0,200.0,0.0,0.0,0.0,0.0,-0.0,-0.0,0.0,0.0,-0.0,-0.0,0.0,-0.0,,,,,
2024-06-04,0.0,0.0,0.0,0.0,0.0,-0.0,-0.0,0.0,0.0,200.0,0.0,0.0,0.0,0.0,-0.0,-0.0,0.0,0.0,-0.0,-0.0,0.0,-0.0,,,,,
2024-06-05,0.0,0.0,0.0,0.0,0.0,-0.0,-0.0,0.0,0.0,200.0,0.0,0.0,0.0,0.0,-0.0,-0.0,0.0,0.0,-0.0,-0.0,0.0,-0.0,,,,,
2024-06-06,0.0,0.0,0.0,0.0,0.0,-0.0,-0.0,0.0,0.0,200.0,0.0,0.0,0.0,0.0,-0.0,-0.0,0.0,0.0,-0.0,-0.0,0.0,-0.0,,,,,
2024-06-07,0.0,0.0,0.0,0.0,0.0,-0.0,-0.0,0.0,0.0,200.0,0.0,0.0,0.0,0.0,-0.0,-0.0,0.0,0.0,-0.0,-0.0,0.0,-0.0,,,,,
2024-06-11,0.0,0.0,0.0,0.0,0.0,-0.0,-0.0,0.0,0.0,200.0,0.0,0.0,0.0,0.0,-0.0,-0.0,0.0,0.0,-0.0,-0.0,0.0,-0.0,,,,,
2024-06-12,0.0,0.0,0.0,0.0,0.0,-0.0,-0.0,0.0,0.0,200.0,0.0,0.0,0.0,0.0,-0.0,-0.0,0.0,0.0,-0.0,-0.0,0.0,-0.0,,,,,
2024-06-13,0.0,0.0,0.0,0.0,0.0,-0.0,-0.0,0.0,0.0,200.0,0.0,0.0,0.0,0.0,-0.0,-0.0,0.0,0.0,-0.0,-0.0,0.0,-0.0,,,,,
2024-06-14,0.0,0.0,0.0,0.0,0.0,-0.0,-0.0,0.0,0.0,200.0,0.0,0.0,0.0,0.0,-0.0,-0.0,0.0,0.0,-0.0,-0.0,0.0,-0.0,,,,,
2024-06-17,0.0,0.0,0.0,0.0,0.0,-0.0,-0.0,0.0,0.0,200.0,0.0,0.0,0.0,0.0,-0.0,-0.0,0.0,0.0,-0.0,-0.0,0.0,-0.0,,,,,
2024-06-18,0.0,0.0,0.0,0.0,0.0,-0.0,-0.0,0.0,0.0,200.0,0.0,0.0,0.0,0.0,-0.0,-0.0,0.0,0.0,-0.0,-0.0,0.0,-0.0,,,,,
2024-06-19,0.0,0.0,0.0,0.0,0.0,-0.0,-0.0,0.0,0.0,200.0,0.0,0.0,0.0,0.0,-0.0,-0.0,0.0,0.0,-0.0,-0.0,0.0,-0.0,,,,,
2024-06-20,0.0,0.0,0.0,0.0,0.0,-0.0,-0.0,0.0,0.0,200.0,0.0,0.0,0.0,0.0,-0.0,-0.0,0.0,0.0,-0.0,-0.0,0.0,-0.0,,,,,
2024-06-21,0.0,0.0,0.0,0.0,0.0,-0.0,-0.0,0.0,0.0,200.0,0.0,0.0,0.0,0.0,-0.0,-0.0,0.0,0.0,-0.0,-0.0,0.0,-0.0,,,,,
2024-06-24,0.0,0.0,0.0,0.0,0.0,-0.0,-0.0,0.0,0.0,200.0,0.0,0.0,0.0,0.0,-0.0,-0.0,0.0,0.0,-0.0,-0.0,0.0,-0.0,,,,,
2024-06-25,0.0,0.0,0.0,0.0,0.0,-0.0,-0.0,0.0,0.0,200.0,0.0,0.0,0.0,0.0,-0.0,-0.0,0.0,0.0,-0.0,-0.0,0.0,-0.0,,,,,
2024-06-26,0.0,0.0,0.0,0.0,0.0,-0.0,-0.0,0.0,0.0,200.0,0.0,0.0,0.0,0.0,-0.0,-0.0,0.0,0.0,-0.0,-0.0,0.0,-0.0,,,,,
2024-06-27,0.0,0.0,0.0,0.0,0.0,-0.0,-0.0,0.0,0.0,200.0,0.0,0.0,0.0,0.0,-0.0,-0.0,0.0,0.0,-0.0,-0.0,0.0,-0.0,,,,,
2024-06-28,0.0,0.0,0.0,0.0,0.0,-0.0,-0.0,0.0,0.0,200.0,0.0,0.0,0.0,0.0,-0.0,-0.0,0.0,0.0,-0.0,-0.0,0.0,-0.0,,,,,
2024-07-01,0.0,0.0,0.0,0.0,0.0,-0.0,-0.0,0.0,0.0,200.0,0.0,0.0,0.0,0.0,-0.0,-0.0,0.0,0.0,-0.0,-0.0,0.0,-0.0,,,,,
2024-07-02,0.0,0.0,0.0,0.0,0.0,-0.0,-0.0,0.0,0.0,200.0,0.0,0.0,0.0,0.0,-0.0,-0.0,0.0,0.0,-0.0,-0.0,0.0,-0.0,,,,,
2024-07-03,0.0,0.0,0.0,0.0,0.0,-0.0,-0.0,0.0,0.0,200.0,0.0,0.0,0.0,0.0,-0.0,-0.0,0.0,0.0,-0.0,-0.0,0.0,-0.0,,,,,
2024-07-04,0.0,0.0,0.0,0.0,0.0,-0.0,-0.0,0.0,0.0,200.0,0.0,0.0,0.0,0.0,-0.0,-0.0,0.0,0.0,-0.0,-0.0,0.0,-0.0,,,,,
2024-07-05,0.0,0.0,0.0,0.0,0.0,-0.0,-0.0,0.0,0.0,200.0,0.0,0.0,0.0,0.0,-0.0,-0.0,0.0,0.0,-0.0,-0.0,0.0,-0.0,,,,,
2024-07-08,0.0,0.0,0.0,0.0,0.0,-0.0,-0.0,0.0,0.0,200.0,0.0,0.0,0.0,0.0,-0.0,-0.0,0.0,0.0,-0.0,-0.0,0.0,-0.0,,,,,
2024-07-09,0.0,0.0,0.0,0.0,0.0,-0.0,-0.0,0.0,0.0,200.0,0.0,0.0,0.0,0.0,-0.0,-0.0,0.0,0.0,-0.0,-0.0,0.0,-0.0,,,,,
2024-07-10,0.0,0.0,0.0,0.0,0.0,-0.0,-0.0,0.0,0.0,200.0,0.0,0.0,0.0,0.0,-0.0,-0.0,0.0,0.0,-0.0,-0.0,0.0,-0.0,,,,,
2024-07-11,0.0,0.0,0.0,0.0,0.0,-0.0,-0.0,0.0,0.0,200.0,0.0,0.0,0.0,0.0,-0.0,-0.0,0.0,0.0,-0.0,-0.0,0.0,-0.0,,,,,
2024-07-12,0.0,0.0,0.0,0.0,0.0,-0.0,-0.0,0.0,0.0,200.0,0.0,0.0,0.0,0.0,-0.0,-0.0,0.0,0.0,-0.0,-0.0,0.0,-0.0,,,,,
2024-07-15,0.0,0.0,0.0,0.0,0.0,-0.0,-0.0,0.0,0.0,200.0,0.0,0.0,0.0,0.0,-0.0,-0.0,0.0,0.0,-0.0,-0.0,0.0,-0.0,,,,,
2024-07-16,0.0,0.0,0.0,0.0,0.0,-0.0,-0.0,0.0,0.0,200.0,0.0,0.0,0.0,0.0,-0.0,-0.0,0.0,0.0,-0.0,-0.0,0.0,-0.0,,,,,
2024-07-17,0.0,0.0,0.0,0.0,0.0,-0.0,-0.0,0.0,0.0,200.0,0.0,0.0,0.0,0.0,-0.0,-0.0,0.0,0.0,-0.0,-0.0,0.0,-0.0,,,,,
2024-07-18,0.0,0.0,0.0,0.0,0.0,-0.0,-0.0,0.0,0.0,200.0,0.0,0.0,0.0,0.0,-0.0,-0.0,0.0,0.0,-0.0,-0.0,0.0,-0.0,,,,,
2024-07-19,0.0,0.0,0.0,0.0,0.0,-0.0,-0.0,0.0,0.0,200.0,0.0,0.0,0.0,0.0,-0.0,-0.0,0.0,0.0,-0.0,-0.0,0.0,-0.0,,,,,
2024-07-22,0.0,0.0,0.0,0.0,0.0,-0.0,-0.0,0.0,0.0,200.0,0.0,0.0,0.0,0.0,-0.0,-0.0,0.0,0.0,-0.0,-0.0,0.0,-0.0,,,,,
2024-07-23,0.0,0.0,0.0,0.0,0.0,-0.0,-0.0,0.0,0.0,200.0,0.0,0.0,0.0,0.0,-0.0,-0.0,0.0,0.0,-0.0,-0.0,0.0,-0.0,,,,,
2024-07-24,0.0,0.0,0.0,0.0,0.0,-0.0,-0.0,0.0,0.0,200.0,0.0,0.0,0.0,0.0,-0.0,-0.0,0.0,0.0,-0.0,-0.0,0.0,-0.0,,,,,
2024-07-25,0.0,0.0,0.0,0.0,0.0,-0.0,-0.0,0.0,0.0,200.0,0.0,0.0,0.0,0.0,-0.0,-0.0,0.0,0.0,-0.0,-0.0,0.0,-0.0,,,,,
2024-07-26,0.0,0.0,0.0,0.0,0.0,-0.0,-0.0,0.0,0.0,200.0,0.0,0.0,0.0,0.0,-0.0,-0.0,0.0,0.0,-0.0,-0.0,0.0,-0.0,,,,,
2024-07-29,0.0,0.0,0.0,0.0,0.0,-0.0,-0.0,0.0,0.0,200.0,0.0,0.0,0.0,0.0,-0.0,-0.0,0.0,0.0,-0.0,-0.0,0.0,-0.0,,,,,
2024-07-30,0.0,0.0,0.0,0.0,0.0,-0.0,-0.0,0.0,0.0,200.0,0.0,0.0,0.0,0.0,-0.0,-0.0,0.0,0.0,-0.0,-0.0,0.0,-0.0,,,,,
2024-07-31,0.0,0.0,0.0,0.0,0.0,-0.0,-0.0,0.0,0.0,200.0,0.0,0.0,0.0,0.0,-0.0,-0.0,0.0,0.0,-0.0,-0.0,0.0,-0.0,,,,,
2024-08-01,0.0,0.0,0.0,0.0,0.0,-0.0,-0.0,0.0,0.0,200.0,0.0,0.0,0.0,0.0,-0.0,-0.0,0.0,0.0,-0.0,-0.0,0.0,-0.0,,,,,
2024-08-02,0.0,0.0,0.0,0.0,0.0,-0.0,-0.0,0.0,0.0,200.0,0.0,0.0,0.0,0.0,-0.0,-0.0,0.0,0.0,-0.0,-0.0,0.0,-0.0,,,,,
2024-08-05,0.0,0.0,0.0,0.0,0.0,-0.0,-0.0,0.0,0.0,200.0,0.0,0.0,0.0,0.0,-0.0,-0.0,0.0,0.0,-0.0,-0.0,0.0,-0.0,,,,,
2024-08-06,0.0,0.0,0.0,0.0,0.0,-0.0,-0.0,0.0,0.0,200.0,0.0,0.0,0.0,0.0,-0.0,-0.0,0.0,0.0,-0.0,-0.0,0.0,-0.0,,,,,
2024-08-07,0.0,0.0,0.0,0.0,0.0,-0.0,-0.0,0.0,0.0,200.0,0.0,0.0,0.0,0.0,-0.0,-0.0,0.0,0.0,-0.0,-0.0,0.0,-0.0,,,,,
2024-08-08,0.0,0.0,0.0,0.0,0.0,-0.0,-0.0,0.0,0.0,200.0,0.0,0.0,0.0,0.0,-0.0,-0.0,0.0,0.0,-0.0,-0.0,0.0,-0.0,,,,,
2024-08-09,0.0,0.0,0.0,0.0,0.0,-0.0,-0.0,0.0,0.0,200.0,0.0,0.0,0.0,0.0,-0.0,-0.0,0.0,0.0,-0.0,-0.0,0.0,-0.0,,,,,
2024-08-12,0.0,0.0,0.0,0.0,0.0,-0.0,-0.0,0.0,0.0,200.0,0.0,0.0,0.0,0.0,-0.0,-0.0,0.0,0.0,-0.0,-0.0,0.0,-0.0,,,,,
2024-08-13,0.0,0.0,0.0,0.0,0.0,-0.0,-0.0,0.0,0.0,200.0,0.0,0.0,0.0,0.0,-0.0,-0.0,0.0,0.0,-0.0,-0.0,0.0,-0.0,,,,,
2024-08-14,0.0,0.0,0.0,0.0,0.0,-0.0,-0.0,0.0,0.0,200.0,0.0,0.0,0.0,0.0,-0.0,-0.0,0.0,0.0,-0.0,-0.0,0.0,-0.0,,,,,
2024-08-15,0.0,0.0,0.0,0.0,0.0,-0.0,-0.0,0.0,0.0,200.0,0.0,0.0,0.0,0.0,-0.0,-0.0,0.0,0.0,-0.0,-0.0,0.0,-0.0,,,,,
2024-08-16,0.0,0.0,0.0,0.0,0.0,-0.0,-0.0,0.0,0.0,200.0,0.0,0.0,0.0,0.0,-0.0,-0.0,0.0,0.0,-0.0,-0.0,0.0,-0.0,,,,,
2024-08-19,0.0,0.0,0.0,0.0,0.0,-0.0,-0.0,0.0,0.0,200.0,0.0,0.0,0.0,0.0,-0.0,-0.0,0.0,0.0,-0.0,-0.0,0.0,-0.0,,,,,
2024-08-20,0.0,0.0,0.0,0.0,0.0,-0.0,-0.0,0.0,0.0,200.0,0.0,0.0,0.0,0.0,-0.0,-0.0,0.0,0.0,-0.0,-0.0,0.0,-0.0,,,,,
2024-08-21,0.0,0.0,0.0,0.0,0.0,-0.0,-0.0,0.0,0.0,200.0,0.0,0.0,0.0,0.0,-0.0,-0.0,0.0,0.0,-0.0,-0.0,0.0,-0.0,,,,,
2024-08-22,0.0,0.0,0.0,0.0,0.0,-0.0,-0.0,0.0,0.0,200.0,0.0,0.0,0.0,0.0,-0.0,-0.0,0.0,0.0,-0.0,-0.0,0.0,-0.0,,,,,
2024-08-23,0.0,0.0,0.0,0.0,0.0,-0.0,-0.0,0.0,0.0,200.0,0.0,0.0,0.0,0.0,-0.0,-0.0,0.0,0.0,-0.0,-0.0,0.0,-0.0,,,,,
2024-08-26,0.0,0.0,0.0,0.0,0.0,-0.0,-0.0,0.0,0.0,200.0,0.0,0.0,0.0,0.0,-0.0,-0.0,0.0,0.0,-0.0,-0.0,0.0,-0.0,,,,,
2024-08-27,0.0,0.0,0.0,0.0,0.0,-0.0,-0.0,0.0,0.0,200.0,0.0,0.0,0.0,0.0,-0.0,-0.0,0.0,0.0,-0.0,-0.0,0.0,-0.0,,,,,
2024-08-28,0.0,0.0,0.0,0.0,0.0,-0.0,-0.0,0.0,0.0,200.0,0.0,0.0,0.0,0.0,-0.0,-0.0,0.0,0.0,-0.0,-0.0,0.0,-0.0,,,,,
2024-08-29,0.0,0.0,0.0,0.0,0.0,-0.0,-0.0,0.0,0.0,200.0,0.0,0.0,0.0,0.0,-0.0,-0.0,0.0,0.0,-0.0,-0.0,0.0,-0.0,,,,,
2024-08-30,0.0,0.0,0.0,0.0,0.0,-0.0,-0.0,0.0,0.0,200.0,0.0,0.0,0.0,0.0,-0.0,-0.0,0.0,0.0,-0.0,-0.0,0.0,-0.0,,,,,
2024-09-02,0.0,0.0,0.0,0.0,0.0,-0.0,-0.0,0.0,0.0,200.0,0.0,0.0,0.0,0.0,-0.0,-0.0,0.0,0.0,-0.0,-0.0,0.0,-0.0,,,,,
2024-09-03,0.0,0.0,0.0,0.0,0.0,-0.0,-0.0,0.0,0.0,200.0,0.0,0.0,0.0,0.0,-0.0,-0.0,0.0,0.0,-0.0,-0.0,0.0,-0.0,,,,,
2024-09-04,0.0,0.0,0.0,0.0,0.0,-0.0,-0.0,0.0,0.0,200.0,0.0,0.0,0.0,0.0,-0.0,-0.0,0.0,0.0,-0.0,-0.0,0.0,-0.0,,,,,
2024-09-05,0.0,0.0,0.0,0.0,0.0,-0.0,-0.0,0.0,0.0,200.0,0.0,0.0,0.0,0.0,-0.0,-0.0,0.0,0.0,-0.0,-0.0,0.0,-0.0,,,,,
2024-09-06,0.0,0.0,0.0,0.0,0.0,-0.0,-0.0,0.0,0.0,200.0,0.0,0.0,0.0,0.0,-0.0,-0.0,0.0,0.0,-0.0,-0.0,0.0,-0.0,,,,,
2024-09-09,0.0,0.0,0.0,0.0,0.0,-0.0,-0.0,0.0,0.0,200.0,0.0,0.0,0.0,0.0,-0.0,-0.0,0.0,0.0,-0.0,-0.0,0.0,-0.0,,,,,
2024-09-10,0.0,0.0,0.0,0.0,0.0,-0.0,-0.0,0.0,0.0,200.0,0.0,0.0,0.0,0.0,-0.0,-0.0,0.0,0.0,-0.0,-0.0,0.0,-0.0,,,,,
2024-09-11,0.0,0.0,0.0,0.0,0.0,-0.0,-0.0,0.0,0.0,200.0,0.0,0.0,0.0,0.0,-0.0,-0.0,0.0,0.0,-0.0,-0.0,0.0,-0.0,,,,,
2024-09-12,0.0,0.0,0.0,0.0,0.0,-0.0,-0.0,0.0,0.0,200.0,0.0,0.0,0.0,0.0,-0.0,-0.0,0.0,0.0,-0.0,-0.0,0.0,-0.0,,,,,
2024-09-13,0.0,0.0,0.0,0.0,0.0,-0.0,-0.0,0.0,0.0,200.0,0.0,0.0,0.0,0.0,-0.0,-0.0,0.0,0.0,-0.0,-0.0,0.0,-0.0,,,,,
2024-09-18,0.0,0.0,0.0,0.0,0.0,-0.0,-0.0,0.0,0.0,200.0,0.0,0.0,0.0,0.0,-0.0,-0.0,0.0,0.0,-0.0,-0.0,0.0,-0.0,,,,,
2024-09-19,0.0,0.0,0.0,0.0,0.0,-0.0,-0.0,0.0,0.0,200.0,0.0,0.0,0.0,0.0,-0.0,-0.0,0.0,0.0,-0.0,-0.0,0.0,-0.0,,,,,
2024-09-20,0.0,0.0,0.0,0.0,0.0,-0.0,-0.0,0.0,0.0,200.0,0.0,0.0,0.0,0.0,-0.0,-0.0,0.0,0.0,-0.0,-0.0,0.0,-0.0,,,,,
2024-09-23,0.0,0.0,0.0,0.0,0.0,-0.0,-0.0,0.0,0.0,200.0,0.0,0.0,0.0,0.0,-0.0,-0.0,0.0,0.0,-0.0,-0.0,0.0,-0.0,,,,,
2024-09-24,0.0,0.0,0.0,0.0,0.0,-0.0,-0.0,0.0,0.0,200.0,0.0,0.0,0.0,0.0,-0.0,-0.0,0.0,0.0,-0.0,-0.0,0.0,-0.0,,,,,
2024-09-25,0.0,0.0,0.0,0.0,0.0,-0.0,-0.0,0.0,0.0,200.0,0.0,0.0,0.0,0.0,-0.0,-0.0,0.0,0.0,-0.0,-0.0,0.0,-0.0,,,,,
2024-09-26,0.0,0.0,0.0,0.0,0.0,-0.0,-0.0,0.0,0.0,200.0,0.0,0.0,0.0,0.0,-0.0,-0.0,0.0,0.0,-0.0,-0.0,0.0,-0.0,,,,,
2024-09-27,0.0,0.0,0.0,0.0,0.0,-0.0,-0.0,0.0,0.0,200.0,0.0,0.0,0.0,0.0,-0.0,-0.0,0.0,0.0,-0.0,-0.0,0.0,-0.0,,,,,
2024-09-30,0.0,0.0,0.0,0.0,0.0,-0.0,-0.0,0.0,0.0,200.0,0.0,0.0,0.0,0.0,-0.0,-0.0,0.0,0.0,-0.0,-0.0,0.0,-0.0,,,,,
2024-10-08,0.0,0.0,0.0,0.0,0.0,-0.0,-0.0,0.0,0.0,200.0,0.0,0.0,0.0,0.0,-0.0,-0.0,0.0,0.0,-0.0,-0.0,0.0,-0.0,,,,,
2024-10-09,0.0,0.0,0.0,0.0,0.0,-0.0,-0.0,0.0,0.0,200.0,0.0,0.0,0.0,0.0,-0.0,-0.0,0.0,0.0,-0.0,-0.0,0.0,-0.0,,,,,
2024-10-10,0.0,0.0,0.0,0.0,0.0,-0.0,-0.0,0.0,0.0,200.0,0.0,0.0,0.0,0.0,-0.0,-0.0,0.0,0.0,-0.0,-0.0,0.0,-0.0,,,,,
2024-10-11,0.0,0.0,0.0,0.0,0.0,-0.0,-0.0,0.0,0.0,200.0,0.0,0.0,0.0,0.0,-0.0,-0.0,0.0,0.0,-0.0,-0.0,0.0,-0.0,,,,,
2024-10-14,0.0,0.0,0.0,0.0,0.0,-0.0,-0.0,0.0,0.0,200.0,0.0,0.0,0.0,0.0,-0.0,-0.0,0.0,0.0,-0.0,-0.0,0.0,-0.0,,,,,
2024-10-15,0.0,0.0,0.0,0.0,0.0,-0.0,-0.0,0.0,0.0,200.0,0.0,0.0,0.0,0.0,-0.0,-0.0,0.0,0.0,-0.0,-0.0,0.0,-0.0,,,,,
2024-10-16,0.0,0.0,0.0,0.0,0.0,-0.0,-0.0,0.0,0.0,200.0,0.0,0.0,0.0,0.0,-0.0,-0.0,0.0,0.0,-0.0,-0.0,0.0,-0.0,,,,,
2024-10-17,0.0,0.0,0.0,0.0,0.0,-0.0,-0.0,0.0,0.0,200.0,0.0,0.0,0.0,0.0,-0.0,-0.0,0.0,0.0,-0.0,-0.0,0.0,-0.0,,,,,
2024-10-18,0.0,0.0,0.0,0.0,0.0,-0.0,-0.0,0.0,0.0,200.0,0.0,0.0,0.0,0.0,-0.0,-0.0,0.0,0.0,-0.0,-0.0,0.0,-0.0,,,,,
2024-10-21,0.0,0.0,0.0,0.0,0.0,-0.0,-0.0,0.0,0.0,200.0,0.0,0.0,0.0,0.0,-0.0,-0.0,0.0,0.0,-0.0,-0.0,0.0,-0.0,,,,,
2024-10-22,0.0,0.0,0.0,0.0,0.0,-0.0,-0.0,0.0,0.0,200.0,0.0,0.0,0.0,0.0,-0.0,-0.0,0.0,0.0,-0.0,-0.0,0.0,-0.0,,,,,
2024-10-23,0.0,0.0,0.0,0.0,0.0,-0.0,-0.0,0.0,0.0,200.0,0.0,0.0,0.0,0.0,-0.0,-0.0,0.0,0.0,-0.0,-0.0,0.0,-0.0,,,,,
2024-10-24,0.0,0.0,0.0,0.0,0.0,-0.0,-0.0,0.0,0.0,200.0,0.0,0.0,0.0,0.0,-0.0,-0.0,0.0,0.0,-0.0,-0.0,0.0,-0.0,,,,,
2024-10-25,0.0,0.0,0.0,0.0,0.0,-0.0,-0.0,0.0,0.0,200.0,0.0,0.0,0.0,0.0,-0.0,-0.0,0.0,0.0,-0.0,-0.0,0.0,-0.0,,,,,
2024-10-28,0.0,0.0,0.0,0.0,0.0,-0.0,-0.0,0.0,0.0,200.0,0.0,0.0,0.0,0.0,-0.0,-0.0,0.0,0.0,-0.0,-0.0,0.0,-0.0,,,,,
2024-10-29,0.0,0.0,0.0,0.0,0.0,-0.0,-0.0,0.0,0.0,200.0,0.0,0.0,0.0,0.0,-0.0,-0.0,0.0,0.0,-0.0,-0.0,0.0,-0.0,,,,,
2024-10-30,0.0,0.0,0.0,0.0,0.0,-0.0,-0.0,0.0,0.0,200.0,0.0,0.0,0.0,0.0,-0.0,-0.0,0.0,0.0,-0.0,-0.0,0.0,-0.0,,,,,
2024-10-31,0.0,0.0,0.0,0.0,0.0,-0.0,-0.0,0.0,0.0,200.0,0.0,0.0,0.0,0.0,-0.0,-0.0,0.0,0.0,-0.0,-0.0,0.0,-0.0,,,,,
2024-11-01,0.0,0.0,0.0,0.0,0.0,-0.0,-0.0,0.0,0.0,200.0,0.0,0.0,0.0,0.0,-0.0,-0.0,0.0,0.0,-0.0,-0.0,0.0,-0.0,,,,,
2024-11-04,0.0,0.0,0.0,0.0,0.0,-0.0,-0.0,0.0,0.0,200.0,0.0,0.0,0.0,0.0,-0.0,-0.0,0.0,0.0,-0.0,-0.0,0.0,-0.0,,,,,
2024-11-05,0.0,0.0,0.0,0.0,0.0,-0.0,-0.0,0.0,0.0,200.0,0.0,0.0,0.0,0.0,-0.0,-0.0,0.0,0.0,-0.0,-0.0,0.0,-0.0,,,,,
2024-11-06,0.0,0.0,0.0,0.0,0.0,-0.0,-0.0,0.0,0.0,200.0,0.0,0.0,0.0,0.0,-0.0,-0.0,0.0,0.0,-0.0,-0.0,0.0,-0.0,,,,,
2024-11-07,0.0,0.0,0.0,0.0,0.0,-0.0,-0.0,0.0,0.0,200.0,0.0,0.0,0.0,0.0,-0.0,-0.0,0.0,0.0,-0.0,-0.0,0.0,-0.0,,,,,
2024-11-08,0.0,0.0,0.0,0.0,0.0,-0.0,-0.0,0.0,0.0,200.0,0.0,0.0,0.0,0.0,-0.0,-0.0,0.0,0.0,-0.0,-0.0,0.0,-0.0,,,,,
2024-11-11,0.0,0.0,0.0,0.0,0.0,-0.0,-0.0,0.0,0.0,200.0,0.0,0.0,0.0,0.0,-0.0,-0.0,0.0,0.0,-0.0,-0.0,0.0,-0.0,,,,,
2024-11-12,0.0,0.0,0.0,0.0,0.0,-0.0,-0.0,0.0,0.0,200.0,0.0,0.0,0.0,0.0,-0.0,-0.0,0.0,0.0,-0.0,-0.0,0.0,-0.0,,,,,
2024-11-13,0.0,0.0,0.0,0.0,0.0,-0.0,-0.0,0.0,0.0,200.0,0.0,0.0,0.0,0.0,-0.0,-0.0,0.0,0.0,-0.0,-0.0,0.0,-0.0,,,,,
2024-11-14,0.0,0.0,0.0,0.0,0.0,-0.0,-0.0,0.0,0.0,200.0,0.0,0.0,0.0,0.0,-0.0,-0.0,0.0,0.0,-0.0,-0.0,0.0,-0.0,,,,,
2024-11-15,0.0,0.0,0.0,0.0,0.0,-0.0,-0.0,0.0,0.0,200.0,0.0,0.0,0.0,0.0,-0.0,-0.0,0.0,0.0,-0.0,-0.0,0.0,-0.0,,,,,
2024-11-18,0.0,0.0,0.0,0.0,0.0,-0.0,-0.0,0.0,0.0,200.0,0.0,0.0,0.0,0.0,-0.0,-0.0,0.0,0.0,-0.0,-0.0,0.0,-0.0,,,,,
2024-11-19,0.0,0.0,0.0,0.0,0.0,-0.0,-0.0,0.0,0.0,200.0,0.0,0.0,0.0,0.0,-0.0,-0.0,0.0,0.0,-0.0,-0.0,0.0,-0.0,,,,,
2024-11-20,0.0,0.0,0.0,0.0,0.0,-0.0,-0.0,0.0,0.0,200.0,0.0,0.0,0.0,0.0,-0.0,-0.0,0.0,0.0,-0.0,-0.0,0.0,-0.0,,,,,
2024-11-21,0.0,0.0,0.0,0.0,0.0,-0.0,-0.0,0.0,0.0,200.0,0.0,0.0,0.0,0.0,-0.0,-0.0,0.0,0.0,-0.0,-0.0,0.0,-0.0,,,,,
2024-11-22,0.0,0.0,0.0,0.0,0.0,-0.0,-0.0,0.0,0.0,200.0,0.0,0.0,0.0,0.0,-0.0,-0.0,0.0,0.0,-0.0,-0.0,0.0,-0.0,,,,,
2024-11-25,0.0,0.0,0.0,0.0,0.0,-0.0,-0.0,0.0,0.0,200.0,0.0,0.0,0.0,0.0,-0.0,-0.0,0.0,0.0,-0.0,-0.0,0.0,-0.0,,,,,
2024-11-26,0.0,0.0,0.0,0.0,0.0,-0.0,-0.0,0.0,0.0,200.0,0.0,0.0,0.0,0.0,-0.0,-0.0,0.0,0.0,-0.0,-0.0,0.0,-0.0,,,,,
2024-11-27,0.0,0.0,0.0,0.0,0.0,-0.0,-0.0,0.0,0.0,200.0,0.0,0.0,0.0,0.0,-0.0,-0.0,0.0,0.0,-0.0,-0.0,0.0,-0.0,,,,,
2024-11-28,0.0,0.0,0.0,0.0,0.0,-0.0,-0.0,0.0,0.0,200.0,0.0,0.0,0.0,0.0,-0.0,-0.0,0.0,0.0,-0.0,-0.0,0.0,-0.0,,,,,
2024-11-29,0.0,0.0,0.0,0.0,0.0,-0.0,-0.0,0.0,0.0,200.0,0.0,0.0,0.0,0.0,-0.0,-0.0,0.0,0.0,-0.0,-0.0,0.0,-0.0,,,,,
2024-12-02,0.0,0.0,0.0,0.0,0.0,-0.0,-0.0,0.0,0.0,200.0,0.0,0.0,0.0,0.0,-0.0,-0.0,0.0,0.0,-0.0,-0.0,0.0,-0.0,,,,,
2024-12-03,0.0,0.0,0.0,0.0,0.0,-0.0,-0.0,0.0,0.0,200.0,0.0,0.0,0.0,0.0,-0.0,-0.0,0.0,0.0,-0.0,-0.0,0.0,-0.0,,,,,
2024-12-04,0.0,0.0,0.0,0.0,0.0,-0.0,-0.0,0.0,0.0,200.0,0.0,0.0,0.0,0.0,-0.0,-0.0,0.0,0.0,-0.0,-0.0,0.0,-0.0,,,,,
2024-12-05,0.0,0.0,0.0,0.0,0.0,-0.0,-0.0,0.0,0.0,200.0,0.0,0.0,0.0,0.0,-0.0,-0.0,0.0,0.0,-0.0,-0.0,0.0,-0.0,,,,,
2024-12-06,0.0,0.0,0.0,0.0,0.0,-0.0,-0.0,0.0,0.0,200.0,0.0,0.0,0.0,0.0,-0.0,-0.0,0.0,0.0,-0.0,-0.0,0.0,-0.0,,,,,
2024-12-09,0.0,0.0,0.0,0.0,0.0,-0.0,-0.0,0.0,0.0,200.0,0.0,0.0,0.0,0.0,-0.0,-0.0,0.0,0.0,-0.0,-0.0,0.0,-0.0,,,,,
2024-12-10,0.0,0.0,0.0,0.0,0.0,-0.0,-0.0,0.0,0.0,200.0,0.0,0.0,0.0,0.0,-0.0,-0.0,0.0,0.0,-0.0,-0.0,0.0,-0.0,,,,,
2024-12-11,0.0,0.0,0.0,0.0,0.0,-0.0,-0.0,0.0,0.0,200.0,0.0,0.0,0.0,0.0,-0.0,-0.0,0.0,0.0,-0.0,-0.0,0.0,-0.0,,,,,
2024-12-12,0.0,0.0,0.0,0.0,0.0,-0.0,-0.0,0.0,0.0,200.0,0.0,0.0,0.0,0.0,-0.0,-0.0,0.0,0.0,-0.0,-0.0,0.0,-0.0,,,,,
2024-12-13,0.0,0.0,0.0,0.0,0.0,-0.0,-0.0,0.0,0.0,200.0,0.0,0.0,0.0,0.0,-0.0,-0.0,0.0,0.0,-0.0,-0.0,0.0,-0.0,,,,,
2024-12-16,0.0,0.0,0.0,0.0,0.0,-0.0,-0.0,0.0,0.0,200.0,0.0,0.0,0.0,0.0,-0.0,-0.0,0.0,0.0,-0.0,-0.0,0.0,-0.0,,,,,
2024-12-17,0.0,0.0,0.0,0.0,0.0,-0.0,-0.0,0.0,0.0,200.0,0.0,0.0,0.0,0.0,-0.0,-0.0,0.0,0.0,-0.0,-0.0,0.0,-0.0,,,,,
2024-12-18,0.0,0.0,0.0,0.0,0.0,-0.0,-0.0,0.0,0.0,200.0,0.0,0.0,0.0,0.0,-0.0,-0.0,0.0,0.0,-0.0,-0.0,0.0,-0.0,,,,,
2024-12-19,0.0,0.0,0.0,0.0,0.0,-0.0,-0.0,0.0,0.0,200.0,0.0,0.0,0.0,0.0,-0.0,-0.0,0.0,0.0,-0.0,-0.0,0.0,-0.0,,,,,
2024-12-20,0.0,0.0,0.0,0.0,0.0,-0.0,-0.0,0.0,0.0,200.0,0.0,0.0,0.0,0.0,-0.0,-0.0,0.0,0.0,-0.0,-0.0,0.0,-0.0,,,,,
2024-12-23,0.0,0.0,0.0,0.0,0.0,-0.0,-0.0,0.0,0.0,200.0,0.0,0.0,0.0,0.0,-0.0,-0.0,0.0,0.0,-0.0,-0.0,0.0,-0.0,,,,,
2024-12-24,0.0,0.0,0.0,0.0,0.0,-0.0,-0.0,0.0,0.0,200.0,0.0,0.0,0.0,0.0,-0.0,-0.0,0.0,0.0,-0.0,-0.0,0.0,-0.0,,,,,
2024-12-25,0.0,0.0,0.0,0.0,0.0,-0.0,-0.0,0.0,0.0,200.0,0.0,0.0,0.0,0.0,-0.0,-0.0,0.0,0.0,-0.0,-0.0,0.0,-0.0,,,,,
2024-12-26,0.0,0.0,0.0,0.0,0.0,-0.0,-0.0,0.0,0.0,200.0,0.0,0.0,0.0,0.0,-0.0,-0.0,0.0,0.0,-0.0,-0.0,0.0,-0.0,,,,,
2024-12-27,0.0,0.0,0.0,0.0,0.0,-0.0,-0.0,0.0,0.0,200.0,0.0,0.0,0.0,0.0,-0.0,-0.0,0.0,0.0,-0.0,-0.0,0.0,-0.0,,,,,
2024-12-30,0.0,0.0,0.0,0.0,0.0,-0.0,-0.0,0.0,0.0,200.0,0.0,0.0,0.0,0.0,-0.0,-0.0,0.0,0.0,-0.0,-0.0,0.0,-0.0,,,,,
2024-12-31,0.0,0.0,0.0,0.0,0.0,-0.0,-0.0,0.0,0.0,200.0,0.0,0.0,0.0,0.0,-0.0,-0.0,0.0,0.0,-0.0,-0.0,0.0,-0.0,,,,,
2025-01-02,0.0,0.0,0.0,0.0,0.0,-0.0,-0.0,0.0,0.0,200.0,0.0,0.0,0.0,0.0,-0.0,-0.0,0.0,0.0,-0.0,-0.0,0.0,-0.0,,,,,
2025-01-03,0.0,0.0,0.0,0.0,0.0,-0.0,-0.0,0.0,0.0,200.0,0.0,0.0,0.0,0.0,-0.0,-0.0,0.0,0.0,-0.0,-0.0,0.0,-0.0,,,,,
2025-01-06,0.0,0.0,0.0,0.0,0.0,-0.0,-0.0,0.0,0.0,200.0,0.0,0.0,0.0,0.0,-0.0,-0.0,0.0,0.0,-0.0,-0.0,0.0,-0.0,,,,,
2025-01-07,0.0,0.0,0.0,0.0,0.0,-0.0,-0.0,0.0,0.0,200.0,0.0,0.0,0.0,0.0,-0.0,-0.0,0.0,0.0,-0.0,-0.0,0.0,-0.0,,,,,
2025-01-08,0.0,0.0,0.0,0.0,0.0,-0.0,-0.0,0.0,0.0,200.0,0.0,0.0,0.0,0.0,-0.0,-0.0,0.0,0.0,-0.0,-0.0,0.0,-0.0,,,,,
2025-01-09,0.0,0.0,0.0,0.0,0.0,-0.0,-0.0,0.0,0.0,200.0,0.0,0.0,0.0,0.0,-0.0,-0.0,0.0,0.0,-0.0,-0.0,0.0,-0.0,,,,,
2025-01-10,0.0,0.0,0.0,0.0,0.0,-0.0,-0.0,0.0,0.0,200.0,0.0,0.0,0.0,0.0,-0.0,-0.0,0.0,0.0,-0.0,-0.0,0.0,-0.0,,,,,
2025-01-13,0.0,0.0,0.0,0.0,0.0,-0.0,-0.0,0.0,0.0,200.0,0.0,0.0,0.0,0.0,-0.0,-0.0,0.0,0.0,-0.0,-0.0,0.0,-0.0,,,,,
2025-01-14,0.0,0.0,0.0,0.0,0.0,-0.0,-0.0,0.0,0.0,200.0,0.0,0.0,0.0,0.0,-0.0,-0.0,0.0,0.0,-0.0,-0.0,0.0,-0.0,,,,,
2025-01-15,0.0,0.0,0.0,0.0,0.0,-0.0,-0.0,0.0,0.0,200.0,0.0,0.0,0.0,0.0,-0.0,-0.0,0.0,0.0,-0.0,-0.0,0.0,-0.0,,,,,
2025-01-16,0.0,0.0,0.0,0.0,0.0,-0.0,-0.0,0.0,0.0,200.0,0.0,0.0,0.0,0.0,-0.0,-0.0,0.0,0.0,-0.0,-0.0,0.0,-0.0,,,,,
2025-01-17,0.0,0.0,0.0,0.0,0.0,-0.0,-0.0,0.0,0.0,200.0,0.0,0.0,0.0,0.0,-0.0,-0.0,0.0,0.0,-0.0,-0.0,0.0,-0.0,,,,,
2025-01-20,0.0,0.0,0.0,0.0,0.0,-0.0,-0.0,0.0,0.0,200.0,0.0,0.0,0.0,0.0,-0.0,-0.0,0.0,0.0,-0.0,-0.0,0.0,-0.0,,,,,
2025-01-21,0.0,0.0,0.0,0.0,0.0,-0.0,-0.0,0.0,0.0,200.0,0.0,0.0,0.0,0.0,-0.0,-0.0,0.0,0.0,-0.0,-0.0,0.0,-0.0,,,,,
2025-01-22,0.0,0.0,0.0,0.0,0.0,-0.0,-0.0,0.0,0.0,200.0,0.0,0.0,0.0,0.0,-0.0,-0.0,0.0,0.0,-0.0,-0.0,0.0,-0.0,,,,,
2025-01-23,0.0,0.0,0.0,0.0,0.0,-0.0,-0.0,0.0,0.0,200.0,0.0,0.0,0.0,0.0,-0.0,-0.0,0.0,0.0,-0.0,-0.0,0.0,-0.0,,,,,
2025-01-24,0.0,0.0,0.0,0.0,0.0,-0.0,-0.0,0.0,0.0,200.0,0.0,0.0,0.0,0.0,-0.0,-0.0,0.0,0.0,-0.0,-0.0,0.0,-0.0,,,,,
2025-01-27,0.0,0.0,0.0,0.0,0.0,-0.0,-0.0,0.0,0.0,200.0,0.0,0.0,0.0,0.0,-0.0,-0.0,0.0,0.0,-0.0,-0.0,0.0,-0.0,,,,,
2025-02-05,0.0,0.0,0.0,0.0,0.0,-0.0,-0.0,0.0,0.0,200.0,0.0,0.0,0.0,0.0,-0.0,-0.0,0.0,0.0,-0.0,-0.0,0.0,-0.0,,,,,
2025-02-06,0.0,0.0,0.0,0.0,0.0,-0.0,-0.0,0.0,0.0,200.0,0.0,0.0,0.0,0.0,-0.0,-0.0,0.0,0.0,-0.0,-0.0,0.0,-0.0,,,,,
2025-02-07,0.0,0.0,0.0,0.0,0.0,-0.0,-0.0,0.0,0.0,200.0,0.0,0.0,0.0,0.0,-0.0,-0.0,0.0,0.0,-0.0,-0.0,0.0,-0.0,,,,,
2025-02-10,0.0,0.0,0.0,0.0,0.0,-0.0,-0.0,0.0,0.0,200.0,0.0,0.0,0.0,0.0,-0.0,-0.0,0.0,0.0,-0.0,-0.0,0.0,-0.0,,,,,
2025-02-11,0.0,0.0,0.0,0.0,0.0,-0.0,-0.0,0.0,0.0,200.0,0.0,0.0,0.0,0.0,-0.0,-0.0,0.0,0.0,-0.0,-0.0,0.0,-0.0,,,,,
2025-02-12,0.0,0.0,0.0,0.0,0.0,-0.0,-0.0,0.0,0.0,200.0,0.0,0.0,0.0,0.0,-0.0,-0.0,0.0,0.0,-0.0,-0.0,0.0,-0.0,,,,,
2025-02-13,0.0,0.0,0.0,0.0,0.0,-0.0,-0.0,0.0,0.0,200.0,0.0,0.0,0.0,0.0,-0.0,-0.0,0.0,0.0,-0.0,-0.0,0.0,-0.0,,,,,
2025-02-14,0.0,0.0,0.0,0.0,0.0,-0.0,-0.0,0.0,0.0,200.0,0.0,0.0,0.0,0.0,-0.0,-0.0,0.0,0.0,-0.0,-0.0,0.0,-0.0,,,,,
2025-02-17,0.0,0.0,0.0,0.0,0.0,-0.0,-0.0,0.0,0.0,200.0,0.0,0.0,0.0,0.0,-0.0,-0.0,0.0,0.0,-0.0,-0.0,0.0,-0.0,,,,,
2025-02-18,0.0,0.0,0.0,0.0,0.0,-0.0,-0.0,0.0,0.0,200.0,0.0,0.0,0.0,0.0,-0.0,-0.0,0.0,0.0,-0.0,-0.0,0.0,-0.0,,,,,
2025-02-19,0.0,0.0,0.0,0.0,0.0,-0.0,-0.0,0.0,0.0,200.0,0.0,0.0,0.0,0.0,-0.0,-0.0,0.0,0.0,-0.0,-0.0,0.0,-0.0,,,,,
2025-02-20,0.0,0.0,0.0,0.0,0.0,-0.0,-0.0,0.0,0.0,200.0,0.0,0.0,0.0,0.0,-0.0,-0.0,0.0,0.0,-0.0,-0.0,0.0,-0.0,,,,,
2025-02-21,0.0,0.0,0.0,0.0,0.0,-0.0,-0.0,0.0,0.0,200.0,0.0,0.0,0.0,0.0,-0.0,-0.0,0.0,0.0,-0.0,-0.0,0.0,-0.0,,,,,
2025-02-24,0.0,0.0,0.0,0.0,0.0,-0.0,-0.0,0.0,0.0,200.0,0.0,0.0,0.0,0.0,-0.0,-0.0,0.0,0.0,-0.0,-0.0,0.0,-0.0,,,,,
2025-02-25,0.0,0.0,0.0,0.0,0.0,-0.0,-0.0,0.0,0.0,200.0,0.0,0.0,0.0,0.0,-0.0,-0.0,0.0,0.0,-0.0,-0.0,0.0,-0.0,,,,,
2025-02-26,0.0,0.0,0.0,0.0,0.0,-0.0,-0.0,0.0,0.0,200.0,0.0,0.0,0.0,0.0,-0.0,-0.0,0.0,0.0,-0.0,-0.0,0.0,-0.0,,,,,
2025-02-27,0.0,0.0,0.0,0.0,0.0,-0.0,-0.0,0.0,0.0,200.0,0.0,0.0,0.0,0.0,-0.0,-0.0,0.0,0.0,-0.0,-0.0,0.0,-0.0,,,,,
2025-02-28,0.0,0.0,0.0,0.0,0.0,-0.0,-0.0,0.0,0.0,200.0,0.0,0.0,0.0,0.0,-0.0,-0.0,0.0,0.0,-0.0,-0.0,0.0,-0.0,,,,,
2025-03-03,0.0,0.0,0.0,0.0,0.0,-0.0,-0.0,0.0,0.0,200.0,0.0,0.0,0.0,0.0,-0.0,-0.0,0.0,0.0,-0.0,-0.0,0.0,-0.0,,,,,
2025-03-04,0.0,0.0,0.0,0.0,0.0,-0.0,-0.0,0.0,0.0,200.0,0.0,0.0,0.0,0.0,-0.0,-0.0,0.0,0.0,-0.0,-0.0,0.0,-0.0,,,,,
2025-03-05,0.0,0.0,0.0,0.0,0.0,-0.0,-0.0,0.0,0.0,200.0,0.0,0.0,0.0,0.0,-0.0,-0.0,0.0,0.0,-0.0,-0.0,0.0,-0.0,,,,,
2025-03-06,0.0,0.0,0.0,0.0,0.0,-0.0,-0.0,0.0,0.0,200.0,0.0,0.0,0.0,0.0,-0.0,-0.0,0.0,0.0,-0.0,-0.0,0.0,-0.0,,,,,
2025-03-07,0.0,0.0,0.0,0.0,0.0,-0.0,-0.0,0.0,0.0,200.0,0.0,0.0,0.0,0.0,-0.0,-0.0,0.0,0.0,-0.0,-0.0,0.0,-0.0,,,,,
2025-03-10,0.0,0.0,0.0,0.0,0.0,-0.0,-0.0,0.0,0.0,200.0,0.0,0.0,0.0,0.0,-0.0,-0.0,0.0,0.0,-0.0,-0.0,0.0,-0.0,,,,,
2025-03-11,0.0,0.0,0.0,0.0,0.0,-0.0,-0.0,0.0,0.0,200.0,0.0,0.0,0.0,0.0,-0.0,-0.0,0.0,0.0,-0.0,-0.0,0.0,-0.0,,,,,
2025-03-12,0.0,0.0,0.0,0.0,0.0,-0.0,-0.0,0.0,0.0,200.0,0.0,0.0,0.0,0.0,-0.0,-0.0,0.0,0.0,-0.0,-0.0,0.0,-0.0,,,,,
2025-03-13,0.0,0.0,0.0,0.0,0.0,-0.0,-0.0,0.0,0.0,200.0,0.0,0.0,0.0,0.0,-0.0,-0.0,0.0,0.0,-0.0,-0.0,0.0,-0.0,,,,,
2025-03-14,0.0,0.0,0.0,0.0,0.0,-0.0,-0.0,0.0,0.0,200.0,0.0,0.0,0.0,0.0,-0.0,-0.0,0.0,0.0,-0.0,-0.0,0.0,-0.0,,,,,
2025-03-17,0.0,0.0,0.0,0.0,0.0,-0.0,-0.0,0.0,0.0,200.0,0.0,0.0,0.0,0.0,-0.0,-0.0,0.0,0.0,-0.0,-0.0,0.0,-0.0,,,,,
2025-03-18,0.0,0.0,0.0,0.0,0.0,-0.0,-0.0,0.0,0.0,200.0,0.0,0.0,0.0,0.0,-0.0,-0.0,0.0,0.0,-0.0,-0.0,0.0,-0.0,,,,,
2025-03-19,0.0,0.0,0.0,0.0,0.0,-0.0,-0.0,0.0,0.0,200.0,0.0,0.0,0.0,0.0,-0.0,-0.0,0.0,0.0,-0.0,-0.0,0.0,-0.0,,,,,
2025-03-20,0.0,0.0,0.0,0.0,0.0,-0.0,-0.0,0.0,0.0,200.0,0.0,0.0,0.0,0.0,-0.0,-0.0,0.0,0.0,-0.0,-0.0,0.0,-0.0,,,,,
2025-03-21,0.0,0.0,0.0,0.0,0.0,-0.0,-0.0,0.0,0.0,200.0,0.0,0.0,0.0,0.0,-0.0,-0.0,0.0,0.0,-0.0,-0.0,0.0,-0.0,,,,,
2025-03-24,0.0,0.0,0.0,0.0,0.0,-0.0,-0.0,0.0,0.0,200.0,0.0,0.0,0.0,0.0,-0.0,-0.0,0.0,0.0,-0.0,-0.0,0.0,-0.0,,,,,
2025-03-25,0.0,0.0,0.0,0.0,0.0,-0.0,-0.0,0.0,0.0,200.0,0.0,0.0,0.0,0.0,-0.0,-0.0,0.0,0.0,-0.0,-0.0,0.0,-0.0,,,,,
2025-03-26,0.0,0.0,0.0,0.0,0.0,-0.0,-0.0,0.0,0.0,200.0,0.0,0.0,0.0,0.0,-0.0,-0.0,0.0,0.0,-0.0,-0.0,0.0,-0.0,,,,,
2025-03-27,0.0,0.0,0.0,0.0,0.0,-0.0,-0.0,0.0,0.0,200.0,0.0,0.0,0.0,0.0,-0.0,-0.0,0.0,0.0,-0.0,-0.0,0.0,-0.0,,,,,
2025-03-28,0.0,0.0,0.0,0.0,0.0,-0.0,-0.0,0.0,0.0,200.0,0.0,0.0,0.0,0.0,-0.0,-0.0,0.0,0.0,-0.0,-0.0,0.0,-0.0,,,,,
2025-03-31,0.0,0.0,0.0,0.0,0.0,-0.0,-0.0,0.0,0.0,200.0,0.0,0.0,0.0,0.0,-0.0,-0.0,0.0,0.0,-0.0,-0.0,0.0,-0.0,,,,,
2025-04-01,0.0,0.0,0.0,0.0,0.0,-0.0,-0.0,0.0,0.0,200.0,0.0,0.0,0.0,0.0,-0.0,-0.0,0.0,0.0,-0.0,-0.0,0.0,-0.0,,,,,
2025-04-02,0.0,0.0,0.0,0.0,0.0,-0.0,-0.0,0.0,0.0,200.0,0.0,0.0,0.0,0.0,-0.0,-0.0,0.0,0.0,-0.0,-0.0,0.0,-0.0,,,,,
2025-04-03,0.0,0.0,0.0,0.0,0.0,-0.0,-0.0,0.0,0.0,200.0,0.0,0.0,0.0,0.0,-0.0,-0.0,0.0,0.0,-0.0,-0.0,0.0,-0.0,,,,,
2025-04-07,0.0,0.0,0.0,0.0,0.0,-0.0,-0.0,0.0,0.0,200.0,0.0,0.0,0.0,0.0,-0.0,-0.0,0.0,0.0,-0.0,-0.0,0.0,-0.0,,,,,
2025-04-08,0.0,0.0,0.0,0.0,0.0,-0.0,-0.0,0.0,0.0,200.0,0.0,0.0,0.0,0.0,-0.0,-0.0,0.0,0.0,-0.0,-0.0,0.0,-0.0,,,,,
2025-04-09,0.0,0.0,0.0,0.0,0.0,-0.0,-0.0,0.0,0.0,200.0,0.0,0.0,0.0,0.0,-0.0,-0.0,0.0,0.0,-0.0,-0.0,0.0,-0.0,,,,,
2025-04-10,0.0,0.0,0.0,0.0,0.0,-0.0,-0.0,0.0,0.0,200.0,0.0,0.0,0.0,0.0,-0.0,-0.0,0.0,0.0,-0.0,-0.0,0.0,-0.0,,,,,
2025-04-11,0.0,0.0,0.0,0.0,0.0,-0.0,-0.0,0.0,0.0,200.0,0.0,0.0,0.0,0.0,-0.0,-0.0,0.0,0.0,-0.0,-0.0,0.0,-0.0,,,,,
2025-04-14,0.0,0.0,0.0,0.0,0.0,-0.0,-0.0,0.0,0.0,200.0,0.0,0.0,0.0,0.0,-0.0,-0.0,0.0,0.0,-0.0,-0.0,0.0,-0.0,,,,,
2025-04-15,0.0,0.0,0.0,0.0,0.0,-0.0,-0.0,0.0,0.0,200.0,0.0,0.0,0.0,0.0,-0.0,-0.0,0.0,0.0,-0.0,-0.0,0.0,-0.0,,,,,
2025-04-16,0.0,0.0,0.0,0.0,0.0,-0.0,-0.0,0.0,0.0,200.0,0.0,0.0,0.0,0.0,-0.0,-0.0,0.0,0.0,-0.0,-0.0,0.0,-0.0,,,,,
2025-04-17,0.0,0.0,0.0,0.0,0.0,-0.0,-0.0,0.0,0.0,200.0,0.0,0.0,0.0,0.0,-0.0,-0.0,0.0,0.0,-0.0,-0.0,0.0,-0.0,,,,,
2025-04-18,0.0,0.0,0.0,0.0,0.0,-0.0,-0.0,0.0,0.0,200.0,0.0,0.0,0.0,0.0,-0.0,-0.0,0.0,0.0,-0.0,-0.0,0.0,-0.0,,,,,
2025-04-21,0.0,0.0,0.0,0.0,0.0,-0.0,-0.0,0.0,0.0,200.0,0.0,0.0,0.0,0.0,-0.0,-0.0,0.0,0.0,-0.0,-0.0,0.0,-0.0,,,,,
2025-04-22,0.0,0.0,0.0,0.0,0.0,-0.0,-0.0,0.0,0.0,200.0,0.0,0.0,0.0,0.0,-0.0,-0.0,0.0,0.0,-0.0,-0.0,0.0,-0.0,,,,,
2025-04-23,0.0,0.0,0.0,0.0,0.0,-0.0,-0.0,0.0,0.0,200.0,0.0,0.0,0.0,0.0,-0.0,-0.0,0.0,0.0,-0.0,-0.0,0.0,-0.0,,,,,
2025-04-24,0.0,0.0,0.0,0.0,0.0,-0.0,-0.0,0.0,0.0,200.0,0.0,0.0,0.0,0.0,-0.0,-0.0,0.0,0.0,-0.0,-0.0,0.0,-0.0,,,,,
2025-04-25,0.0,0.0,0.0,0.0,0.0,-0.0,-0.0,0.0,0.0,200.0,0.0,0.0,0.0,0.0,-0.0,-0.0,0.0,0.0,-0.0,-0.0,0.0,-0.0,,,,,
2025-04-28,0.0,0.0,0.0,0.0,0.0,-0.0,-0.0,0.0,0.0,200.0,0.0,0.0,0.0,0.0,-0.0,-0.0,0.0,0.0,-0.0,-0.0,0.0,-0.0,,,,,
2025-04-29,0.0,0.0,0.0,0.0,0.0,-0.0,-0.0,0.0,0.0,200.0,0.0,0.0,0.0,0.0,-0.0,-0.0,0.0,0.0,-0.0,-0.0,0.0,-0.0,,,,,
2025-04-30,0.0,0.0,0.0,0.0,0.0,-0.0,-0.0,0.0,0.0,200.0,0.0,0.0,0.0,0.0,-0.0,-0.0,0.0,0.0,-0.0,-0.0,0.0,-0.0,,,,,
2025-05-06,0.0,0.0,0.0,0.0,0.0,-0.0,-0.0,0.0,0.0,200.0,0.0,0.0,0.0,0.0,-0.0,-0.0,0.0,0.0,-0.0,-0.0,0.0,-0.0,,,,,
2025-05-07,0.0,0.0,0.0,0.0,0.0,-0.0,-0.0,0.0,0.0,200.0,0.0,0.0,0.0,0.0,-0.0,-0.0,0.0,0.0,-0.0,-0.0,0.0,-0.0,,,,,
2025-05-08,0.0,0.0,0.0,0.0,0.0,-0.0,-0.0,0.0,0.0,200.0,0.0,0.0,0.0,0.0,-0.0,-0.0,0.0,0.0,-0.0,-0.0,0.0,-0.0,,,,,
2025-05-09,0.0,0.0,0.0,0.0,0.0,-0.0,-0.0,0.0,0.0,200.0,0.0,0.0,0.0,0.0,-0.0,-0.0,0.0,0.0,-0.0,-0.0,0.0,-0.0,,,,,
2025-05-12,0.0,0.0,0.0,0.0,0.0,-0.0,-0.0,0.0,0.0,200.0,0.0,0.0,0.0,0.0,-0.0,-0.0,0.0,0.0,-0.0,-0.0,0.0,-0.0,,,,,
2025-05-13,0.0,0.0,0.0,0.0,0.0,-0.0,-0.0,0.0,0.0,200.0,0.0,0.0,0.0,0.0,-0.0,-0.0,0.0,0.0,-0.0,-0.0,0.0,-0.0,,,,,
2025-05-14,0.0,0.0,0.0,0.0,0.0,-0.0,-0.0,0.0,0.0,200.0,0.0,0.0,0.0,0.0,-0.0,-0.0,0.0,0.0,-0.0,-0.0,0.0,-0.0,,,,,
2025-05-15,0.0,0.0,0.0,0.0,0.0,-0.0,-0.0,0.0,0.0,200.0,0.0,0.0,0.0,0.0,-0.0,-0.0,0.0,0.0,-0.0,-0.0,0.0,-0.0,,,,,
2025-05-16,0.0,0.0,0.0,0.0,0.0,-0.0,-0.0,0.0,0.0,200.0,0.0,0.0,0.0,0.0,-0.0,-0.0,0.0,0.0,-0.0,-0.0,0.0,-0.0,,,,,
2025-05-19,0.0,0.0,0.0,0.0,0.0,-0.0,-0.0,0.0,0.0,200.0,0.0,0.0,0.0,0.0,-0.0,-0.0,0.0,0.0,-0.0,-0.0,0.0,-0.0,,,,,
2025-05-20,0.0,0.0,0.0,0.0,0.0,-0.0,-0.0,0.0,0.0,200.0,0.0,0.0,0.0,0.0,-0.0,-0.0,0.0,0.0,-0.0,-0.0,0.0,-0.0,,,,,
2025-05-21,0.0,0.0,0.0,0.0,0.0,-0.0,-0.0,0.0,0.0,200.0,0.0,0.0,0.0,0.0,-0.0,-0.0,0.0,0.0,-0.0,-0.0,0.0,-0.0,,,,,
2025-05-22,0.0,0.0,0.0,0.0,0.0,-0.0,-0.0,0.0,0.0,200.0,0.0,0.0,0.0,0.0,-0.0,-0.0,0.0,0.0,-0.0,-0.0,0.0,-0.0,,,,,
2025-05-23,0.0,0.0,0.0,0.0,0.0,-0.0,-0.0,0.0,0.0,200.0,0.0,0.0,0.0,0.0,-0.0,-0.0,0.0,0.0,-0.0,-0.0,0.0,-0.0,,,,,
2025-05-26,0.0,0.0,0.0,0.0,0.0,-0.0,-0.0,0.0,0.0,200.0,0.0,0.0,0.0,0.0,-0.0,-0.0,0.0,0.0,-0.0,-0.0,0.0,-0.0,,,,,
2025-05-27,0.0,0.0,0.0,0.0,0.0,-0.0,-0.0,0.0,0.0,200.0,0.0,0.0,0.0,0.0,-0.0,-0.0,0.0,0.0,-0.0,-0.0,0.0,-0.0,,,,,
2025-05-28,0.0,0.0,0.0,0.0,0.0,-0.0,-0.0,0.0,0.0,200.0,0.0,0.0,0.0,0.0,-0.0,-0.0,0.0,0.0,-0.0,-0.0,0.0,-0.0,,,,,
2025-05-29,0.0,0.0,0.0,0.0,0.0,-0.0,-0.0,0.0,0.0,200.0,0.0,0.0,0.0,0.0,-0.0,-0.0,0.0,0.0,-0.0,-0.0,0.0,-0.0,,,,,
2025-05-30,0.0,0.0,0.0,0.0,0.0,-0.0,-0.0,0.0,0.0,200.0,0.0,0.0,0.0,0.0,-0.0,-0.0,0.0,0.0,-0.0,-0.0,0.0,-0.0,,,,,
2025-06-03,0.0,0.0,0.0,0.0,0.0,-0.0,-0.0,0.0,0.0,200.0,0.0,0.0,0.0,0.0,-0.0,-0.0,0.0,0.0,-0.0,-0.0,0.0,-0.0,,,,,
2025-06-04,0.0,0.0,0.0,0.0,0.0,-0.0,-0.0,0.0,0.0,200.0,0.0,0.0,0.0,0.0,-0.0,-0.0,0.0,0.0,-0.0,-0.0,0.0,-0.0,,,,,
2025-06-05,0.0,0.0,0.0,0.0,0.0,-0.0,-0.0,0.0,0.0,200.0,0.0,0.0,0.0,0.0,-0.0,-0.0,0.0,0.0,-0.0,-0.0,0.0,-0.0,,,,,
2025-06-06,0.0,0.0,0.0,0.0,0.0,-0.0,-0.0,0.0,0.0,200.0,0.0,0.0,0.0,0.0,-0.0,-0.0,0.0,0.0,-0.0,-0.0,0.0,-0.0,,,,,
2025-06-09,0.0,0.0,0.0,0.0,0.0,-0.0,-0.0,0.0,0.0,200.0,0.0,0.0,0.0,0.0,-0.0,-0.0,0.0,0.0,-0.0,-0.0,0.0,-0.0,,,,,
2025-06-10,0.0,0.0,0.0,0.0,0.0,-0.0,-0.0,0.0,0.0,200.0,0.0,0.0,0.0,0.0,-0.0,-0.0,0.0,0.0,-0.0,-0.0,0.0,-0.0,,,,,
2025-06-11,0.0,0.0,0.0,0.0,0.0,-0.0,-0.0,0.0,0.0,200.0,0.0,0.0,0.0,0.0,-0.0,-0.0,0.0,0.0,-0.0,-0.0,0.0,-0.0,,,,,
2025-06-12,0.0,0.0,0.0,0.0,0.0,-0.0,-0.0,0.0,0.0,200.0,0.0,0.0,0.0,0.0,-0.0,-0.0,0.0,0.0,-0.0,-0.0,0.0,-0.0,,,,,
2025-06-13,0.0,0.0,0.0,0.0,0.0,-0.0,-0.0,0.0,0.0,200.0,0.0,0.0,0.0,0.0,-0.0,-0.0,0.0,0.0,-0.0,-0.0,0.0,-0.0,,,,,
2025-06-16,0.0,0.0,0.0,0.0,0.0,-0.0,-0.0,0.0,0.0,200.0,0.0,0.0,0.0,0.0,-0.0,-0.0,0.0,0.0,-0.0,-0.0,0.0,-0.0,,,,,
2025-06-17,0.0,0.0,0.0,0.0,0.0,-0.0,-0.0,0.0,0.0,200.0,0.0,0.0,0.0,0.0,-0.0,-0.0,0.0,0.0,-0.0,-0.0,0.0,-0.0,,,,,
2025-06-18,0.0,0.0,0.0,0.0,0.0,-0.0,-0.0,0.0,0.0,200.0,0.0,0.0,0.0,0.0,-0.0,-0.0,0.0,0.0,-0.0,-0.0,0.0,-0.0,,,,,
2025-06-19,0.0,0.0,0.0,0.0,0.0,-0.0,-0.0,0.0,0.0,200.0,0.0,0.0,0.0,0.0,-0.0,-0.0,0.0,0.0,-0.0,-0.0,0.0,-0.0,,,,,
2025-06-20,0.0,0.0,0.0,0.0,0.0,-0.0,-0.0,0.0,0.0,200.0,0.0,0.0,0.0,0.0,-0.0,-0.0,0.0,0.0,-0.0,-0.0,0.0,-0.0,,,,,
2025-06-23,0.0,0.0,0.0,0.0,0.0,-0.0,-0.0,0.0,0.0,200.0,0.0,0.0,0.0,0.0,-0.0,-0.0,0.0,0.0,-0.0,-0.0,0.0,-0.0,,,,,
2025-06-24,0.0,0.0,0.0,0.0,0.0,-0.0,-0.0,0.0,0.0,200.0,0.0,0.0,0.0,0.0,-0.0,-0.0,0.0,0.0,-0.0,-0.0,0.0,-0.0,,,,,
2025-06-25,0.0,0.0,0.0,0.0,0.0,-0.0,-0.0,0.0,0.0,200.0,0.0,0.0,0.0,0.0,-0.0,-0.0,0.0,0.0,-0.0,-0.0,0.0,-0.0,,,,,
2025-06-26,0.0,0.0,0.0,0.0,0.0,-0.0,-0.0,0.0,0.0,200.0,0.0,0.0,0.0,0.0,-0.0,-0.0,0.0,0.0,-0.0,-0.0,0.0,-0.0,,,,,
2025-06-27,0.0,0.0,0.0,0.0,0.0,-0.0,-0.0,0.0,0.0,200.0,0.0,0.0,0.0,0.0,-0.0,-0.0,0.0,0.0,-0.0,-0.0,0.0,-0.0,,,,,
2025-06-30,0.0,0.0,0.0,0.0,0.0,-0.0,-0.0,0.0,0.0,200.0,0.0,0.0,0.0,0.0,-0.0,-0.0,0.0,0.0,-0.0,-0.0,0.0,-0.0,,,,,
2025-07-01,0.0,0.0,0.0,0.0,0.0,-0.0,-0.0,0.0,0.0,200.0,0.0,0.0,0.0,0.0,-0.0,-0.0,0.0,0.0,-0.0,-0.0,0.0,-0.0,,,,,
2025-07-02,0.0,0.0,0.0,0.0,0.0,-0.0,-0.0,0.0,0.0,200.0,0.0,0.0,0.0,0.0,-0.0,-0.0,0.0,0.0,-0.0,-0.0,0.0,-0.0,,,,,
2025-07-03,0.0,0.0,0.0,0.0,0.0,-0.0,-0.0,0.0,0.0,200.0,0.0,0.0,0.0,0.0,-0.0,-0.0,0.0,0.0,-0.0,-0.0,0.0,-0.0,,,,,
2025-07-04,0.0,0.0,0.0,0.0,0.0,-0.0,-0.0,0.0,0.0,200.0,0.0,0.0,0.0,0.0,-0.0,-0.0,0.0,0.0,-0.0,-0.0,0.0,-0.0,,,,,
2025-07-07,0.0,0.0,0.0,0.0,0.0,-0.0,-0.0,0.0,0.0,200.0,0.0,0.0,0.0,0.0,-0.0,-0.0,0.0,0.0,-0.0,-0.0,0.0,-0.0,,,,,
2025-07-08,0.0,0.0,0.0,0.0,0.0,-0.0,-0.0,0.0,0.0,200.0,0.0,0.0,0.0,0.0,-0.0,-0.0,0.0,0.0,-0.0,-0.0,0.0,-0.0,,,,,
2025-07-09,0.0,0.0,0.0,0.0,0.0,-0.0,-0.0,0.0,0.0,200.0,0.0,0.0,0.0,0.0,-0.0,-0.0,0.0,0.0,-0.0,-0.0,0.0,-0.0,,,,,
2025-07-10,0.0,0.0,0.0,0.0,0.0,-0.0,-0.0,0.0,0.0,200.0,0.0,0.0,0.0,0.0,-0.0,-0.0,0.0,0.0,-0.0,-0.0,0.0,-0.0,,,,,
2025-07-11,0.0,0.0,0.0,0.0,0.0,-0.0,-0.0,0.0,0.0,200.0,0.0,0.0,0.0,0.0,-0.0,-0.0,0.0,0.0,-0.0,-0.0,0.0,-0.0,,,,,
2025-07-14,0.0,0.0,0.0,0.0,0.0,-0.0,-0.0,0.0,0.0,200.0,0.0,0.0,0.0,0.0,-0.0,-0.0,0.0,0.0,-0.0,-0.0,0.0,-0.0,,,,,
2025-07-15,0.0,0.0,0.0,0.0,0.0,-0.0,-0.0,0.0,0.0,200.0,0.0,0.0,0.0,0.0,-0.0,-0.0,0.0,0.0,-0.0,-0.0,0.0,-0.0,,,,,
2025-07-16,0.0,0.0,0.0,0.0,0.0,-0.0,-0.0,0.0,0.0,200.0,0.0,0.0,0.0,0.0,-0.0,-0.0,0.0,0.0,-0.0,-0.0,0.0,-0.0,,,,,
2025-07-17,0.0,0.0,0.0,0.0,0.0,-0.0,-0.0,0.0,0.0,200.0,0.0,0.0,0.0,0.0,-0.0,-0.0,0.0,0.0,-0.0,-0.0,0.0,-0.0,,,,,
2025-07-18,0.0,0.0,0.0,0.0,0.0,-0.0,-0.0,0.0,0.0,200.0,0.0,0.0,0.0,0.0,-0.0,-0.0,0.0,0.0,-0.0,-0.0,0.0,-0.0,,,,,
2025-07-21,0.0,0.0,0.0,0.0,0.0,-0.0,-0.0,0.0,0.0,200.0,0.0,0.0,0.0,0.0,-0.0,-0.0,0.0,0.0,-0.0,-0.0,0.0,-0.0,,,,,
2025-07-22,0.0,0.0,0.0,0.0,0.0,-0.0,-0.0,0.0,0.0,200.0,0.0,0.0,0.0,0.0,-0.0,-0.0,0.0,0.0,-0.0,-0.0,0.0,-0.0,,,,,
2025-07-23,0.0,0.0,0.0,0.0,0.0,-0.0,-0.0,0.0,0.0,200.0,0.0,0.0,0.0,0.0,-0.0,-0.0,0.0,0.0,-0.0,-0.0,0.0,-0.0,,,,,
2025-07-24,0.0,0.0,0.0,0.0,0.0,-0.0,-0.0,0.0,0.0,200.0,0.0,0.0,0.0,0.0,-0.0,-0.0,0.0,0.0,-0.0,-0.0,0.0,-0.0,,,,,
2025-07-25,0.0,0.0,0.0,0.0,0.0,-0.0,-0.0,0.0,0.0,200.0,0.0,0.0,0.0,0.0,-0.0,-0.0,0.0,0.0,-0.0,-0.0,0.0,-0.0,,,,,
2025-07-28,0.0,0.0,0.0,0.0,0.0,-0.0,-0.0,0.0,0.0,200.0,0.0,0.0,0.0,0.0,-0.0,-0.0,0.0,0.0,-0.0,-0.0,0.0,-0.0,,,,,
2025-07-29,0.0,0.0,0.0,0.0,0.0,-0.0,-0.0,0.0,0.0,200.0,0.0,0.0,0.0,0.0,-0.0,-0.0,0.0,0.0,-0.0,-0.0,0.0,-0.0,,,,,
2025-07-30,0.0,0.0,0.0,0.0,0.0,-0.0,-0.0,0.0,0.0,200.0,0.0,0.0,0.0,0.0,-0.0,-0.0,0.0,0.0,-0.0,-0.0,0.0,-0.0,,,,,
2025-07-31,0.0,0.0,0.0,0.0,0.0,-0.0,-0.0,0.0,0.0,200.0,0.0,0.0,0.0,0.0,-0.0,-0.0,0.0,0.0,-0.0,-0.0,0.0,-0.0,,,,,
2025-08-01,0.0,0.0,0.0,0.0,0.0,-0.0,-0.0,0.0,0.0,200.0,0.0,0.0,0.0,0.0,-0.0,-0.0,0.0,0.0,-0.0,-0.0,0.0,-0.0,,,,,
2025-08-04,0.0,0.0,0.0,0.0,0.0,-0.0,-0.0,0.0,0.0,200.0,0.0,0.0,0.0,0.0,-0.0,-0.0,0.0,0.0,-0.0,-0.0,0.0,-0.0,,,,,
2025-08-05,0.0,0.0,0.0,0.0,0.0,-0.0,-0.0,0.0,0.0,200.0,0.0,0.0,0.0,0.0,-0.0,-0.0,0.0,0.0,-0.0,-0.0,0.0,-0.0,,,,,
2025-08-06,0.0,0.0,0.0,0.0,0.0,-0.0,-0.0,0.0,0.0,200.0,0.0,0.0,0.0,0.0,-0.0,-0.0,0.0,0.0,-0.0,-0.0,0.0,-0.0,,,,,
2025-08-07,0.0,0.0,0.0,0.0,0.0,-0.0,-0.0,0.0,0.0,200.0,0.0,0.0,0.0,0.0,-0.0,-0.0,0.0,0.0,-0.0,-0.0,0.0,-0.0,,,,,
2025-08-08,0.0,0.0,0.0,0.0,0.0,-0.0,-0.0,0.0,0.0,200.0,0.0,0.0,0.0,0.0,-0.0,-0.0,0.0,0.0,-0.0,-0.0,0.0,-0.0,,,,,
2025-08-11,0.0,0.0,0.0,0.0,0.0,-0.0,-0.0,0.0,0.0,200.0,0.0,0.0,0.0,0.0,-0.0,-0.0,0.0,0.0,-0.0,-0.0,0.0,-0.0,,,,,
2025-08-12,0.0,0.0,0.0,0.0,0.0,-0.0,-0.0,0.0,0.0,200.0,0.0,0.0,0.0,0.0,-0.0,-0.0,0.0,0.0,-0.0,-0.0,0.0,-0.0,,,,,
2025-08-13,0.0,0.0,0.0,0.0,0.0,-0.0,-0.0,0.0,0.0,200.0,0.0,0.0,0.0,0.0,-0.0,-0.0,0.0,0.0,-0.0,-0.0,0.0,-0.0,,,,,
2025-08-14,0.0,0.0,0.0,0.0,0.0,-0.0,-0.0,0.0,0.0,200.0,0.0,0.0,0.0,0.0,-0.0,-0.0,0.0,0.0,-0.0,-0.0,0.0,-0.0,,,,,
2025-08-15,0.0,0.0,0.0,0.0,0.0,-0.0,-0.0,0.0,0.0,200.0,0.0,0.0,0.0,0.0,-0.0,-0.0,0.0,0.0,-0.0,-0.0,0.0,-0.0,,,,,
2025-08-18,0.0,0.0,0.0,0.0,0.0,-0.0,-0.0,0.0,0.0,200.0,0.0,0.0,0.0,0.0,-0.0,-0.0,0.0,0.0,-0.0,-0.0,0.0,-0.0,,,,,
2025-08-19,0.0,0.0,0.0,0.0,0.0,-0.0,-0.0,0.0,0.0,200.0,0.0,0.0,0.0,0.0,-0.0,-0.0,0.0,0.0,-0.0,-0.0,0.0,-0.0,,,,,
2025-08-20,0.0,0.0,0.0,0.0,0.0,-0.0,-0.0,0.0,0.0,200.0,0.0,0.0,0.0,0.0,-0.0,-0.0,0.0,0.0,-0.0,-0.0,0.0,-0.0,,,,,
2025-08-21,0.0,0.0,0.0,0.0,0.0,-0.0,-0.0,0.0,0.0,200.0,0.0,0.0,0.0,0.0,-0.0,-0.0,0.0,0.0,-0.0,-0.0,0.0,-0.0,,,,,
2025-08-22,0.0,0.0,0.0,0.0,0.0,-0.0,-0.0,0.0,0.0,200.0,0.0,0.0,0.0,0.0,-0.0,-0.0,0.0,0.0,-0.0,-0.0,0.0,-0.0,,,,,
2025-08-25,0.0,0.0,0.0,0.0,0.0,-0.0,-0.0,0.0,0.0,200.0,0.0,0.0,0.0,0.0,-0.0,-0.0,0.0,0.0,-0.0,-0.0,0.0,-0.0,,,,,
2025-08-26,0.0,0.0,0.0,0.0,0.0,-0.0,-0.0,0.0,0.0,200.0,0.0,0.0,0.0,0.0,-0.0,-0.0,0.0,0.0,-0.0,-0.0,0.0,-0.0,,,,,
2025-08-27,0.0,0.0,0.0,0.0,0.0,-0.0,-0.0,0.0,0.0,200.0,0.0,0.0,0.0,0.0,-0.0,-0.0,0.0,0.0,-0.0,-0.0,0.0,-0.0,,,,,
2025-08-28,0.0,0.0,0.0,0.0,0.0,-0.0,-0.0,0.0,0.0,200.0,0.0,0.0,0.0,0.0,-0.0,-0.0,0.0,0.0,-0.0,-0.0,0.0,-0.0,,,,,
2025-08-29,0.0,0.0,0.0,0.0,0.0,-0.0,-0.0,0.0,0.0,200.0,0.0,0.0,0.0,0.0,-0.0,-0.0,0.0,0.0,-0.0,-0.0,0.0,-0.0,,,,,
2025-09-01,0.0,0.0,0.0,0.0,0.0,-0.0,-0.0,0.0,0.0,200.0,0.0,0.0,0.0,0.0,-0.0,-0.0,0.0,0.0,-0.0,-0.0,0.0,-0.0,,,,,
2025-09-02,0.0,0.0,0.0,0.0,0.0,-0.0,-0.0,0.0,0.0,200.0,0.0,0.0,0.0,0.0,-0.0,-0.0,0.0,0.0,-0.0,-0.0,0.0,-0.0,,,,,
2025-09-03,0.0,0.0,0.0,0.0,0.0,-0.0,-0.0,0.0,0.0,200.0,0.0,0.0,0.0,0.0,-0.0,-0.0,0.0,0.0,-0.0,-0.0,0.0,-0.0,,,,,
2025-09-04,0.0,0.0,0.0,0.0,0.0,-0.0,-0.0,0.0,0.0,200.0,0.0,0.0,0.0,0.0,-0.0,-0.0,0.0,0.0,-0.0,-0.0,0.0,-0.0,,,,,
2025-09-05,0.0,0.0,0.0,0.0,0.0,-0.0,-0.0,0.0,0.0,200.0,0.0,0.0,0.0,0.0,-0.0,-0.0,0.0,0.0,-0.0,-0.0,0.0,-0.0,,,,,
2025-09-08,0.0,0.0,0.0,0.0,0.0,-0.0,-0.0,0.0,0.0,200.0,0.0,0.0,0.0,0.0,-0.0,-0.0,0.0,0.0,-0.0,-0.0,0.0,-0.0,,,,,
2025-09-09,0.0,0.0,0.0,0.0,0.0,-0.0,-0.0,0.0,0.0,200.0,0.0,0.0,0.0,0.0,-0.0,-0.0,0.0,0.0,-0.0,-0.0,0.0,-0.0,,,,,
2025-09-10,0.0,0.0,0.0,0.0,0.0,-0.0,-0.0,0.0,0.0,200.0,0.0,0.0,0.0,0.0,-0.0,-0.0,0.0,0.0,-0.0,-0.0,0.0,-0.0,,,,,
2025-09-11,0.0,0.0,0.0,0.0,0.0,-0.0,-0.0,0.0,0.0,200.0,0.0,0.0,0.0,0.0,-0.0,-0.0,0.0,0.0,-0.0,-0.0,0.0,-0.0,,,,,
2025-09-12,0.0,0.0,0.0,0.0,0.0,-0.0,-0.0,0.0,0.0,200.0,0.0,0.0,0.0,0.0,-0.0,-0.0,0.0,0.0,-0.0,-0.0,0.0,-0.0,,,,,
2025-09-15,0.0,0.0,0.0,0.0,0.0,-0.0,-0.0,0.0,0.0,200.0,0.0,0.0,0.0,0.0,-0.0,-0.0,0.0,0.0,-0.0,-0.0,0.0,-0.0,,,,,
2025-09-16,0.0,0.0,0.0,0.0,0.0,-0.0,-0.0,0.0,0.0,200.0,0.0,0.0,0.0,0.0,-0.0,-0.0,0.0,0.0,-0.0,-0.0,0.0,-0.0,,,,,
2025-09-17,0.0,0.0,0.0,0.0,0.0,-0.0,-0.0,0.0,0.0,200.0,0.0,0.0,0.0,0.0,-0.0,-0.0,0.0,0.0,-0.0,-0.0,0.0,-0.0,,,,,
2025-09-18,0.0,0.0,0.0,0.0,0.0,-0.0,-0.0,0.0,0.0,200.0,0.0,0.0,0.0,0.0,-0.0,-0.0,0.0,0.0,-0.0,-0.0,0.0,-0.0,,,,,
2025-09-19,0.0,0.0,0.0,0.0,0.0,-0.0,-0.0,0.0,0.0,200.0,0.0,0.0,0.0,0.0,-0.0,-0.0,0.0,0.0,-0.0,-0.0,0.0,-0.0,,,,,
2025-09-22,0.0,0.0,0.0,0.0,0.0,-0.0,-0.0,0.0,0.0,200.0,0.0,0.0,0.0,0.0,-0.0,-0.0,0.0,0.0,-0.0,-0.0,0.0,-0.0,,,,,
2025-09-23,0.0,0.0,0.0,0.0,0.0,-0.0,-0.0,0.0,0.0,200.0,0.0,0.0,0.0,0.0,-0.0,-0.0,0.0,0.0,-0.0,-0.0,0.0,-0.0,,,,,
2025-09-24,0.0,0.0,0.0,0.0,0.0,-0.0,-0.0,0.0,0.0,200.0,0.0,0.0,0.0,0.0,-0.0,-0.0,0.0,0.0,-0.0,-0.0,0.0,-0.0,,,,,
2025-09-25,0.0,0.0,0.0,0.0,0.0,-0.0,-0.0,0.0,0.0,200.0,0.0,0.0,0.0,0.0,-0.0,-0.0,0.0,0.0,-0.0,-0.0,0.0,-0.0,,,,,
2025-09-26,0.0,0.0,0.0,0.0,0.0,-0.0,-0.0,0.0,0.0,200.0,0.0,0.0,0.0,0.0,-0.0,-0.0,0.0,0.0,-0.0,-0.0,0.0,-0.0,,,,,
2025-09-29,0.0,0.0,0.0,0.0,0.0,-0.0,-0.0,0.0,0.0,200.0,0.0,0.0,0.0,0.0,-0.0,-0.0,0.0,0.0,-0.0,-0.0,0.0,-0.0,,,,,
2025-09-30,0.0,0.0,0.0,0.0,0.0,-0.0,-0.0,0.0,0.0,200.0,0.0,0.0,0.0,0.0,-0.0,-0.0,0.0,0.0,-0.0,-0.0,0.0,-0.0,,,,,
2025-10-09,0.0,0.0,0.0,0.0,0.0,-0.0,-0.0,0.0,0.0,200.0,0.0,0.0,0.0,0.0,-0.0,-0.0,0.0,0.0,-0.0,-0.0,0.0,-0.0,,,,,
2025-10-10,0.0,0.0,0.0,0.0,0.0,-0.0,-0.0,0.0,0.0,200.0,0.0,0.0,0.0,0.0,-0.0,-0.0,0.0,0.0,-0.0,-0.0,0.0,-0.0,,,,,
2025-10-13,0.0,0.0,0.0,0.0,0.0,-0.0,-0.0,0.0,0.0,200.0,0.0,0.0,0.0,0.0,-0.0,-0.0,0.0,0.0,-0.0,-0.0,0.0,-0.0,,,,,
2025-10-14,0.0,0.0,0.0,0.0,0.0,-0.0,-0.0,0.0,0.0,200.0,0.0,0.0,0.0,0.0,-0.0,-0.0,0.0,0.0,-0.0,-0.0,0.0,-0.0,,,,,
2025-10-15,0.0,0.0,0.0,0.0,0.0,-0.0,-0.0,0.0,0.0,200.0,0.0,0.0,0.0,0.0,-0.0,-0.0,0.0,0.0,-0.0,-0.0,0.0,-0.0,,,,,
2025-10-16,0.0,0.0,0.0,0.0,0.0,-0.0,-0.0,0.0,0.0,200.0,0.0,0.0,0.0,0.0,-0.0,-0.0,0.0,0.0,-0.0,-0.0,0.0,-0.0,,,,,
2025-10-17,0.0,0.0,0.0,0.0,0.0,-0.0,-0.0,0.0,0.0,200.0,0.0,0.0,0.0,0.0,-0.0,-0.0,0.0,0.0,-0.0,-0.0,0.0,-0.0,,,,,
2025-10-20,0.0,0.0,0.0,0.0,0.0,-0.0,-0.0,0.0,0.0,200.0,0.0,0.0,0.0,0.0,-0.0,-0.0,0.0,0.0,-0.0,-0.0,0.0,-0.0,,,,,
2025-10-21,0.0,0.0,0.0,0.0,0.0,-0.0,-0.0,0.0,0.0,200.0,0.0,0.0,0.0,0.0,-0.0,-0.0,0.0,0.0,-0.0,-0.0,0.0,-0.0,,,,,
2025-10-22,0.0,0.0,0.0,0.0,0.0,-0.0,-0.0,0.0,0.0,200.0,0.0,0.0,0.0,0.0,-0.0,-0.0,0.0,0.0,-0.0,-0.0,0.0,-0.0,,,,,
2025-10-23,0.0,0.0,0.0,0.0,0.0,-0.0,-0.0,0.0,0.0,200.0,0.0,0.0,0.0,0.0,-0.0,-0.0,0.0,0.0,-0.0,-0.0,0.0,-0.0,,,,,
2025-10-24,0.0,0.0,0.0,0.0,0.0,-0.0,-0.0,0.0,0.0,200.0,0.0,0.0,0.0,0.0,-0.0,-0.0,0.0,0.0,-0.0,-0.0,0.0,-0.0,,,,,
2025-10-27,0.0,0.0,0.0,0.0,0.0,-0.0,-0.0,0.0,0.0,200.0,0.0,0.0,0.0,0.0,-0.0,-0.0,0.0,0.0,-0.0,-0.0,0.0,-0.0,,,,,
2025-10-28,0.0,0.0,0.0,0.0,0.0,-0.0,-0.0,0.0,0.0,200.0,0.0,0.0,0.0,0.0,-0.0,-0.0,0.0,0.0,-0.0,-0.0,0.0,-0.0,,,,,
2025-10-29,0.0,0.0,0.0,0.0,0.0,-0.0,-0.0,0.0,0.0,200.0,0.0,0.0,0.0,0.0,-0.0,-0.0,0.0,0.0,-0.0,-0.0,0.0,-0.0,,,,,
2025-10-30,0.0,0.0,0.0,0.0,0.0,-0.0,-0.0,0.0,0.0,200.0,0.0,0.0,0.0,0.0,-0.0,-0.0,0.0,0.0,-0.0,-0.0,0.0,-0.0,,,,,
2025-10-31,0.0,0.0,0.0,0.0,0.0,-0.0,-0.0,0.0,0.0,200.0,0.0,0.0,0.0,0.0,-0.0,-0.0,0.0,0.0,-0.0,-0.0,0.0,-0.0,,,,,
2025-11-03,0.0,0.0,0.0,0.0,0.0,-0.0,-0.0,0.0,0.0,200.0,0.0,0.0,0.0,0.0,-0.0,-0.0,0.0,0.0,-0.0,-0.0,0.0,-0.0,,,,,
2025-11-04,0.0,0.0,0.0,0.0,0.0,-0.0,-0.0,0.0,0.0,200.0,0.0,0.0,0.0,0.0,-0.0,-0.0,0.0,0.0,-0.0,-0.0,0.0,-0.0,,,,,
2025-11-05,0.0,0.0,0.0,0.0,0.0,-0.0,-0.0,0.0,0.0,200.0,0.0,0.0,0.0,0.0,-0.0,-0.0,0.0,0.0,-0.0,-0.0,0.0,-0.0,,,,,
2025-11-06,0.0,0.0,0.0,0.0,0.0,-0.0,-0.0,0.0,0.0,200.0,0.0,0.0,0.0,0.0,-0.0,-0.0,0.0,0.0,-0.0,-0.0,0.0,-0.0,,,,,
2025-11-07,0.0,0.0,0.0,0.0,0.0,-0.0,-0.0,0.0,0.0,200.0,0.0,0.0,0.0,0.0,-0.0,-0.0,0.0,0.0,-0.0,-0.0,0.0,-0.0,,,,,
2025-11-10,0.0,0.0,0.0,0.0,0.0,-0.0,-0.0,0.0,0.0,200.0,0.0,0.0,0.0,0.0,-0.0,-0.0,0.0,0.0,-0.0,-0.0,0.0,-0.0,,,,,
2025-11-11,0.0,0.0,0.0,0.0,0.0,-0.0,-0.0,0.0,0.0,200.0,0.0,0.0,0.0,0.0,-0.0,-0.0,0.0,0.0,-0.0,-0.0,0.0,-0.0,,,,,
2025-11-12,0.0,0.0,0.0,0.0,0.0,-0.0,-0.0,0.0,0.0,200.0,0.0,0.0,0.0,0.0,-0.0,-0.0,0.0,0.0,-0.0,-0.0,0.0,-0.0,,,,,
2025-11-13,0.0,0.0,0.0,0.0,0.0,-0.0,-0.0,0.0,0.0,200.0,0.0,0.0,0.0,0.0,-0.0,-0.0,0.0,0.0,-0.0,-0.0,0.0,-0.0,,,,,
2025-11-14,0.0,0.0,0.0,0.0,0.0,-0.0,-0.0,0.0,0.0,200.0,0.0,0.0,0.0,0.0,-0.0,-0.0,0.0,0.0,-0.0,-0.0,0.0,-0.0,,,,,
2025-11-17,0.0,0.0,0.0,0.0,0.0,-0.0,-0.0,0.0,0.0,200.0,0.0,0.0,0.0,0.0,-0.0,-0.0,0.0,0.0,-0.0,-0.0,0.0,-0.0,,,,,
2025-11-18,0.0,0.0,0.0,0.0,0.0,-0.0,-0.0,0.0,0.0,200.0,0.0,0.0,0.0,0.0,-0.0,-0.0,0.0,0.0,-0.0,-0.0,0.0,-0.0,,,,,
2025-11-19,0.0,0.0,0.0,0.0,0.0,-0.0,-0.0,0.0,0.0,200.0,0.0,0.0,0.0,0.0,-0.0,-0.0,0.0,0.0,-0.0,-0.0,0.0,-0.0,,,,,
2025-11-20,0.0,0.0,0.0,0.0,0.0,-0.0,-0.0,0.0,0.0,200.0,0.0,0.0,0.0,0.0,-0.0,-0.0,0.0,0.0,-0.0,-0.0,0.0,-0.0,,,,,
2025-11-21,0.0,0.0,0.0,0.0,0.0,-0.0,-0.0,0.0,0.0,200.0,0.0,0.0,0.0,0.0,-0.0,-0.0,0.0,0.0,-0.0,-0.0,0.0,-0.0,,,,,
2025-11-24,0.0,0.0,0.0,0.0,0.0,-0.0,-0.0,0.0,0.0,200.0,0.0,0.0,0.0,0.0,-0.0,-0.0,0.0,0.0,-0.0,-0.0,0.0,-0.0,,,,,
2025-11-25,0.0,0.0,0.0,0.0,0.0,-0.0,-0.0,0.0,0.0,200.0,0.0,0.0,0.0,0.0,-0.0,-0.0,0.0,0.0,-0.0,-0.0,0.0,-0.0,,,,,
2025-11-26,0.0,0.0,0.0,0.0,0.0,-0.0,-0.0,0.0,0.0,200.0,0.0,0.0,0.0,0.0,-0.0,-0.0,0.0,0.0,-0.0,-0.0,0.0,-0.0,,,,,
2025-11-27,0.0,0.0,0.0,0.0,0.0,-0.0,-0.0,0.0,0.0,200.0,0.0,0.0,0.0,0.0,-0.0,-0.0,0.0,0.0,-0.0,-0.0,0.0,-0.0,,,,,
2025-11-28,0.0,0.0,0.0,0.0,0.0,-0.0,-0.0,0.0,0.0,200.0,0.0,0.0,0.0,0.0,-0.0,-0.0,0.0,0.0,-0.0,-0.0,0.0,-0.0,,,,,
2025-12-01,0.0,0.0,0.0,0.0,0.0,-0.0,-0.0,0.0,0.0,200.0,0.0,0.0,0.0,0.0,-0.0,-0.0,0.0,0.0,-0.0,-0.0,0.0,-0.0,,,,,
2025-12-02,0.0,0.0,0.0,0.0,0.0,-0.0,-0.0,0.0,0.0,200.0,0.0,0.0,0.0,0.0,-0.0,-0.0,0.0,0.0,-0.0,-0.0,0.0,-0.0,,,,,
2025-12-03,0.0,0.0,0.0,0.0,0.0,-0.0,-0.0,0.0,0.0,200.0,0.0,0.0,0.0,0.0,-0.0,-0.0,0.0,0.0,-0.0,-0.0,0.0,-0.0,,,,,
2025-12-04,0.0,0.0,0.0,0.0,0.0,-0.0,-0.0,0.0,0.0,200.0,0.0,0.0,0.0,0.0,-0.0,-0.0,0.0,0.0,-0.0,-0.0,0.0,-0.0,,,,,
2025-12-05,0.0,0.0,0.0,0.0,0.0,-0.0,-0.0,0.0,0.0,200.0,0.0,0.0,0.0,0.0,-0.0,-0.0,0.0,0.0,-0.0,-0.0,0.0,-0.0,,,,,
2025-12-08,0.0,0.0,0.0,0.0,0.0,-0.0,-0.0,0.0,0.0,200.0,0.0,0.0,0.0,0.0,-0.0,-0.0,0.0,0.0,-0.0,-0.0,0.0,-0.0,,,,,
2025-12-09,0.0,0.0,0.0,0.0,0.0,-0.0,-0.0,0.0,0.0,200.0,0.0,0.0,0.0,0.0,-0.0,-0.0,0.0,0.0,-0.0,-0.0,0.0,-0.0,,,,,
2025-12-10,0.0,0.0,0.0,0.0,0.0,-0.0,-0.0,0.0,0.0,200.0,0.0,0.0,0.0,0.0,-0.0,-0.0,0.0,0.0,-0.0,-0.0,0.0,-0.0,,,,,
2025-12-11,0.0,0.0,0.0,0.0,0.0,-0.0,-0.0,0.0,0.0,200.0,0.0,0.0,0.0,0.0,-0.0,-0.0,0.0,0.0,-0.0,-0.0,0.0,-0.0,,,,,
2025-12-12,0.0,0.0,0.0,0.0,0.0,-0.0,-0.0,0.0,0.0,200.0,0.0,0.0,0.0,0.0,-0.0,-0.0,0.0,0.0,-0.0,-0.0,0.0,-0.0,,,,,
2025-12-15,0.0,0.0,0.0,0.0,0.0,-0.0,-0.0,0.0,0.0,200.0,0.0,0.0,0.0,0.0,-0.0,-0.0,0.0,0.0,-0.0,-0.0,0.0,-0.0,,,,,
2025-12-16,0.0,0.0,0.0,0.0,0.0,-0.0,-0.0,0.0,0.0,200.0,0.0,0.0,0.0,0.0,-0.0,-0.0,0.0,0.0,-0.0,-0.0,0.0,-0.0,,,,,
2025-12-17,0.0,0.0,0.0,0.0,0.0,-0.0,-0.0,0.0,0.0,200.0,0.0,0.0,0.0,0.0,-0.0,-0.0,0.0,0.0,-0.0,-0.0,0.0,-0.0,,,,,
2025-12-18,0.0,0.0,0.0,0.0,0.0,-0.0,-0.0,0.0,0.0,200.0,0.0,0.0,0.0,0.0,-0.0,-0.0,0.0,0.0,-0.0,-0.0,0.0,-0.0,,,,,
2025-12-19,0.0,0.0,0.0,0.0,0.0,-0.0,-0.0,0.0,0.0,200.0,0.0,0.0,0.0,0.0,-0.0,-0.0,0.0,0.0,-0.0,-0.0,0.0,-0.0,,,,,
2025-12-22,0.0,0.0,0.0,0.0,0.0,-0.0,-0.0,0.0,0.0,200.0,0.0,0.0,0.0,0.0,-0.0,-0.0,0.0,0.0,-0.0,-0.0,0.0,-0.0,,,,,
2025-12-23,0.0,0.0,0.0,0.0,0.0,-0.0,-0.0,0.0,0.0,200.0,0.0,0.0,0.0,0.0,-0.0,-0.0,0.0,0.0,-0.0,-0.0,0.0,-0.0,,,,,
2025-12-24,0.0,0.0,0.0,0.0,0.0,-0.0,-0.0,0.0,0.0,200.0,0.0,0.0,0.0,0.0,-0.0,-0.0,0.0,0.0,-0.0,-0.0,0.0,-0.0,,,,,
2025-12-25,0.0,0.0,0.0,0.0,0.0,-0.0,-0.0,0.0,0.0,200.0,0.0,0.0,0.0,0.0,-0.0,-0.0,0.0,0.0,-0.0,-0.0,0.0,-0.0,,,,,
2025-12-26,0.0,0.0,0.0,0.0,0.0,-0.0,-0.0,0.0,0.0,200.0,0.0,0.0,0.0,0.0,-0.0,-0.0,0.0,0.0,-0.0,-0.0,0.0,-0.0,,,,,
2025-12-29,0.0,0.0,0.0,0.0,0.0,-0.0,-0.0,0.0,0.0,200.0,0.0,0.0,0.0,0.0,-0.0,-0.0,0.0,0.0,-0.0,-0.0,0.0,-0.0,,,,,
2025-12-30,0.0,0.0,0.0,0.0,0.0,-0.0,-0.0,0.0,0.0,200.0,0.0,0.0,0.0,0.0,-0.0,-0.0,0.0,0.0,-0.0,-0.0,0.0,-0.0,,,,,
2025-12-31,0.0,0.0,0.0,0.0,0.0,-0.0,-0.0,0.0,0.0,200.0,0.0,0.0,0.0,0.0,-0.0,-0.0,0.0,0.0,-0.0,-0.0,0.0,-0.0,,,,,
2026-01-05,0.0,0.0,0.0,0.0,0.0,-0.0,-0.0,0.0,0.0,200.0,0.0,0.0,0.0,0.0,-0.0,-0.0,0.0,0.0,-0.0,-0.0,0.0,-0.0,,,,,
2026-01-06,0.0,0.0,0.0,0.0,0.0,-0.0,-0.0,0.0,0.0,200.0,0.0,0.0,0.0,0.0,-0.0,-0.0,0.0,0.0,-0.0,-0.0,0.0,-0.0,,,,,
2026-01-07,0.0,0.0,0.0,0.0,0.0,-0.0,-0.0,0.0,0.0,200.0,0.0,0.0,0.0,0.0,-0.0,-0.0,0.0,0.0,-0.0,-0.0,0.0,-0.0,,,,,
2026-01-08,0.0,0.0,0.0,0.0,0.0,-0.0,-0.0,0.0,0.0,200.0,0.0,0.0,0.0,0.0,-0.0,-0.0,0.0,0.0,-0.0,-0.0,0.0,-0.0,,,,,
2026-01-09,0.0,0.0,0.0,0.0,0.0,-0.0,-0.0,0.0,0.0,200.0,0.0,0.0,0.0,0.0,-0.0,-0.0,0.0,0.0,-0.0,-0.0,0.0,-0.0,,,,,
2026-01-12,0.0,0.0,0.0,0.0,0.0,-0.0,-0.0,0.0,0.0,200.0,0.0,0.0,0.0,0.0,-0.0,-0.0,0.0,0.0,-0.0,-0.0,0.0,-0.0,,,,,
2026-01-13,0.0,0.0,0.0,0.0,0.0,-0.0,-0.0,0.0,0.0,200.0,0.0,0.0,0.0,0.0,-0.0,-0.0,0.0,0.0,-0.0,-0.0,0.0,-0.0,,,,,
2026-01-14,0.0,0.0,0.0,0.0,0.0,-0.0,-0.0,0.0,0.0,200.0,0.0,0.0,0.0,0.0,-0.0,-0.0,0.0,0.0,-0.0,-0.0,0.0,-0.0,,,,,
2026-01-15,0.0,0.0,0.0,0.0,0.0,-0.0,-0.0,0.0,0.0,200.0,0.0,0.0,0.0,0.0,-0.0,-0.0,0.0,0.0,-0.0,-0.0,0.0,-0.0,,,,,
2026-01-16,0.0,0.0,0.0,0.0,0.0,-0.0,-0.0,0.0,0.0,200.0,0.0,0.0,0.0,0.0,-0.0,-0.0,0.0,0.0,-0.0,-0.0,0.0,-0.0,,,,,
2026-01-19,0.0,0.0,0.0,0.0,0.0,-0.0,-0.0,0.0,0.0,200.0,0.0,0.0,0.0,0.0,-0.0,-0.0,0.0,0.0,-0.0,-0.0,0.0,-0.0,,,,,
2026-01-20,0.0,0.0,0.0,0.0,0.0,-0.0,-0.0,0.0,0.0,200.0,0.0,0.0,0.0,0.0,-0.0,-0.0,0.0,0.0,-0.0,-0.0,0.0,-0.0,,,,,
2026-01-21,0.0,0.0,0.0,0.0,0.0,-0.0,-0.0,0.0,0.0,200.0,0.0,0.0,0.0,0.0,-0.0,-0.0,0.0,0.0,-0.0,-0.0,0.0,-0.0,,,,,
2026-01-22,0.0,0.0,0.0,0.0,0.0,-0.0,-0.0,0.0,0.0,200.0,0.0,0.0,0.0,0.0,-0.0,-0.0,0.0,0.0,-0.0,-0.0,0.0,-0.0,,,,,
2026-01-23,0.0,0.0,0.0,0.0,0.0,-0.0,-0.0,0.0,0.0,200.0,0.0,0.0,0.0,0.0,-0.0,-0.0,0.0,0.0,-0.0,-0.0,0.0,-0.0,,,,,
2026-01-26,0.0,0.0,0.0,0.0,0.0,-0.0,-0.0,0.0,0.0,200.0,0.0,0.0,0.0,0.0,-0.0,-0.0,0.0,0.0,-0.0,-0.0,0.0,-0.0,,,,,
2026-01-27,0.0,0.0,0.0,0.0,0.0,-0.0,-0.0,0.0,0.0,200.0,0.0,0.0,0.0,0.0,-0.0,-0.0,0.0,0.0,-0.0,-0.0,0.0,-0.0,,,,,
2026-01-28,0.0,0.0,0.0,0.0,0.0,-0.0,-0.0,0.0,0.0,200.0,0.0,0.0,0.0,0.0,-0.0,-0.0,0.0,0.0,-0.0,-0.0,0.0,-0.0,,,,,
2026-01-29,0.0,0.0,0.0,0.0,0.0,-0.0,-0.0,0.0,0.0,200.0,0.0,0.0,0.0,0.0,-0.0,-0.0,0.0,0.0,-0.0,-0.0,0.0,-0.0,,,,,
2026-01-30,0.0,0.0,0.0,0.0,0.0,-0.0,-0.0,0.0,0.0,200.0,0.0,0.0,0.0,0.0,-0.0,-0.0,0.0,0.0,-0.0,-0.0,0.0,-0.0,,,,,
2026-02-02,0.0,0.0,0.0,0.0,0.0,-0.0,-0.0,0.0,0.0,200.0,0.0,0.0,0.0,0.0,-0.0,-0.0,0.0,0.0,-0.0,-0.0,0.0,-0.0,,,,,
2026-02-03,0.0,0.0,0.0,0.0,0.0,-0.0,-0.0,0.0,0.0,200.0,0.0,0.0,0.0,0.0,-0.0,-0.0,0.0,0.0,-0.0,-0.0,0.0,-0.0,,,,,
2026-02-04,0.0,0.0,0.0,0.0,0.0,-0.0,-0.0,0.0,0.0,200.0,0.0,0.0,0.0,0.0,-0.0,-0.0,0.0,0.0,-0.0,-0.0,0.0,-0.0,,,,,
2026-02-05,0.0,0.0,0.0,0.0,0.0,-0.0,-0.0,0.0,0.0,200.0,0.0,0.0,0.0,0.0,-0.0,-0.0,0.0,0.0,-0.0,-0.0,0.0,-0.0,,,,,
2026-02-06,0.0,0.0,0.0,0.0,0.0,-0.0,-0.0,0.0,0.0,200.0,0.0,0.0,0.0,0.0,-0.0,-0.0,0.0,0.0,-0.0,-0.0,0.0,-0.0,,,,,
2026-02-09,0.0,0.0,0.0,0.0,0.0,-0.0,-0.0,0.0,0.0,200.0,0.0,0.0,0.0,0.0,-0.0,-0.0,0.0,0.0,-0.0,-0.0,0.0,-0.0,,,,,
2026-02-10,0.0,0.0,0.0,0.0,0.0,-0.0,-0.0,0.0,0.0,200.0,0.0,0.0,0.0,0.0,-0.0,-0.0,0.0,0.0,-0.0,-0.0,0.0,-0.0,,,,,
2026-02-11,0.0,0.0,0.0,0.0,0.0,-0.0,-0.0,0.0,0.0,200.0,0.0,0.0,0.0,0.0,-0.0,-0.0,0.0,0.0,-0.0,-0.0,0.0,-0.0,,,,,
2026-02-12,0.0,0.0,0.0,0.0,0.0,-0.0,-0.0,0.0,0.0,200.0,0.0,0.0,0.0,0.0,-0.0,-0.0,0.0,0.0,-0.0,-0.0,0.0,-0.0,,,,,
2026-02-13,0.0,0.0,0.0,0.0,0.0,-0.0,-0.0,0.0,0.0,200.0,0.0,0.0,0.0,0.0,-0.0,-0.0,0.0,0.0,-0.0,-0.0,0.0,-0.0,,,,,
2026-02-24,0.0,0.0,0.0,0.0,0.0,-0.0,-0.0,0.0,0.0,200.0,0.0,0.0,0.0,0.0,-0.0,-0.0,0.0,0.0,-0.0,-0.0,0.0,-0.0,,,,,
2026-02-25,0.0,0.0,0.0,0.0,0.0,-0.0,-0.0,0.0,0.0,200.0,0.0,0.0,0.0,0.0,-0.0,-0.0,0.0,0.0,-0.0,-0.0,0.0,-0.0,,,,,
2026-02-26,0.0,0.0,0.0,0.0,0.0,-0.0,-0.0,0.0,0.0,200.0,0.0,0.0,0.0,0.0,-0.0,-0.0,0.0,0.0,-0.0,-0.0,0.0,-0.0,,,,,
2026-02-27,0.0,0.0,0.0,0.0,0.0,-0.0,-0.0,0.0,0.0,200.0,0.0,0.0,0.0,0.0,-0.0,-0.0,0.0,0.0,-0.0,-0.0,0.0,-0.0,,,,,
2026-03-02,0.0,0.0,0.0,0.0,0.0,-0.0,-0.0,0.0,0.0,200.0,0.0,0.0,0.0,0.0,-0.0,-0.0,0.0,0.0,-0.0,-0.0,0.0,-0.0,,,,,
2026-03-03,0.0,0.0,0.0,0.0,0.0,-0.0,-0.0,0.0,0.0,200.0,0.0,0.0,0.0,0.0,-0.0,-0.0,0.0,0.0,-0.0,-0.0,0.0,-0.0,,,,,
2026-03-04,0.0,0.0,0.0,0.0,0.0,-0.0,-0.0,0.0,0.0,200.0,0.0,0.0,0.0,0.0,-0.0,-0.0,0.0,0.0,-0.0,-0.0,0.0,-0.0,,,,,
2026-03-05,0.0,0.0,0.0,0.0,0.0,-0.0,-0.0,0.0,0.0,200.0,0.0,0.0,0.0,0.0,-0.0,-0.0,0.0,0.0,-0.0,-0.0,0.0,-0.0,,,,,
2026-03-06,0.0,0.0,0.0,0.0,0.0,-0.0,-0.0,0.0,0.0,200.0,0.0,0.0,0.0,0.0,-0.0,-0.0,0.0,0.0,-0.0,-0.0,0.0,-0.0,,,,,
2026-03-09,0.0,0.0,0.0,0.0,0.0,-0.0,-0.0,0.0,0.0,200.0,0.0,0.0,0.0,0.0,-0.0,-0.0,0.0,0.0,-0.0,-0.0,0.0,-0.0,,,,,
2026-03-10,0.0,0.0,0.0,0.0,0.0,-0.0,-0.0,0.0,0.0,200.0,0.0,0.0,0.0,0.0,-0.0,-0.0,0.0,0.0,-0.0,-0.0,0.0,-0.0,,,,,
2026-03-11,0.0,0.0,0.0,0.0,0.0,-0.0,-0.0,0.0,0.0,200.0,0.0,0.0,0.0,0.0,-0.0,-0.0,0.0,0.0,-0.0,-0.0,0.0,-0.0,,,,,
2026-03-12,0.0,0.0,0.0,0.0,0.0,-0.0,-0.0,0.0,0.0,200.0,0.0,0.0,0.0,0.0,-0.0,-0.0,0.0,0.0,-0.0,-0.0,0.0,-0.0,,,,,
2026-03-13,0.0,0.0,0.0,0.0,0.0,-0.0,-0.0,0.0,0.0,200.0,0.0,0.0,0.0,0.0,-0.0,-0.0,0.0,0.0,-0.0,-0.0,0.0,-0.0,,,,,
2026-03-16,0.0,0.0,0.0,0.0,0.0,-0.0,-0.0,0.0,0.0,200.0,0.0,0.0,0.0,0.0,-0.0,-0.0,0.0,0.0,-0.0,-0.0,0.0,-0.0,,,,,
2026-03-17,0.0,0.0,0.0,0.0,0.0,-0.0,-0.0,0.0,0.0,200.0,0.0,0.0,0.0,0.0,-0.0,-0.0,0.0,0.0,-0.0,-0.0,0.0,-0.0,,,,,
2026-03-18,0.0,0.0,0.0,0.0,0.0,-0.0,-0.0,0.0,0.0,200.0,0.0,0.0,0.0,0.0,-0.0,-0.0,0.0,0.0,-0.0,-0.0,0.0,-0.0,,,,,
2026-03-19,0.0,0.0,0.0,0.0,0.0,-0.0,-0.0,0.0,0.0,200.0,0.0,0.0,0.0,0.0,-0.0,-0.0,0.0,0.0,-0.0,-0.0,0.0,-0.0,,,,,
2026-03-20,0.0,0.0,0.0,0.0,0.0,-0.0,-0.0,0.0,0.0,200.0,0.0,0.0,0.0,0.0,-0.0,-0.0,0.0,0.0,-0.0,-0.0,0.0,-0.0,,,,,
2026-03-23,0.0,0.0,0.0,0.0,0.0,-0.0,-0.0,0.0,0.0,200.0,0.0,0.0,0.0,0.0,-0.0,-0.0,0.0,0.0,-0.0,-0.0,0.0,-0.0,,,,,
2026-03-24,0.0,0.0,0.0,0.0,0.0,-0.0,-0.0,0.0,0.0,200.0,0.0,0.0,0.0,0.0,-0.0,-0.0,0.0,0.0,-0.0,-0.0,0.0,-0.0,,,,,
2026-03-25,0.0,0.0,0.0,0.0,0.0,-0.0,-0.0,0.0,0.0,200.0,0.0,0.0,0.0,0.0,-0.0,-0.0,0.0,0.0,-0.0,-0.0,0.0,-0.0,,,,,
2026-03-26,0.0,0.0,0.0,0.0,0.0,-0.0,-0.0,0.0,0.0,200.0,0.0,0.0,0.0,0.0,-0.0,-0.0,0.0,0.0,-0.0,-0.0,0.0,-0.0,,,,,
2026-03-27,0.0,0.0,0.0,0.0,0.0,-0.0,-0.0,0.0,0.0,200.0,0.0,0.0,0.0,0.0,-0.0,-0.0,0.0,0.0,-0.0,-0.0,0.0,-0.0,,,,,
2026-03-30,0.0,0.0,0.0,0.0,0.0,-0.0,-0.0,0.0,0.0,200.0,0.0,0.0,0.0,0.0,-0.0,-0.0,0.0,0.0,-0.0,-0.0,0.0,-0.0,,,,,
2026-03-31,0.0,0.0,0.0,0.0,0.0,-0.0,-0.0,0.0,0.0,200.0,0.0,0.0,0.0,0.0,-0.0,-0.0,0.0,0.0,-0.0,-0.0,0.0,-0.0,,,,,
2026-04-01,0.0,0.0,0.0,0.0,0.0,-0.0,-0.0,0.0,0.0,200.0,0.0,0.0,0.0,0.0,-0.0,-0.0,0.0,0.0,-0.0,-0.0,0.0,-0.0,,,,,
2026-04-02,0.0,0.0,0.0,0.0,0.0,-0.0,-0.0,0.0,0.0,200.0,0.0,0.0,0.0,0.0,-0.0,-0.0,0.0,0.0,-0.0,-0.0,0.0,-0.0,,,,,
2026-04-03,0.0,0.0,0.0,0.0,0.0,-0.0,-0.0,0.0,0.0,200.0,0.0,0.0,0.0,0.0,-0.0,-0.0,0.0,0.0,-0.0,-0.0,0.0,-0.0,,,,,
2026-04-07,0.0,0.0,0.0,0.0,0.0,-0.0,-0.0,0.0,0.0,200.0,0.0,0.0,0.0,0.0,-0.0,-0.0,0.0,0.0,-0.0,-0.0,0.0,-0.0,,,,,
2026-04-08,0.0,0.0,0.0,0.0,0.0,-0.0,-0.0,0.0,0.0,200.0,0.0,0.0,0.0,0.0,-0.0,-0.0,0.0,0.0,-0.0,-0.0,0.0,-0.0,,,,,
2026-04-09,0.0,0.0,0.0,0.0,0.0,-0.0,-0.0,0.0,0.0,200.0,0.0,0.0,0.0,0.0,-0.0,-0.0,0.0,0.0,-0.0,-0.0,0.0,-0.0,,,,,
2026-04-10,0.0,0.0,0.0,0.0,0.0,-0.0,-0.0,0.0,0.0,200.0,0.0,0.0,0.0,0.0,-0.0,-0.0,0.0,0.0,-0.0,-0.0,0.0,-0.0,,,,,
2026-04-13,0.0,0.0,0.0,0.0,0.0,-0.0,-0.0,0.0,0.0,200.0,0.0,0.0,0.0,0.0,-0.0,-0.0,0.0,0.0,-0.0,-0.0,0.0,-0.0,,,,,
2026-04-14,0.0,0.0,0.0,0.0,0.0,-0.0,-0.0,0.0,0.0,200.0,0.0,0.0,0.0,0.0,-0.0,-0.0,0.0,0.0,-0.0,-0.0,0.0,-0.0,,,,,
2026-04-15,0.0,0.0,0.0,0.0,0.0,-0.0,-0.0,0.0,0.0,200.0,0.0,0.0,0.0,0.0,-0.0,-0.0,0.0,0.0,-0.0,-0.0,0.0,-0.0,,,,,
2026-04-16,0.0,0.0,0.0,0.0,0.0,-0.0,-0.0,0.0,0.0,200.0,0.0,0.0,0.0,0.0,-0.0,-0.0,0.0,0.0,-0.0,-0.0,0.0,-0.0,,,,,
2026-04-17,0.0,0.0,0.0,0.0,0.0,-0.0,-0.0,0.0,0.0,200.0,0.0,0.0,0.0,0.0,-0.0,-0.0,0.0,0.0,-0.0,-0.0,0.0,-0.0,,,,,
2026-04-20,0.0,0.0,0.0,0.0,0.0,-0.0,-0.0,0.0,0.0,200.0,0.0,0.0,0.0,0.0,-0.0,-0.0,0.0,0.0,-0.0,-0.0,0.0,-0.0,,,,,
2026-04-21,0.0,0.0,0.0,0.0,0.0,-0.0,-0.0,0.0,0.0,200.0,0.0,0.0,0.0,0.0,-0.0,-0.0,0.0,0.0,-0.0,-0.0,0.0,-0.0,,,,,
2026-04-22,0.0,0.0,0.0,0.0,0.0,-0.0,-0.0,0.0,0.0,200.0,0.0,0.0,0.0,0.0,-0.0,-0.0,0.0,0.0,-0.0,-0.0,0.0,-0.0,,,,,
2026-04-23,0.0,0.0,0.0,0.0,0.0,-0.0,-0.0,0.0,0.0,200.0,0.0,0.0,0.0,0.0,-0.0,-0.0,0.0,0.0,-0.0,-0.0,0.0,-0.0,,,,,
2026-04-24,0.0,0.0,0.0,0.0,0.0,-0.0,-0.0,0.0,0.0,200.0,0.0,0.0,0.0,0.0,-0.0,-0.0,0.0,0.0,-0.0,-0.0,0.0,-0.0,,,,,
2026-04-27,0.0,0.0,0.0,0.0,0.0,-0.0,-0.0,0.0,0.0,200.0,0.0,0.0,0.0,0.0,-0.0,-0.0,0.0,0.0,-0.0,-0.0,0.0,-0.0,,,,,
2026-04-28,0.0,0.0,0.0,0.0,0.0,-0.0,-0.0,0.0,0.0,200.0,0.0,0.0,0.0,0.0,-0.0,-0.0,0.0,0.0,-0.0,-0.0,0.0,-0.0,,,,,
2026-04-29,0.0,0.0,0.0,0.0,0.0,-0.0,-0.0,0.0,0.0,200.0,0.0,0.0,0.0,0.0,-0.0,-0.0,0.0,0.0,-0.0,-0.0,0.0,-0.0,,,,,
