date,trade_type,instrument_type,contract,quantity,price,multiplier,notional,transaction_cost,reason
2023-05-04,hedge_rebalance,futures,IM2305,1.0,6717.385147125124,200.0,1343477.0294250248,0.0,delta_rebalance
2023-05-15,roll_close,futures,IM2305,-1.0,6638.452145867571,200.0,1327690.4291735142,0.0,futures_roll
2023-05-15,roll_open,futures,IM2306,1.0,6607.96728920585,200.0,1321593.45784117,0.0,futures_roll
2023-05-16,hedge_rebalance,futures,IM2306,1.0,6596.098319958509,200.0,1319219.6639917018,0.0,delta_rebalance
2023-06-12,roll_close,futures,IM2306,-2.0,6378.193590722945,200.0,2551277.436289178,0.0,futures_roll
2023-06-12,roll_open,futures,IM2307,2.0,6341.602497432899,200.0,2536640.9989731596,0.0,futures_roll
2023-06-19,hedge_rebalance,futures,IM2307,7.0,6284.138032523962,200.0,8797793.245533546,0.0,delta_rebalance
2023-06-20,hedge_rebalance,futures,IM2307,-7.0,6272.215826694553,200.0,8781102.157372372,0.0,delta_rebalance
2023-06-26,hedge_rebalance,futures,IM2307,1.0,6252.469005807592,200.0,1250493.8011615183,0.0,delta_rebalance
2023-07-17,roll_close,futures,IM2307,-3.0,6078.896252306625,200.0,3647337.7513839747,0.0,futures_roll
2023-07-17,roll_open,futures,IM2308,3.0,6050.9809677130015,200.0,3630588.5806278004,0.0,futures_roll
2023-08-10,hedge_rebalance,futures,IM2308,1.0,5840.821749427885,200.0,1168164.349885577,0.0,delta_rebalance
2023-08-14,roll_close,futures,IM2308,-4.0,5818.637697161998,200.0,4654910.157729599,0.0,futures_roll
2023-08-14,roll_open,futures,IM2309,4.0,5791.917562367491,200.0,4633534.049893993,0.0,futures_roll
2023-09-11,roll_close,futures,IM2309,-4.0,5558.379142017373,200.0,4446703.313613898,0.0,futures_roll
2023-09-11,roll_open,futures,IM2310,4.0,5526.491246669883,200.0,4421192.997335907,0.0,futures_roll
2023-10-16,roll_close,futures,IM2310,-4.0,5311.133514629978,200.0,4248906.811703983,0.0,futures_roll
2023-10-16,roll_open,futures,IM2311,4.0,5286.743921943746,200.0,4229395.137554997,0.0,futures_roll
2023-11-06,hedge_rebalance,futures,IM2311,1.0,5110.056149312487,200.0,1022011.2298624974,0.0,delta_rebalance
2023-11-08,hedge_rebalance,futures,IM2311,-1.0,5085.731970781419,200.0,1017146.3941562837,0.0,delta_rebalance
2023-11-09,hedge_rebalance,futures,IM2311,1.0,5073.563676109274,200.0,1014712.7352218548,0.0,delta_rebalance
2023-11-13,roll_close,futures,IM2311,-5.0,5050.8749594853525,200.0,5050874.959485352,0.0,futures_roll
2023-11-13,roll_open,futures,IM2312,5.0,5027.680516598235,200.0,5027680.516598236,0.0,futures_roll
2023-12-11,roll_close,futures,IM2312,-5.0,4790.616404340725,200.0,4790616.404340725,0.0,futures_roll
2023-12-11,roll_open,futures,IM2401,5.0,4763.133091193407,200.0,4763133.091193407,0.0,futures_roll
2024-01-11,hedge_rebalance,futures,IM2401,-1.0,4501.371214651325,200.0,900274.242930265,0.0,delta_rebalance
2024-01-15,roll_close,futures,IM2401,-4.0,4478.306138167173,200.0,3582644.910533739,0.0,futures_roll
2024-01-15,roll_open,futures,IM2402,4.0,4457.74102483811,200.0,3566192.8198704883,0.0,futures_roll
2024-01-15,hedge_rebalance,futures,IM2402,1.0,4457.74102483811,200.0,891548.2049676221,0.0,delta_rebalance
2024-01-16,hedge_rebalance,futures,IM2402,-1.0,4445.518564685842,200.0,889103.7129371683,0.0,delta_rebalance
2024-02-19,roll_close,futures,IM2402,-4.0,4359.128761678597,200.0,3487303.009342877,0.0,futures_roll_missing_old_contract
2024-02-19,roll_open,futures,IM2403,4.0,4359.128761678597,200.0,3487303.009342877,0.0,futures_roll_missing_old_contract
2024-02-19,hedge_rebalance,futures,IM2403,1.0,4359.128761678597,200.0,871825.7523357193,0.0,delta_rebalance
2024-02-21,hedge_rebalance,futures,IM2403,-1.0,4360.5621355118,200.0,872112.4271023601,0.0,delta_rebalance
2024-03-05,hedge_rebalance,futures,IM2403,1.0,4369.890560870245,200.0,873978.112174049,0.0,delta_rebalance
2024-03-11,roll_close,futures,IM2403,-5.0,4374.202716109324,200.0,4374202.716109324,0.0,futures_roll
2024-03-11,roll_open,futures,IM2404,5.0,4349.108328901082,200.0,4349108.328901082,0.0,futures_roll
2024-04-15,roll_close,futures,IM2404,-5.0,4374.202716109324,200.0,4374202.716109324,0.0,futures_roll
2024-04-15,roll_open,futures,IM2405,5.0,4354.115662699906,200.0,4354115.662699906,0.0,futures_roll
2024-05-13,roll_close,futures,IM2405,-5.0,4374.202716109324,200.0,4374202.716109324,0.0,futures_roll
2024-05-13,roll_open,futures,IM2406,5.0,4349.108328901082,200.0,4349108.328901082,0.0,futures_roll
2024-05-21,hedge_rebalance,futures,IM2406,29.0,4354.831466571934,200.0,25258022.506117217,0.0,delta_rebalance
2024-05-22,hedge_rebalance,futures,IM2406,-29.0,4355.547388120022,200.0,25262174.85109613,0.0,delta_rebalance
2024-06-17,roll_close,futures,IM2406,-5.0,4374.202716109324,200.0,4374202.716109324,0.0,futures_roll
2024-06-17,roll_open,futures,IM2407,5.0,4354.115662699906,200.0,4354115.662699906,0.0,futures_roll
2024-07-11,hedge_rebalance,futures,IM2407,-30.0,4371.327473410883,200.0,26227964.840465296,0.0,delta_rebalance
2024-07-12,hedge_rebalance,futures,IM2407,30.0,4372.046106854218,200.0,26232276.641125306,0.0,delta_rebalance
2024-07-15,roll_close,futures,IM2407,-5.0,4374.202716109324,200.0,4374202.716109324,0.0,futures_roll
2024-07-15,roll_open,futures,IM2408,5.0,4354.115662699906,200.0,4354115.662699906,0.0,futures_roll
2024-08-12,roll_close,futures,IM2408,-5.0,4374.202716109324,200.0,4374202.716109324,0.0,futures_roll
2024-08-12,roll_open,futures,IM2409,5.0,4349.108328901082,200.0,4349108.328901082,0.0,futures_roll
2024-08-26,hedge_rebalance,futures,IM2409,30.0,4359.128761678597,200.0,26154772.570071578,0.0,delta_rebalance
2024-08-27,hedge_rebalance,futures,IM2409,-30.0,4359.845389689424,200.0,26159072.338136546,0.0,delta_rebalance
2024-09-18,roll_close,futures,IM2409,-5.0,4375.641046577906,200.0,4375641.046577906,0.0,futures_roll
2024-09-18,roll_open,futures,IM2410,5.0,4355.547388120022,200.0,4355547.388120023,0.0,futures_roll
2024-10-08,hedge_rebalance,futures,IM2410,1.0,4369.890560870245,200.0,873978.112174049,0.0,delta_rebalance
2024-10-14,roll_close,futures,IM2410,-6.0,4374.202716109324,200.0,5249043.259331188,0.0,futures_roll
2024-10-14,roll_open,futures,IM2411,6.0,4354.115662699906,200.0,5224938.795239887,0.0,futures_roll
2024-11-11,roll_close,futures,IM2411,-6.0,4374.202716109324,200.0,5249043.259331188,0.0,futures_roll
2024-11-11,roll_open,futures,IM2412,6.0,4349.108328901082,200.0,5218929.994681299,0.0,futures_roll
2024-12-12,hedge_rebalance,futures,IM2412,-29.0,4371.327473410883,200.0,25353699.345783122,0.0,delta_rebalance
2024-12-13,hedge_rebalance,futures,IM2412,29.0,4372.046106854218,200.0,25357867.419754468,0.0,delta_rebalance
2024-12-16,roll_close,futures,IM2412,-6.0,4374.202716109324,200.0,5249043.259331188,0.0,futures_roll
2024-12-16,roll_open,futures,IM2501,6.0,4354.115662699906,200.0,5224938.795239887,0.0,futures_roll
2025-01-13,roll_close,futures,IM2501,-6.0,4374.202716109324,200.0,5249043.259331188,0.0,futures_roll
2025-01-13,roll_open,futures,IM2502,6.0,4349.108328901082,200.0,5218929.994681299,0.0,futures_roll
2025-02-17,roll_close,futures,IM2502,-6.0,4374.202716109324,200.0,5249043.259331188,0.0,futures_roll
2025-02-17,roll_open,futures,IM2503,6.0,4354.115662699906,200.0,5224938.795239887,0.0,futures_roll
2025-03-03,hedge_rebalance,futures,IM2503,29.0,4364.147632474878,200.0,25312056.268354293,0.0,delta_rebalance
2025-03-04,hedge_rebalance,futures,IM2503,-29.0,4364.865085573376,200.0,25316217.49632558,0.0,delta_rebalance
2025-03-10,hedge_rebalance,futures,IM2503,1.0,4369.172281734114,200.0,873834.4563468229,0.0,delta_rebalance
2025-03-17,roll_close,futures,IM2503,-7.0,4374.202716109324,200.0,6123883.802553053,0.0,futures_roll
2025-03-17,roll_open,futures,IM2504,7.0,4354.115662699906,200.0,6095761.927779868,0.0,futures_roll
2025-03-17,hedge_rebalance,futures,IM2504,-1.0,4354.115662699906,200.0,870823.1325399813,0.0,delta_rebalance
2025-03-18,hedge_rebalance,futures,IM2504,1.0,4354.831466571934,200.0,870966.2933143867,0.0,delta_rebalance
2025-03-25,hedge_rebalance,futures,IM2504,-28.0,4359.845389689424,200.0,24415134.182260778,0.0,delta_rebalance
2025-03-26,hedge_rebalance,futures,IM2504,28.0,4360.5621355118,200.0,24419147.958866082,0.0,delta_rebalance
2025-04-14,roll_close,futures,IM2504,-7.0,4374.202716109324,200.0,6123883.802553053,0.0,futures_roll
2025-04-14,roll_open,futures,IM2505,7.0,4354.115662699906,200.0,6095761.927779868,0.0,futures_roll
2025-05-12,roll_close,futures,IM2505,-7.0,4374.202716109324,200.0,6123883.802553053,0.0,futures_roll
2025-05-12,roll_open,futures,IM2506,7.0,4349.108328901082,200.0,6088751.660461515,0.0,futures_roll
2025-06-16,roll_close,futures,IM2506,-7.0,4374.202716109324,200.0,6123883.802553053,0.0,futures_roll
2025-06-16,roll_open,futures,IM2507,7.0,4354.115662699906,200.0,6095761.927779868,0.0,futures_roll
2025-07-04,hedge_rebalance,futures,IM2507,-25.0,4367.018152629571,200.0,21835090.763147857,0.0,delta_rebalance
2025-07-07,hedge_rebalance,futures,IM2507,26.0,4369.172281734114,200.0,22719695.865017395,0.0,delta_rebalance
2025-07-14,roll_close,futures,IM2507,-8.0,4374.202716109324,200.0,6998724.345774918,0.0,futures_roll
2025-07-14,roll_open,futures,IM2508,8.0,4354.115662699906,200.0,6966585.06031985,0.0,futures_roll
2025-07-17,hedge_rebalance,futures,IM2508,25.0,4356.263427363518,200.0,21781317.13681759,0.0,delta_rebalance
2025-07-18,hedge_rebalance,futures,IM2508,-25.0,4356.97958432177,200.0,21784897.921608847,0.0,delta_rebalance
2025-07-29,hedge_rebalance,futures,IM2508,-25.0,4364.865085573376,200.0,21824325.42786688,0.0,delta_rebalance
2025-07-30,hedge_rebalance,futures,IM2508,25.0,4365.5826566190635,200.0,21827913.283095315,0.0,delta_rebalance
2025-08-11,roll_close,futures,IM2508,-8.0,4374.202716109324,200.0,6998724.345774918,0.0,futures_roll
2025-08-11,roll_open,futures,IM2509,8.0,4349.108328901082,200.0,6958573.326241732,0.0,futures_roll
2025-09-15,roll_close,futures,IM2509,-8.0,4374.202716109324,200.0,6998724.345774918,0.0,futures_roll
2025-09-15,roll_open,futures,IM2510,8.0,4354.115662699906,200.0,6966585.06031985,0.0,futures_roll
2025-10-10,hedge_rebalance,futures,IM2510,1.0,4372.046106854218,200.0,874409.2213708436,0.0,delta_rebalance
2025-10-13,roll_close,futures,IM2510,-9.0,4374.202716109324,200.0,7873564.888996782,0.0,futures_roll
2025-10-13,roll_open,futures,IM2511,9.0,4349.108328901082,200.0,7828394.992021948,0.0,futures_roll
2025-10-23,hedge_rebalance,futures,IM2511,-22.0,4356.263427363518,200.0,19167559.080399476,0.0,delta_rebalance
2025-10-24,hedge_rebalance,futures,IM2511,22.0,4356.97958432177,200.0,19170710.171015788,0.0,delta_rebalance
2025-10-29,hedge_rebalance,futures,IM2511,21.0,4360.5621355118,200.0,18314360.96914956,0.0,delta_rebalance
2025-10-30,hedge_rebalance,futures,IM2511,-21.0,4361.278999165091,200.0,18317371.79649338,0.0,delta_rebalance
2025-11-04,hedge_rebalance,futures,IM2511,-21.0,4364.865085573376,200.0,18332433.359408177,0.0,delta_rebalance
2025-11-05,hedge_rebalance,futures,IM2511,21.0,4365.5826566190635,200.0,18335447.157800067,0.0,delta_rebalance
2025-11-17,roll_close,futures,IM2511,-9.0,4374.202716109324,200.0,7873564.888996782,0.0,futures_roll
2025-11-17,roll_open,futures,IM2512,9.0,4354.115662699906,200.0,7837408.192859831,0.0,futures_roll
2025-11-20,hedge_rebalance,futures,IM2512,20.0,4356.263427363518,200.0,17425053.70945407,0.0,delta_rebalance
2025-11-21,hedge_rebalance,futures,IM2512,-20.0,4356.97958432177,200.0,17427918.33728708,0.0,delta_rebalance
2025-12-08,hedge_rebalance,futures,IM2512,19.0,4369.172281734114,200.0,16602854.670589633,0.0,delta_rebalance
2025-12-09,hedge_rebalance,futures,IM2512,-19.0,4369.890560870245,200.0,16605584.131306931,0.0,delta_rebalance
2025-12-12,hedge_rebalance,futures,IM2512,-18.0,4372.046106854218,200.0,15739365.984675186,0.0,delta_rebalance
2025-12-15,roll_close,futures,IM2512,9.0,4374.202716109324,200.0,7873564.888996782,0.0,futures_roll
2025-12-15,roll_open,futures,IM2601,-9.0,4354.115662699906,200.0,7837408.192859831,0.0,futures_roll
2025-12-15,hedge_rebalance,futures,IM2601,18.0,4354.115662699906,200.0,15674816.385719663,0.0,delta_rebalance
2025-12-23,hedge_rebalance,futures,IM2601,18.0,4359.845389689424,200.0,15695443.402881926,0.0,delta_rebalance
2025-12-24,hedge_rebalance,futures,IM2601,-18.0,4360.5621355118,200.0,15698023.687842479,0.0,delta_rebalance
2026-01-12,roll_close,futures,IM2601,-9.0,4374.202716109324,200.0,7873564.888996782,0.0,futures_roll
2026-01-12,roll_open,futures,IM2602,9.0,4349.108328901082,200.0,7828394.992021948,0.0,futures_roll
2026-02-24,roll_close,futures,IM2602,-9.0,4359.845389689424,200.0,7847721.701440963,0.0,futures_roll_missing_old_contract
2026-02-24,roll_open,futures,IM2603,9.0,4359.845389689424,200.0,7847721.701440963,0.0,futures_roll_missing_old_contract
2026-02-24,hedge_rebalance,futures,IM2603,-11.0,4359.845389689424,200.0,9591659.857316734,0.0,delta_rebalance
2026-02-25,hedge_rebalance,futures,IM2603,10.0,4360.5621355118,200.0,8721124.2710236,0.0,delta_rebalance
2026-03-06,hedge_rebalance,futures,IM2603,-1.0,4367.018152629571,200.0,873403.6305259143,0.0,delta_rebalance
2026-03-09,hedge_rebalance,futures,IM2603,8.0,4369.172281734114,200.0,6990675.650774583,0.0,delta_rebalance
2026-03-10,hedge_rebalance,futures,IM2603,-8.0,4369.890560870245,200.0,6991824.897392392,0.0,delta_rebalance
2026-03-16,roll_close,futures,IM2603,-7.0,4374.202716109324,200.0,6123883.802553053,0.0,futures_roll
2026-03-16,roll_open,futures,IM2604,7.0,4354.115662699906,200.0,6095761.927779868,0.0,futures_roll
2026-03-17,hedge_rebalance,futures,IM2604,-7.0,4354.831466571934,200.0,6096764.053200707,0.0,delta_rebalance
2026-03-18,hedge_rebalance,futures,IM2604,6.0,4355.547388120022,200.0,5226656.865744026,0.0,delta_rebalance
2026-03-24,hedge_rebalance,futures,IM2604,-1.0,4359.845389689424,200.0,871969.0779378848,0.0,delta_rebalance
2026-03-27,hedge_rebalance,futures,IM2604,4.0,4361.995980668668,200.0,3489596.784534935,0.0,delta_rebalance
2026-03-30,hedge_rebalance,futures,IM2604,-5.0,4364.147632474878,200.0,4364147.632474879,0.0,delta_rebalance
2026-04-03,hedge_rebalance,futures,IM2604,-1.0,4367.018152629571,200.0,873403.6305259143,0.0,delta_rebalance
2026-04-07,hedge_rebalance,futures,IM2604,-1.0,4369.890560870245,200.0,873978.112174049,0.0,delta_rebalance
2026-04-09,hedge_rebalance,futures,IM2604,1.0,4371.327473410883,200.0,874265.4946821765,0.0,delta_rebalance
2026-04-10,hedge_rebalance,futures,IM2604,-1.0,4372.046106854218,200.0,874409.2213708436,0.0,delta_rebalance
2026-04-13,roll_close,futures,IM2604,-2.0,4374.202716109324,200.0,1749681.0864437295,0.0,futures_roll
2026-04-13,roll_open,futures,IM2605,2.0,4354.115662699906,200.0,1741646.2650799626,0.0,futures_roll
2026-04-13,hedge_rebalance,futures,IM2605,-1.0,4354.115662699906,200.0,870823.1325399813,0.0,delta_rebalance
2026-04-14,hedge_rebalance,futures,IM2605,-1.0,4354.831466571934,200.0,870966.2933143867,0.0,delta_rebalance
2026-04-15,hedge_rebalance,futures,IM2605,1.0,4355.547388120022,200.0,871109.4776240045,0.0,delta_rebalance
2026-04-16,hedge_rebalance,futures,IM2605,-1.0,4356.263427363518,200.0,871252.6854727035,0.0,delta_rebalance
