model,bucket,control,observed_bp,carry_bp,delta_path_bp,extra_cost_bp,leftover_bp
term_flat_q,buckets_nodes,front,-186.89978217931116,-109.39280149978434,-139.6476115474719,0.2406316137931045,61.899999254151986
term_flat_q,buckets_nodes,far,-83.44817713103524,-55.08295656957363,-124.27868412152304,-7.638246096551724,103.55170965661317
term_flat_q,buckets_far,front,-137.0189623724149,-76.05848385474482,-20.518786663186212,2.157865213793101,-42.59955706827697
term_flat_q,buckets_far,far,-33.567357324138996,-21.748638924534095,-5.149859237237333,-5.721012496551728,-0.94784666581584
term_flat_q,buckets_spot_parallel,front,-238.5089419034486,-107.66430974736097,-28.98422992737108,-5.994735006896553,-95.86566722182002
term_flat_q,buckets_spot_parallel,far,-135.05733685517265,-53.35446481715023,-13.615302501422194,-13.873612717241379,-54.21395681935885
term_flat_fwd,buckets_nodes,front,-214.07367103448152,-104.36774399856778,-41.98616069194113,-5.282222758620689,-62.43754358535193
term_flat_fwd,buckets_nodes,far,-113.59259790344967,-50.720812276619014,-26.0023533889846,-13.109839282758617,-23.759592955087438
term_flat_fwd,buckets_far,front,-194.38758049655124,-105.33495669501862,-12.14838684062113,-5.974063255172412,-70.93017370573908
term_flat_fwd,buckets_far,far,-93.90650736551936,-51.68802497306985,3.8354204623354113,-13.801679779310346,-32.252223075474575
term_flat_fwd,buckets_spot_parallel,front,-197.4006303448257,-104.39611007025135,-9.941284747390709,-6.044492413793105,-77.01874311339051
term_flat_fwd,buckets_spot_parallel,far,-96.91955721379381,-50.7491783483026,6.042522555565834,-13.872108937931033,-38.34079248312601
