model,bucket,control,n,d_terminal_pnl_bp,t_terminal_pnl_bp,d_cost_bp,t_cost_bp,d_daily_pnl_std_bp,t_daily_pnl_std_bp,d_turnover_hands_day,t_turnover_hands_day,d_abs_net_delta_hands,t_abs_net_delta_hands,d_abs_net_rhoq_bp,t_abs_net_rhoq_bp
term_flat_q,buckets_nodes,front,29,-186.89978217931116,-1.2970301771507877,-0.2406316137931045,-0.4604334354968461,20.797952862377215,6.4143302229825565,0.20971448631353906,0.9918277876265656,10.312836727556604,12.40705044581492,-35.67520563356133,-12.33701284476377
term_flat_q,buckets_nodes,far,29,-83.44817713103524,-0.6207176147095712,7.638246096551724,12.3770135345975,24.837137201961152,8.279621994836685,2.83726151654172,14.922094736590656,9.635789350416852,12.467548468920462,-20.394117882031022,-10.722342462356352
term_flat_q,buckets_far,front,29,-137.0189623724149,-4.690252782254881,-2.157865213793101,-5.527399659165261,-5.388415363475021,-4.0732716447969715,-0.7239024395948943,-3.4586395235049117,0.0597332948460859,5.201461456983899,-23.82320031409177,-11.238936926385609
term_flat_q,buckets_far,far,29,-33.567357324138996,-1.7578095191812964,5.721012496551728,7.787826169097393,-1.349231023891079,-3.2381071439234623,1.9036445906332864,15.696827037805718,-0.617314082293665,-7.922297010761044,-8.542112562561464,-6.3971419923385335
term_flat_q,buckets_spot_parallel,front,29,-238.5089419034486,-4.895954107487469,5.994735006896553,9.661555487543794,-5.596994228972718,-3.6104022151008675,2.6464343647516104,7.862138277362763,0.08746068012206164,5.678644919960878,-35.65416460817453,-12.31615624779491
term_flat_q,buckets_spot_parallel,far,29,-135.05733685517265,-3.7470192420919877,13.873612717241379,14.583576618757034,-1.557809889388775,-2.304998423824494,5.273981394979791,13.879189309485197,-0.5895866970176895,-7.2170982196969335,-20.37307685664423,-10.695076188395936
term_flat_fwd,buckets_nodes,front,29,-214.07367103448152,-3.820171226972192,5.282222758620689,5.810842778059506,-0.0840680307111338,-0.08604157313892577,2.444785924970294,5.635550028973979,0.6667551733771561,5.715541492631085,-35.35196569004652,-12.391807104698632
term_flat_fwd,buckets_nodes,far,29,-113.59259790344967,-2.230505476884336,13.109839282758617,16.241937443065414,1.5514712646105195,1.7328443524034618,5.037419052169374,11.484054013970269,7.663031035384124e-05,0.0004914973840589754,-20.316050367608312,-10.804339393312723
term_flat_fwd,buckets_far,front,29,-194.38758049655124,-4.768827740936763,5.974063255172412,7.451348792150915,-1.796034962964962,-2.0174689487011683,2.613281820441178,6.437385829127325,0.051544127613785254,4.318058286743367,-34.559000717731564,-12.024999573270634
term_flat_fwd,buckets_far,far,29,-93.90650736551936,-3.2630910872268224,13.801679779310346,16.580814136272103,-0.16049566764330828,-0.28999427571615755,5.205914947640258,12.588653440834198,-0.6151344154530171,-8.132676595756813,-19.523085395293364,-10.396078344175997
term_flat_fwd,buckets_spot_parallel,front,29,-197.4006303448257,-4.8014408054982205,6.044492413793105,6.9202923473069236,-1.9311336570872482,-2.1657157679514785,2.678560134944377,6.238589481527499,0.056861752535086456,4.204376255863914,-35.347169913501126,-12.387965430249313
term_flat_fwd,buckets_spot_parallel,far,29,-96.91955721379381,-3.295768938764597,13.872108937931033,16.1664020562918,-0.2955943617655947,-0.5384321857885923,5.2711932621434565,12.09166151610679,-0.6098167905317159,-8.03336258743028,-20.31125459106292,-10.79710957953081
