variant,base,inception,termination_reason,d_terminal_pnl_bp,d_daily_pnl_std_bp,d_variance_reduction_r2,d_max_drawdown_bp,d_turnover,d_cost_bp,d_roll_day_mtm_jump_bp,d_other_day_mtm_jump_bp,d_roll_day_q_jump,d_delta_churn
term_flat_q__front,flat_from_hedge__front,2023-05-04,ki_maturity,-19.909153599989224,-169.24729090010072,0.4213148716189804,-1008.5413947916685,-12.362846400000002,-12.362846400000024,-219.04377280410893,-65.45361883216916,-0.07243621670348288,-1.6131687242798352
term_flat_q__front,flat_from_hedge__front,2023-06-01,ki_maturity,37.45455839998772,-199.77975432076855,0.45677191483956625,-1300.3223387953885,-12.9745584,-12.974558399999978,-227.4435416693119,-76.01673959291955,-0.07112203952335823,-1.6707818930041154
term_flat_q__front,flat_from_hedge__front,2023-07-03,ki_maturity,-30.735828799994124,-252.53717130247514,0.5285440151126096,-1735.4830044864545,-11.0401712,-11.040171199999982,-281.0996311727819,-95.40166702241788,-0.07493528454413846,-1.5163934426229506
term_flat_q__front,flat_from_hedge__front,2023-08-01,ki_maturity,-31.960024799989924,-284.92027045678475,0.5652735205619166,-2082.048055910982,-10.239975200000003,-10.239975200000007,-317.0720816390045,-109.00097003011695,-0.07891949820428126,-1.3852459016393444
term_flat_q__front,flat_from_hedge__front,2023-09-01,ki_maturity,215.1553080000083,-311.35037038192337,0.5822470039945816,-2611.6791808589765,-14.027308000000001,-14.027308000000009,-298.5390400788572,-118.11811387290632,-0.08048705324095676,-1.8518518518518516
term_flat_q__front,flat_from_hedge__front,2023-10-09,ki_maturity,325.4702959999952,-346.3529593780347,0.5983750725114608,-3010.6919861013293,-10.382296,-10.382295999999993,-259.14021607762396,-136.82782329666014,-0.07410678431591153,-1.5555555555555556
term_flat_q__front,flat_from_hedge__front,2023-11-01,ko,452.2205240000054,-387.4123086906495,0.6159415877092693,-3236.360227868425,-10.548524,-10.548524,-307.5090113550424,-155.02703915376975,-0.07962649925110736,-1.6622222222222223
term_flat_q__front,flat_from_hedge__front,2023-12-01,ki_maturity,446.10284240000146,-405.7962264558025,0.6325960945398895,-3387.2523893593834,-5.598842399999999,-5.598842399999992,-279.4547179684981,-156.37983933837197,-0.06768646254061579,-1.0330578512396695
term_flat_q__front,flat_from_hedge__front,2024-01-02,ko,488.1261767999923,-497.4492279572452,0.6396631695032402,-3731.1950624253222,-5.686176800000002,-5.686176799999995,-407.4516080230146,-213.74176278929403,-0.08539581738407445,-1.2417582417582416
term_flat_q__front,flat_from_hedge__front,2024-02-01,ko,791.7284663999967,-851.0885204307582,0.6716358959840345,-5776.350390071306,-7.5124664,-7.512466400000004,-335.51808600162747,-249.37689166935039,-0.1380617882289245,-5.473684210526315
term_flat_q__front,flat_from_hedge__front,2024-03-01,ko,432.88894240001173,-313.76080910756775,0.4357280357271438,-2705.353882805982,-9.736942400000004,-9.736942400000004,-401.2791880754007,-184.39695228880186,-0.0716623618358343,-2.524137931034483
term_flat_q__front,flat_from_hedge__front,2024-04-01,ko,458.7551895999901,-328.07434941163586,0.44351547892439747,-1745.1713038619084,-4.6671896,-4.6671896000000075,-373.7593337698696,-191.80744184692745,-0.06302491924313464,-1.516129032258064
term_flat_q__front,flat_from_hedge__front,2024-05-06,ko,337.1609296000124,-334.63798894818865,0.5656298760480897,-1924.4286395615263,-2.0889296,-2.0889296000000037,-377.24570224191046,-170.27986530441316,-0.058259772241057634,-0.9807692307692308
term_flat_q__front,flat_from_hedge__front,2024-06-03,ko,278.22681999999963,-348.64445778501863,0.5558531690579717,-1735.2541416641332,-2.6828199999999995,-2.6828199999999978,-428.0238129625945,-194.4872200025237,-0.06646510736967477,-1.6904761904761898
term_flat_q__front,flat_from_hedge__front,2024-07-01,ko,142.37404959999822,-281.32613637455665,0.49973449321620145,-1306.3537936871594,-4.326049600000001,-4.326049600000003,-368.60128532410897,-172.19127240970698,-0.054470671925323365,-3.2615384615384615
term_flat_q__front,flat_from_hedge__front,2024-08-01,ko,166.97350240000588,-244.96536508734022,0.6347372782604506,-1391.3146053561002,-2.1415024000000003,-2.1415023999999967,-391.05946268100337,-108.51836517030264,-0.07294609153823582,-2.233333333333333
term_flat_q__front,flat_from_hedge__front,2024-09-02,ko,115.19203839999935,-106.68437168579337,0.4727435225116381,-708.6795665028922,-0.8080384000000005,-0.8080383999999969,-164.46658994753253,-39.40354541492301,-0.048157327073832135,-1.559322033898305
term_flat_q__front,flat_from_hedge__front,2024-10-08,ko,-312.3077064000043,-184.58032785092615,0.6078115449164909,-1226.1132548217495,-7.044293600000001,-7.0442935999999925,-85.14095918292304,-93.31346655906282,-0.046645700587152256,-2.932038834951456
term_flat_q__front,flat_from_hedge__front,2024-11-01,ko,139.20367039999724,-176.5358128685487,0.6506196287232093,-1176.8781258985675,-5.875670400000002,-5.8756704000000095,-183.79693085135608,-86.74371467556237,-0.04659532918473318,-2.9250000000000003
term_flat_q__front,flat_from_hedge__front,2024-12-02,ko,-427.96448160000114,-364.7462216868412,0.5637702557969307,-1810.4653720102522,-15.811518399999997,-15.811518399999994,-169.14102581191588,-176.01019372853756,-0.054701496335464464,-3.463414634146341
term_flat_q__front,flat_from_hedge__front,2025-01-02,ko,-218.68560240000375,-192.21235144149023,0.8523032978503962,-1402.315643427327,-6.6023976,-6.6023976000000015,-154.48730599736783,-95.43341835598854,-0.0691101031310508,-4.372881355932204
term_flat_q__front,flat_from_hedge__front,2025-02-05,ko,-675.3532360000045,-495.2075272521124,0.4078631820140395,-2016.4615908744654,-8.766764,-8.766763999999997,-61.99162072147405,-232.9402271294669,-0.05240641833602501,-5.278688524590163
term_flat_q__front,flat_from_hedge__front,2025-03-03,ko,-424.38297919999616,-485.6932519837112,0.6469883080777233,-3142.247354430723,-11.105020800000002,-11.105020799999998,-183.45444900695566,-232.0997772536959,-0.04941875335836171,-3.867924528301887
term_flat_q__front,flat_from_hedge__front,2025-04-01,ko,-177.5162552000018,-474.0834207375294,0.7189613117102526,-2387.1339081480614,-7.5637448,-7.563744800000004,-111.79726660526174,-201.31206089394965,-0.0325993081239406,-3.1666666666666665
term_flat_q__front,flat_from_hedge__front,2025-05-06,ko,-362.62294559999657,-217.07175489504678,0.5533547128041985,-1086.4860574755096,-7.3930544,-7.393054400000001,-126.12080481602636,-144.8703320523466,-0.04074700439845583,-4.090909090909091
term_flat_q__front,flat_from_hedge__front,2025-06-03,ko,-362.7910055999948,-214.6275286147512,0.35577117959992377,-1025.8120137375884,-6.3369944,-6.336994400000001,-92.88056813373855,-121.77663431677473,-0.0613609981876805,-3.611940298507463
term_flat_q__front,flat_from_hedge__front,2025-07-01,ko,-387.90616960000085,-286.9073927393695,0.222754542480457,-1458.6607287461825,-8.5578304,-8.557830400000002,-281.96716270346406,-154.3303697809388,-0.0635160528964955,-4.3283582089552235
term_flat_q__front,flat_from_hedge__front,2025-08-01,ko,-178.66384160000254,-245.90090180132515,0.5198121219761231,-1028.7965717405893,-7.7041584,-7.7041583999999945,-211.566685687581,-123.22028928783128,-0.038854355358818704,-3.7049180327868854
term_flat_q__front,flat_from_hedge__front,2025-09-01,ko,432.92471039999606,-485.51353447826085,0.720624071362154,-2848.4217349668247,-9.740710400000001,-9.740710400000012,-189.04145758932782,-240.23037514383805,-0.030672915092475495,-3.5903614457831323
term_flat_fwd__front,flat_from_hedge__front,2023-05-04,ki_maturity,-49.500362399996675,-177.17936070314917,0.4374406546013191,-1080.9111260044715,-12.2676376,-12.267637600000032,-223.82148822262968,-68.42228201913257,-0.07721237672930113,-1.5802469135802468
term_flat_fwd__front,flat_from_hedge__front,2023-06-01,ki_maturity,66.46674559998598,-206.56623967248558,0.47062351904650457,-1403.9517042251232,-12.5947456,-12.594745599999985,-232.299440756126,-78.23545826473283,-0.07350002529184722,-1.6213991769547325
term_flat_fwd__front,flat_from_hedge__front,2023-07-03,ki_maturity,-14.086549599999557,-254.21289751171872,0.5319383004633589,-1748.233452059559,-11.089450399999997,-11.089450399999983,-283.87080385119543,-96.16424403857258,-0.07824396003300349,-1.5163934426229506
term_flat_fwd__front,flat_from_hedge__front,2023-08-01,ki_maturity,-29.530967999994687,-287.77400239997525,0.5710951931475956,-2109.649185595411,-10.357032,-10.357032,-320.1963116081547,-110.37219669701962,-0.07933852946128414,-1.4016393442622952
term_flat_fwd__front,flat_from_hedge__front,2023-09-01,ki_maturity,250.02993120000178,-313.8197681949014,0.5873796462344897,-2630.683970553216,-13.853931200000002,-13.853931200000012,-301.2326030132714,-119.86429392536733,-0.08326130830674755,-1.8271604938271602
term_flat_fwd__front,flat_from_hedge__front,2023-10-09,ki_maturity,342.5204336000013,-349.8191364622631,0.6046878135651025,-3047.3037321455395,-10.472433599999999,-10.472433600000002,-262.9785633054306,-138.87028440617974,-0.07786085294300535,-1.5637860082304527
term_flat_fwd__front,flat_from_hedge__front,2023-11-01,ko,500.20050720000893,-392.83658932451766,0.6254381317621815,-3316.3432564084105,-10.616507199999997,-10.616507199999997,-311.2874670041951,-158.70812950688514,-0.08129411879876586,-1.6711111111111112
term_flat_fwd__front,flat_from_hedge__front,2023-12-01,ki_maturity,477.52026960000194,-415.1268974104765,0.6491357466691358,-3520.548515377162,-5.688269599999998,-5.688269599999995,-286.0672031395541,-161.28010656576689,-0.06693473122580419,-1.0578512396694217
term_flat_fwd__front,flat_from_hedge__front,2024-01-02,ko,563.4603703999982,-510.481617354851,0.6608967718532923,-3940.471996316047,-5.852370400000002,-5.852370400000002,-417.63578445385815,-221.71853545417457,-0.08731371097620172,-1.2747252747252746
term_flat_fwd__front,flat_from_hedge__front,2024-02-01,ko,793.5953583999988,-882.7743591235017,0.7140364995440014,-5964.926608476899,-7.8033584000000005,-7.803358400000001,-327.70273818833647,-261.81339081805174,-0.1429721920983285,-5.6842105263157885
term_flat_fwd__front,flat_from_hedge__front,2024-03-01,ko,485.28911839999614,-311.9400110038219,0.42048891712818626,-2749.939998329361,-10.313118400000004,-10.313118400000011,-409.7241392657207,-187.04194243333558,-0.07281726568681011,-2.662068965517242
term_flat_fwd__front,flat_from_hedge__front,2024-04-01,ko,509.457675999991,-326.71828129532275,0.4307963811433424,-1842.1859450112047,-5.001676,-5.001676000000007,-382.92800320850375,-196.0384212851654,-0.06436460304996065,-1.580645161290322
term_flat_fwd__front,flat_from_hedge__front,2024-05-06,ko,419.8336496000088,-332.37579809957464,0.5537039515155847,-1943.7489148811242,-2.1376495999999996,-2.1376495999999996,-383.9836911759786,-173.226465806564,-0.05931924576275503,-0.9807692307692308
term_flat_fwd__front,flat_from_hedge__front,2024-06-03,ko,374.91133839999407,-346.3445454045101,0.5379275348644742,-1755.1933206755416,-2.727338399999999,-2.7273384000000007,-436.11680589919894,-197.33264609105112,-0.06780045052292846,-1.6904761904761898
term_flat_fwd__front,flat_from_hedge__front,2024-07-01,ko,244.55612239999584,-277.66205010658115,0.4645261865553234,-1319.3056638168277,-4.4681224,-4.468122400000004,-380.50483925372146,-174.12425553853666,-0.056446781472226294,-3.3538461538461544
term_flat_fwd__front,flat_from_hedge__front,2024-08-01,ko,268.6190463999996,-240.81599259001314,0.5918048767645101,-1393.2136021952056,-2.2030464,-2.2030463999999963,-398.72672351543696,-109.37987371221176,-0.07573646480952376,-2.266666666666666
term_flat_fwd__front,flat_from_hedge__front,2024-09-02,ko,175.13324640000044,-102.10762954889552,0.3418203615551707,-718.1947481209478,-0.8452464000000002,-0.8452463999999975,-166.89587890773166,-39.673225319700734,-0.05125047534085783,-1.5932203389830508
term_flat_fwd__front,flat_from_hedge__front,2024-10-08,ko,-323.87098400000264,-183.7944402706494,0.6036004136511851,-1201.5563865556542,-7.137016000000001,-7.137015999999992,-78.49372559652343,-94.38363266473337,-0.049019326309063534,-2.990291262135922
term_flat_fwd__front,flat_from_hedge__front,2024-11-01,ko,140.77854239999903,-174.9264989325339,0.6412262945642984,-1155.8675638105628,-5.866542400000002,-5.866542400000009,-182.14920234318458,-86.00477892460191,-0.0487138878884099,-2.9250000000000003
term_flat_fwd__front,flat_from_hedge__front,2024-12-02,ko,-490.5483984000041,-363.17651419289973,0.5511870333816831,-1774.3980026444283,-16.315601599999997,-16.315601599999997,-165.301241521009,-177.70474130543707,-0.056697299901077615,-3.560975609756097
term_flat_fwd__front,flat_from_hedge__front,2025-01-02,ko,-192.1870728000032,-189.46922849157804,0.8271096554353315,-1404.8165378231042,-6.4609272,-6.460927199999999,-155.58345504403775,-94.83568100072605,-0.07139892514253866,-4.271186440677966
term_flat_fwd__front,flat_from_hedge__front,2025-02-05,ko,-753.9667848000064,-497.9544909306816,0.3588981346491136,-2093.6950305216324,-9.113215199999999,-9.113215199999997,-46.50420497373683,-238.36260162360182,-0.058237503211409775,-5.40983606557377
term_flat_fwd__front,flat_from_hedge__front,2025-03-03,ko,-476.8424768000055,-489.9819562877222,0.6614661954566122,-3264.1381179663435,-11.461523200000002,-11.461523200000011,-169.55827461134305,-238.01356338538224,-0.05351061770479063,-3.905660377358491
term_flat_fwd__front,flat_from_hedge__front,2025-04-01,ko,-218.7818248000005,-483.96784939270424,0.7603635942719656,-2499.5972367610784,-7.6101752000000005,-7.6101752000000005,-85.45025428317831,-207.4568160170222,-0.036715184500295144,-3.119047619047619
term_flat_fwd__front,flat_from_hedge__front,2025-05-06,ko,-393.62741279999426,-220.2807002150489,0.5649825996800013,-1120.8957812787276,-7.4445872,-7.444587199999999,-126.8491740997338,-147.50987736638402,-0.042524037981844474,-4.0606060606060606
term_flat_fwd__front,flat_from_hedge__front,2025-06-03,ko,-396.3200583999955,-216.72117873083351,0.31348480903894804,-1073.4812152276759,-6.6319416,-6.631941599999999,-90.9778630096461,-123.17884533717698,-0.06350006719873733,-3.731343283582089
term_flat_fwd__front,flat_from_hedge__front,2025-07-01,ko,-401.4419272000039,-289.5456164983751,0.11011364431555226,-1486.8733935308865,-8.662072799999999,-8.6620728,-276.5543717230041,-157.89395527272228,-0.06637761857637456,-4.388059701492537
term_flat_fwd__front,flat_from_hedge__front,2025-08-01,ko,-167.68788720000444,-245.74724666538583,0.49848469588224753,-1033.4363045686007,-7.7601128,-7.760112799999996,-215.16647393559404,-124.69924613829824,-0.04123295966985046,-3.737704918032787
term_flat_fwd__front,flat_from_hedge__front,2025-09-01,ko,467.64468959999255,-486.26394226699244,0.7168386485094514,-2941.023938012215,-9.564689600000001,-9.56468960000001,-193.8919831490051,-241.76703746862844,-0.03193710979574842,-3.5180722891566263
surface_fwd__front,flat_from_hedge__front,2023-05-04,ki_maturity,10.747338400013803,-168.0482220798107,0.38664321703283866,-1058.2434766116546,-13.3953384,-13.395338400000021,-225.45809720157473,-76.36084809286407,-0.07762062548704654,-1.7037037037037037
surface_fwd__front,flat_from_hedge__front,2023-06-01,ki_maturity,275.05616479999094,-193.26174683858338,0.4026765779058573,-1438.5080414923807,-13.824164799999998,-13.824164799999963,-235.66266325804887,-86.35766996020288,-0.07634728077491602,-1.7777777777777777
surface_fwd__front,flat_from_hedge__front,2023-07-03,ki_maturity,179.9592632000041,-242.65675926387567,0.47242753801765003,-1781.917966471061,-12.047263199999996,-12.047263199999986,-285.4816038614826,-104.3540858434569,-0.08026986611154724,-1.6557377049180326
surface_fwd__front,flat_from_hedge__front,2023-08-01,ki_maturity,117.80906480000635,-275.6537516402383,0.5064427348147938,-2156.3422527214243,-10.921064800000003,-10.9210648,-320.0560777695026,-118.97655798572926,-0.07693791373575314,-1.4672131147540985
surface_fwd__front,flat_from_hedge__front,2023-09-01,ki_maturity,387.29524400001173,-300.3958752815205,0.5061636396469972,-2693.8998342105715,-14.167244,-14.167244000000007,-300.3373042927832,-127.28011635493861,-0.08571980183390561,-1.8436213991769546
surface_fwd__front,flat_from_hedge__front,2023-10-09,ki_maturity,443.1708423999971,-334.1209724012235,0.5428463713262351,-3131.8983281167784,-10.8908424,-10.890842399999997,-261.04101458017726,-146.84965075141068,-0.07479487988158741,-1.596707818930041
surface_fwd__front,flat_from_hedge__front,2023-11-01,ko,604.408960000004,-379.1086136161173,0.5674969569558227,-3384.250102403974,-11.048959999999997,-11.048959999999994,-312.41189518932936,-167.15216108938247,-0.0822404124968019,-1.7066666666666666
surface_fwd__front,flat_from_hedge__front,2023-12-01,ki_maturity,643.7048072000007,-400.04800703366413,0.5967419594309318,-3576.407103727628,-5.7768072,-5.7768072,-287.3457654713885,-168.8648539991622,-0.06895460979703051,-1.0165289256198349
surface_fwd__front,flat_from_hedge__front,2024-01-02,ko,467.47297679999326,-498.57395740400585,0.612310559187502,-3973.0974405434968,-6.472976800000001,-6.472976799999991,-420.36127407292145,-232.77310387891418,-0.08814690542637241,-1.3406593406593406
surface_fwd__front,flat_from_hedge__front,2024-02-01,ko,691.4142879999979,-884.5279675834688,0.5653002621402151,-5958.224677977839,-8.134288000000002,-8.134288000000005,-323.23324246749877,-285.5539281409033,-0.1409795837839281,-5.964912280701753
surface_fwd__front,flat_from_hedge__front,2024-03-01,ko,452.09998640001277,-313.7479978160445,0.4017264628199354,-2794.238911994612,-10.443986400000004,-10.4439864,-404.50282049909015,-194.98504253192579,-0.07199368011725324,-2.565517241379311
surface_fwd__front,flat_from_hedge__front,2024-04-01,ko,498.37216959999284,-328.51636497801235,0.4107965934825406,-1873.0119040621812,-5.3321696,-5.332169600000004,-363.0868718481969,-206.6582654521512,-0.06362055153060339,-1.564516129032258
surface_fwd__front,flat_from_hedge__front,2024-05-06,ko,350.5651352000059,-337.53292904780807,0.5570962569993093,-1929.5577943244416,-2.333135200000001,-2.333135200000008,-378.000404747259,-182.26816422827486,-0.061805605675433986,-0.9807692307692308
surface_fwd__front,flat_from_hedge__front,2024-06-03,ko,326.551467200007,-344.4510134609444,0.49927179009247147,-1677.1088998797472,-3.159467199999998,-3.1594671999999964,-438.6152585188219,-207.83725602632177,-0.07122479353574387,-1.8095238095238093
surface_fwd__front,flat_from_hedge__front,2024-07-01,ko,178.8392031999923,-267.2695164504521,0.3445045606310321,-1260.7205240187827,-4.9992032,-4.9992032000000055,-401.06313104552675,-184.25477475627815,-0.059742741299636026,-3.56923076923077
surface_fwd__front,flat_from_hedge__front,2024-08-01,ko,149.87317359999946,-236.25990272116738,0.49866296476889616,-1359.8314979347388,-2.617173600000001,-2.6171735999999965,-411.1389634382055,-117.64695550374726,-0.07648624721471159,-2.4999999999999996
surface_fwd__front,flat_from_hedge__front,2024-09-02,ko,68.71759600000334,-98.33171073479028,0.07028405637104385,-684.7873475662599,-1.1575960000000003,-1.157595999999998,-167.73516605958673,-42.77076532533326,-0.049732146262524195,-1.7288135593220337
surface_fwd__front,flat_from_hedge__front,2024-10-08,ko,-246.55981040000188,-176.2265967525077,0.5538073978767929,-1295.5276311176422,-7.448189600000001,-7.448189599999992,-99.01692777955148,-103.37528177245362,-0.04942219715645179,-2.932038834951456
surface_fwd__front,flat_from_hedge__front,2024-11-01,ko,116.08983360000127,-175.13646511280615,0.5910616579491103,-1245.285269303475,-6.4418336000000025,-6.441833600000013,-192.87127237754473,-94.87818069103943,-0.050341716027055124,-3.075
surface_fwd__front,flat_from_hedge__front,2024-12-02,ko,-428.97732880000524,-331.8782355572888,0.3405894296025016,-1854.8036586620842,-16.486671199999996,-16.486671199999993,-170.81422421918745,-183.34172491560957,-0.06017568195312832,-3.512195121951219
surface_fwd__front,flat_from_hedge__front,2025-01-02,ko,-286.08888080000196,-186.5527755488709,0.7284483059626405,-1411.126849944968,-7.0231192,-7.0231192,-162.90655976216834,-100.03743132285945,-0.07631514861004557,-4.508474576271187
surface_fwd__front,flat_from_hedge__front,2025-02-05,ko,-835.459664000006,-474.7406937463192,-0.13914651498679942,-2097.9352329033395,-9.692336000000001,-9.692336000000001,-41.28752758206912,-243.82909278038534,-0.06244233941778885,-5.5409836065573765
surface_fwd__front,flat_from_hedge__front,2025-03-03,ko,-468.96805600000107,-459.88514966554055,0.45502969873847565,-3179.2240373755044,-11.575944000000002,-11.575944000000002,-171.31718174518068,-242.95341544881342,-0.055036817139897894,-3.7924528301886795
surface_fwd__front,flat_from_hedge__front,2025-04-01,ko,-244.07473840000205,-451.08781146670594,0.5745944275587457,-2550.1455038536797,-7.7252616,-7.725261599999998,-82.92240948439303,-213.4778786291453,-0.03643962971791098,-3.0238095238095237
surface_fwd__front,flat_from_hedge__front,2025-05-06,ko,-470.1340663999937,-217.94423453737267,0.5089729665043683,-1092.946473221389,-7.9859336,-7.985933600000002,-134.8629518434619,-148.91760102506476,-0.041475563969280094,-4.242424242424242
surface_fwd__front,flat_from_hedge__front,2025-06-03,ko,-467.46360799999405,-214.3630486889228,0.21728261072953714,-1023.0491700433186,-6.8883920000000005,-6.888391999999998,-97.49849384890773,-123.58562704733205,-0.06209821581540066,-3.791044776119403
surface_fwd__front,flat_from_hedge__front,2025-07-01,ko,-471.7512152000005,-287.4838933593062,-0.1457600367377786,-1545.77200185614,-9.2007848,-9.200784800000003,-278.8888193644282,-160.56731687813578,-0.06670186556920324,-4.567164179104477
surface_fwd__front,flat_from_hedge__front,2025-08-01,ko,-232.81365600000294,-246.03092272130414,0.4530630736535103,-1040.777912596976,-8.338344,-8.338343999999996,-217.27026396098458,-128.84791714440053,-0.0431188822525611,-3.9672131147540988
surface_fwd__front,flat_from_hedge__front,2025-09-01,ko,400.36968239998964,-482.40044746508323,0.6551618119198989,-2934.672909727505,-10.457682400000001,-10.45768240000001,-202.12370572919045,-248.18846202491022,-0.03333783763349611,-3.63855421686747
term_opt_tail__front,flat_from_hedge__front,2023-05-04,ki_maturity,-40.985888799991756,-177.08873281937542,0.437225844822566,-1071.6030213539116,-12.526111200000003,-12.526111200000027,-223.6153666513157,-68.73132918053938,-0.07581046979845742,-1.6049382716049383
term_opt_tail__front,flat_from_hedge__front,2023-06-01,ki_maturity,61.87365439998803,-206.5980607916431,0.4707001998530739,-1403.9517042251223,-12.801654399999997,-12.801654399999979,-232.4857969794827,-78.45985954751224,-0.07339509108662107,-1.646090534979424
term_opt_tail__front,flat_from_hedge__front,2023-07-03,ki_maturity,-20.777639999992857,-254.46185514430613,0.5326459256698111,-1748.2334520595602,-11.286359999999998,-11.28635999999998,-284.4917033487111,-96.30082079200265,-0.07737995736038278,-1.540983606557377
term_opt_tail__front,flat_from_hedge__front,2023-08-01,ki_maturity,-12.57109119999518,-287.2963123002284,0.5702702016663113,-2109.649185595412,-10.644908800000003,-10.644908800000003,-320.2651583641265,-110.65178579176498,-0.07678096605062114,-1.4426229508196722
term_opt_tail__front,flat_from_hedge__front,2023-09-01,ki_maturity,290.24860800000306,-312.0046765949488,0.5830300615078421,-2630.6839705532166,-14.136607999999999,-14.136608000000017,-302.2855041244361,-120.2295906457604,-0.08176022489814917,-1.8518518518518516
term_opt_tail__front,flat_from_hedge__front,2023-10-09,ki_maturity,395.374687199994,-347.54128987895837,0.6000483826727808,-3050.7807271874485,-10.614687199999999,-10.614687199999995,-263.7234997714153,-139.6041636027018,-0.07895223728009798,-1.5555555555555556
term_opt_tail__front,flat_from_hedge__front,2023-11-01,ko,646.4277752000088,-391.360473671335,0.622408115129901,-3340.1238359123386,-10.8677752,-10.867775199999993,-312.401502246723,-160.07810998206617,-0.08156266899474164,-1.6888888888888889
term_opt_tail__front,flat_from_hedge__front,2023-12-01,ki_maturity,554.3715296000071,-415.31102765290007,0.649884273848896,-3544.642731655903,-6.0515295999999985,-6.051529599999995,-288.4923203114065,-163.16990213945613,-0.06212734306811757,-1.0743801652892564
term_opt_tail__front,flat_from_hedge__front,2024-01-02,ko,667.260717599993,-510.3506938487504,0.6603053291525101,-3950.466251568295,-6.2927176,-6.292717599999996,-421.3295828822107,-225.18590795238393,-0.08737313397017163,-1.3186813186813184
term_opt_tail__front,flat_from_hedge__front,2024-02-01,ko,687.5916287999985,-882.4410305701374,0.7038245236936465,-5974.661125786864,-8.0076288,-8.007628800000003,-327.2847300947371,-266.24932693500693,-0.14309656599168571,-5.8245614035087705
term_opt_tail__front,flat_from_hedge__front,2024-03-01,ko,534.628500000016,-310.36587958358854,0.4040511067534137,-2799.5088219626487,-10.636500000000002,-10.636500000000002,-413.08132079873343,-190.04372414879066,-0.07322384750706587,-2.6482758620689664
term_opt_tail__front,flat_from_hedge__front,2024-04-01,ko,576.938971999988,-325.487448450251,0.41416949251921975,-1902.2597277035957,-5.314972000000001,-5.3149720000000045,-382.5754109224474,-200.55436458350545,-0.0657357853704272,-1.596774193548387
term_opt_tail__front,flat_from_hedge__front,2024-05-06,ko,441.5162136000042,-330.6129921784744,0.540500651383377,-1920.5800298315908,-2.3562136000000002,-2.3562136000000073,-385.35971574402697,-178.60444194270258,-0.06179587311664713,-1.0
term_opt_tail__front,flat_from_hedge__front,2024-06-03,ko,366.511680000011,-342.28438581519765,0.5071413832739106,-1690.6142269856157,-3.007679999999999,-3.007680000000004,-440.61401197484764,-202.38393759655398,-0.07079760934289694,-1.7619047619047619
term_opt_tail__front,flat_from_hedge__front,2024-07-01,ko,158.30939679999005,-271.69606826131644,0.4059953230697845,-1273.075224849946,-4.8533968000000005,-4.8533968000000005,-398.281580812843,-179.66383155342322,-0.05931811558962705,-3.5076923076923077
term_opt_tail__front,flat_from_hedge__front,2024-08-01,ko,171.964815200009,-238.63903739709062,0.55037962795488,-1367.8758660213855,-2.500815200000001,-2.5008151999999972,-411.0699830963676,-114.47399477463658,-0.07671690530539102,-2.433333333333333
term_opt_tail__front,flat_from_hedge__front,2024-09-02,ko,93.20683840000137,-98.33852844194969,0.16108075498527108,-690.6716137073142,-1.0468384000000004,-1.0468383999999982,-164.31946176721019,-41.05454342453951,-0.050213776838926534,-1.6610169491525424
term_opt_tail__front,flat_from_hedge__front,2024-10-08,ko,-343.9830111999974,-185.606571776719,0.5970500203539801,-1286.3154013926892,-7.6809888000000015,-7.680988799999996,-92.16460663429376,-102.38216936935831,-0.04900738315846509,-3.0679611650485437
term_opt_tail__front,flat_from_hedge__front,2024-11-01,ko,117.03774079999926,-174.60076227721447,0.586721494143995,-1242.467315297119,-6.205740800000001,-6.205740800000008,-188.40383003843,-94.73847780489926,-0.04971206015515677,-3.0000000000000004
term_opt_tail__front,flat_from_hedge__front,2024-12-02,ko,-384.3295336000056,-359.5644164957214,0.5099387528742738,-1887.9354073761629,-16.558466399999997,-16.558466399999997,-167.3707462877206,-181.09318260252536,-0.05881208736299511,-3.536585365853658
term_opt_tail__front,flat_from_hedge__front,2025-01-02,ko,-263.05276560000345,-187.82441284762882,0.7511583433691126,-1439.962918253535,-6.8912344,-6.891234400000001,-155.5782031863529,-100.1524158606914,-0.07487574785398197,-4.4406779661016955
term_opt_tail__front,flat_from_hedge__front,2025-02-05,ko,-764.3077672000059,-497.45077203215476,0.1833215827210526,-2095.9865597530675,-9.5562328,-9.5562328,-40.539346248766904,-244.39221457415277,-0.06272197526620293,-5.442622950819672
term_opt_tail__front,flat_from_hedge__front,2025-03-03,ko,-417.11722160000215,-484.58783768955607,0.6008814223507167,-3222.2793509202,-11.578778400000001,-11.578778400000001,-172.10563947722258,-240.53166030323564,-0.054764985612498776,-3.7924528301886795
term_opt_tail__front,flat_from_hedge__front,2025-04-01,ko,-172.32610480000534,-476.4216802666948,0.6995275440331937,-2568.8944047665545,-7.7298952,-7.7298952,-82.11180539533414,-210.84020160353407,-0.036298769151229454,-3.0
term_opt_tail__front,flat_from_hedge__front,2025-05-06,ko,-451.6427055999935,-217.22574857807294,0.509993369958823,-1119.707994900906,-7.9892943999999995,-7.989294400000001,-137.4197415087893,-147.8416746626939,-0.040631072924268624,-4.242424242424242
term_opt_tail__front,flat_from_hedge__front,2025-06-03,ko,-465.4605551999959,-214.84746896601632,0.23296215636972106,-1067.0857490567328,-6.9394448,-6.939444799999999,-100.66343240124468,-123.95339489790314,-0.06112185482311602,-3.791044776119403
term_opt_tail__front,flat_from_hedge__front,2025-07-01,ko,-436.06540720000055,-288.37321362243773,-0.041662516228907154,-1545.95048104776,-8.870592799999999,-8.870592800000002,-279.234481383411,-159.73214231642032,-0.0654363445141799,-4.447761194029851
term_opt_tail__front,flat_from_hedge__front,2025-08-01,ko,-203.27482880000264,-244.77846633490373,0.44723659951571226,-1040.5124361659791,-8.2291712,-8.229171199999996,-212.79026575612033,-127.33731208515337,-0.04282813806679525,-3.934426229508197
term_opt_tail__front,flat_from_hedge__front,2025-09-01,ko,466.0098335999936,-483.9502061759444,0.676202040420462,-2983.3562250248037,-9.865833600000002,-9.865833600000007,-192.0854912014782,-246.78119067146088,-0.03449600847073934,-3.4939759036144578
flat_from_hedge__far,flat_from_hedge__front,2023-05-04,ki_maturity,-445.6092815999931,-148.65282928334645,0.3343197131772543,-393.54774981388323,-25.014718400000003,-25.014718400000028,-276.19606382073675,-67.35616890139673,-0.050219476130987026,-1.432098765432099
flat_from_hedge__far,flat_from_hedge__front,2023-06-01,ki_maturity,-170.3270488000117,-176.989879661376,0.3749784374885875,-661.5419706071715,-24.6089512,-24.60895119999997,-269.78967742570575,-74.56741931656907,-0.046999540121455075,-1.5061728395061729
flat_from_hedge__far,flat_from_hedge__front,2023-07-03,ki_maturity,-285.32966879999435,-205.70846715698474,0.37886229605829724,-648.9003107768301,-23.3103312,-23.310331199999997,-316.15977789801207,-85.23940736222391,-0.03814426114072183,-1.360655737704918
flat_from_hedge__far,flat_from_hedge__front,2023-08-01,ki_maturity,-409.38432239999395,-183.38604264740164,0.33360799663918483,-1108.0048610838114,-23.7756776,-23.775677599999998,145.5024704638173,-79.28326933997397,0.04090333853471388,-1.2213114754098362
flat_from_hedge__far,flat_from_hedge__front,2023-09-01,ki_maturity,-164.52255439999908,-173.5548242964387,0.2762475703549593,-1310.4934648664757,-25.325445600000002,-25.325445600000002,257.50733058217617,-79.16118429410122,0.03614127566587384,-1.670781893004115
flat_from_hedge__far,flat_from_hedge__front,2023-10-09,ki_maturity,-49.33846560000893,-179.31297173445222,0.2587802625787209,-1419.1928886043527,-21.3815344,-21.3815344,68.69678904251532,-88.19598904491536,0.03294008576380805,-1.3580246913580245
flat_from_hedge__far,flat_from_hedge__front,2023-11-01,ko,247.6563552000057,-346.75212046892784,0.5278317583306151,-2883.2604400127207,-23.5123552,-23.512355199999995,-175.8973828222226,-140.4142885768314,-0.023844840602504747,-1.6266666666666667
flat_from_hedge__far,flat_from_hedge__front,2023-12-01,ki_maturity,131.43627839999863,-358.1929483886996,0.5275073488860251,-2933.07371398495,-21.6602784,-21.66027839999999,-140.72407869163328,-138.61399767687072,-0.013654528242874331,-1.0165289256198349
flat_from_hedge__far,flat_from_hedge__front,2024-01-02,ko,177.35564160000263,-426.8229089419643,0.49490123565381205,-3180.2285267826155,-17.9476416,-17.947641599999994,-217.0920497611903,-184.82015159963552,-0.028967786540540358,-1.1538461538461537
flat_from_hedge__far,flat_from_hedge__front,2024-02-01,ko,901.8089359999993,-889.7373479950974,0.7396177717659185,-5950.5545992444395,-9.312936,-9.312936000000004,,-259.9842841590456,,-5.719298245614034
flat_from_hedge__far,flat_from_hedge__front,2024-03-01,ko,670.0409520000169,-260.3376022025702,0.30694350174509055,-2517.6216985560086,-19.944952,-19.944952000000004,221.17134752054687,-162.1056625129459,0.03364060720608232,-2.455172413793104
flat_from_hedge__far,flat_from_hedge__front,2024-04-01,ko,578.7864399999959,-270.32863349448803,0.3220222296156747,-1773.7099174087564,-14.578440000000002,-14.57844000000001,240.72769363606847,-163.79818945665892,0.04160944486563396,-1.387096774193548
flat_from_hedge__far,flat_from_hedge__front,2024-05-06,ko,182.30313200000683,-315.9380881167896,0.5136407402677696,-1904.4906382620952,-13.191132,-13.191132000000007,,-174.25852620228122,,-1.1153846153846154
flat_from_hedge__far,flat_from_hedge__front,2024-06-03,ko,184.97559440001214,-333.97243698544196,0.5194179047446648,-1724.9358479277078,-10.887594399999998,-10.8875944,,-195.92362074594064,,-1.7142857142857135
flat_from_hedge__far,flat_from_hedge__front,2024-07-01,ko,66.30998480000301,-274.0547378859815,0.49687865686915555,-1285.0294335108217,-9.837984800000001,-9.837984800000005,,-166.55361617425325,,-3.4153846153846157
flat_from_hedge__far,flat_from_hedge__front,2024-08-01,ko,204.68433040000167,-242.02545840997186,0.610266017320771,-1366.300853377014,-6.356330400000001,-6.3563304,,-111.87830557156758,,-2.266666666666666
flat_from_hedge__far,flat_from_hedge__front,2024-09-02,ko,127.36492000000507,-104.33938243340451,0.42486302678035115,-686.598217061777,-2.5969200000000003,-2.5969199999999977,,-39.9256397411681,,-1.559322033898305
flat_from_hedge__far,flat_from_hedge__front,2024-10-08,ko,-71.38250960000781,-155.18784661672825,0.49679775067456156,-1151.5904098702308,-10.7374904,-10.73749039999999,,-76.9894402713378,,-1.7475728155339807
flat_from_hedge__far,flat_from_hedge__front,2024-11-01,ko,110.43609919999915,-176.39109068845292,0.6496507222681692,-1152.1486869545765,-10.324099200000003,-10.324099200000006,,-86.2509074643313,,-3.0000000000000004
flat_from_hedge__far,flat_from_hedge__front,2024-12-02,ko,-579.2071928000124,-323.0520133783371,0.43924852472951537,-1815.190947426377,-24.752807199999996,-24.752807199999992,10.532543285902648,-154.10281582562402,-0.022817295688822667,-3.3536585365853657
flat_from_hedge__far,flat_from_hedge__front,2025-01-02,ko,-198.749724800004,-191.1023588347662,0.8442147374784611,-1405.3460967491878,-8.6742752,-8.6742752,,-94.22947638882027,,-4.474576271186441
flat_from_hedge__far,flat_from_hedge__front,2025-02-05,ko,-871.5563000000053,-503.900472565252,0.4680878200164442,-2062.7369446117787,-11.7317,-11.7317,,-238.1099868559947,,-5.5409836065573765
flat_from_hedge__far,flat_from_hedge__front,2025-03-03,ko,-687.9803088000068,-488.1593199243944,0.659479817740931,-3193.056963633479,-18.4676912,-18.4676912,,-230.89708251785595,,-3.8301886792452833
flat_from_hedge__far,flat_from_hedge__front,2025-04-01,ko,-339.3474680000048,-476.5051008796983,0.7320038240368222,-2464.7804808517003,-13.780532000000001,-13.780532,,-197.72635560187035,,-3.0714285714285716
flat_from_hedge__far,flat_from_hedge__front,2025-05-06,ko,-508.6645727999913,-219.89996756299894,0.5679517194982596,-1110.0720891240717,-11.0794272,-11.079427200000001,,-147.30908516717955,,-4.03030303030303
flat_from_hedge__far,flat_from_hedge__front,2025-06-03,ko,-366.47454399999356,-217.17142517976416,0.40578183464737294,-1080.621232075217,-8.917456000000001,-8.917455999999998,,-123.2271770003467,,-3.671641791044776
flat_from_hedge__far,flat_from_hedge__front,2025-07-01,ko,-368.7741032000031,-288.0546638759659,0.2600221668512165,-1488.1627794005767,-10.4018968,-10.401896800000003,,-154.59999579411271,,-4.208955223880597
flat_from_hedge__far,flat_from_hedge__front,2025-08-01,ko,-225.1827152000019,-245.1990308634601,0.48825579110451767,-1034.4595430590525,-10.209284799999999,-10.209284799999995,,-124.25863570995736,,-3.836065573770492
flat_from_hedge__far,flat_from_hedge__front,2025-09-01,ko,339.1127167999924,-487.55953446290573,0.7176125964452826,-2826.384215681561,-15.784716800000002,-15.784716800000009,,-249.38832054138715,,-3.5180722891566263
term_flat_q__far,flat_from_hedge__front,2023-05-04,ki_maturity,-339.57833439998547,-171.81573529372187,0.42865452696863104,-767.2395050908523,-25.8456656,-25.84566560000003,-226.90341130824896,-67.18310391900381,-0.08517698721502971,-1.6131687242798352
term_flat_q__far,flat_from_hedge__front,2023-06-01,ki_maturity,-256.1057144000119,-208.62139260725698,0.47838766296520174,-1320.2395762606163,-25.5022856,-25.50228559999998,-246.98148533006392,-77.90474203223921,-0.08209935455294737,-1.6707818930041154
term_flat_q__far,flat_from_hedge__front,2023-07-03,ki_maturity,-320.30589679999287,-258.22189698103153,0.5423526250212136,-1747.3117691538807,-24.1181032,-24.118103199999993,-310.82578638895444,-97.35212012963362,-0.05380951780232642,-1.5163934426229506
term_flat_q__far,flat_from_hedge__front,2023-08-01,ki_maturity,-274.9021687999989,-291.9675984683214,0.5828920831654233,-2193.376256161729,-24.545831200000002,-24.545831200000002,-234.49761633024536,-111.7523215468554,-0.08802207472447093,-1.3852459016393444
term_flat_q__far,flat_from_hedge__front,2023-09-01,ki_maturity,74.29473520000965,-318.5028966410653,0.6015548468739508,-2756.3675056589786,-26.2707352,-26.270735200000004,-200.92060242076423,-121.10317193514837,-0.09371700806560897,-1.8518518518518516
term_flat_q__far,flat_from_hedge__front,2023-10-09,ki_maturity,267.4006687999986,-352.0391058576832,0.6110215525479267,-3126.7926410857813,-22.4086688,-22.4086688,-217.14093131409547,-139.73816122877167,-0.06166797752060255,-1.5555555555555556
term_flat_q__far,flat_from_hedge__front,2023-11-01,ko,276.5017656000027,-394.2034674725716,0.6316168523264634,-3358.4128571970436,-23.6937656,-23.693765599999995,-361.44982123453707,-157.62405546874342,-0.08490387765504552,-1.6622222222222223
term_flat_q__far,flat_from_hedge__front,2023-12-01,ki_maturity,283.14107999999646,-413.82378618644276,0.6507936591004304,-3522.9805098145516,-21.765079999999998,-21.765079999999987,-365.5838340621299,-158.14723778324336,-0.07507089011176041,-1.0330578512396695
term_flat_q__far,flat_from_hedge__front,2024-01-02,ko,318.78328239999814,-507.75892368787777,0.6622571540907041,-3853.634708630595,-18.2632824,-18.263282399999994,-476.94005441170765,-216.44098895679983,-0.09059162733504635,-1.2417582417582416
term_flat_q__far,flat_from_hedge__front,2024-02-01,ko,930.4264776000002,-876.5499430353809,0.7282645544955367,-5955.326517674963,-9.042477600000002,-9.042477600000005,,-253.15231743576047,,-5.473684210526315
term_flat_q__far,flat_from_hedge__front,2024-03-01,ko,445.5378264000142,-315.53814370517244,0.44294196839475464,-2722.5197459838178,-20.313826400000004,-20.3138264,-431.5847720682016,-186.99277131879188,-0.06964831530501228,-2.524137931034483
term_flat_q__far,flat_from_hedge__front,2024-04-01,ko,477.5325335999863,-331.01482843764774,0.4544320643800134,-1808.0254910760818,-15.284533600000001,-15.284533600000012,-394.14558737532013,-195.0233551849072,-0.06234815240875094,-1.516129032258064
term_flat_q__far,flat_from_hedge__front,2024-05-06,ko,206.33691440000075,-337.3488918318709,0.5741221970564704,-1901.572785161525,-12.9049144,-12.904914400000006,,-174.7753810445711,,-0.9807692307692308
term_flat_q__far,flat_from_hedge__front,2024-06-03,ko,234.05589040000405,-350.21090667509065,0.5619312425208078,-1718.4223520641326,-10.847890399999999,-10.8478904,,-199.30679978770357,,-1.6904761904761898
term_flat_q__far,flat_from_hedge__front,2024-07-01,ko,126.58321759999365,-281.3247185671811,0.49972710776752327,-1292.4728736871582,-9.6552176,-9.655217600000006,,-175.4205191666299,,-3.2615384615384615
term_flat_q__far,flat_from_hedge__front,2024-08-01,ko,152.7362056000032,-246.32250573407384,0.6437144021576777,-1363.6052997560992,-6.3282056,-6.3282055999999995,,-110.52374299064815,,-2.233333333333333
term_flat_q__far,flat_from_hedge__front,2024-09-02,ko,115.91777600000486,-106.31456878564711,0.46632047750229777,-687.7456673028939,-2.589776,-2.589775999999998,,-40.0521759029981,,-1.559322033898305
term_flat_q__far,flat_from_hedge__front,2024-10-08,ko,-355.6403384000033,-184.27828703882113,0.6066573419411909,-1203.354108421749,-13.823661600000001,-13.823661599999992,,-91.94618754265586,,-2.932038834951456
term_flat_q__far,flat_from_hedge__front,2024-11-01,ko,111.21948959999645,-177.08049386264207,0.6553995819534707,-1153.8778506985655,-10.179489600000002,-10.179489600000007,,-87.25611266519515,,-2.9250000000000003
term_flat_q__far,flat_from_hedge__front,2024-12-02,ko,-600.1440623999974,-367.1808593418875,0.5782548268824708,-1800.8492632102605,-25.407937599999997,-25.407937600000004,-177.18891487019613,-177.03523962523036,-0.06460026493863415,-3.463414634146341
term_flat_q__far,flat_from_hedge__front,2025-01-02,ko,-215.91973120000398,-192.66059783863437,0.8572046531372658,-1396.4582474273247,-8.5282688,-8.528268800000001,,-94.75082400287603,,-4.372881355932204
term_flat_q__far,flat_from_hedge__front,2025-02-05,ko,-861.7228608000061,-499.6931774182771,0.4621786207289573,-2041.6319588744677,-11.3651392,-11.365139200000002,,-234.21916977258894,,-5.278688524590163
term_flat_q__far,flat_from_hedge__front,2025-03-03,ko,-729.6154640000001,-489.48003469930325,0.670099010948537,-3070.3456246306205,-18.592536000000003,-18.592536000000003,,-233.67969012975166,,-3.867924528301887
term_flat_q__far,flat_from_hedge__front,2025-04-01,ko,-395.5112008000026,-479.4178994679402,0.7462681834179202,-2346.402686894664,-14.0167992,-14.0167992,,-203.50574291967752,,-3.1666666666666665
term_flat_q__far,flat_from_hedge__front,2025-05-06,ko,-494.7554727999947,-217.988593856754,0.5663598662544267,-1081.7051880263996,-11.1725272,-11.172527200000001,,-145.0497869739057,,-4.090909090909091
term_flat_q__far,flat_from_hedge__front,2025-06-03,ko,-333.0783567999942,-216.23234694321332,0.4099325131392284,-1065.8781153375892,-8.8256432,-8.825643199999998,,-122.3888780905695,,-3.611940298507463
term_flat_q__far,flat_from_hedge__front,2025-07-01,ko,-371.755002400001,-287.4629207175604,0.24125434715795113,-1462.8174895461834,-10.620997599999999,-10.620997600000003,,-155.05880144010118,,-4.3283582089552235
term_flat_q__far,flat_from_hedge__front,2025-08-01,ko,-198.55851600000406,-245.46817523799868,0.5127268042435147,-1033.9679421405895,-9.993483999999999,-9.993483999999995,,-122.41145863024269,,-3.7049180327868854
term_flat_q__far,flat_from_hedge__front,2025-09-01,ko,376.69237839998846,-485.5943346396835,0.7211427546745112,-2858.7061013668163,-15.948378400000001,-15.948378400000008,,-243.33237933761157,,-3.5903614457831323
flat_from_far__front,flat_from_hedge__front,2023-07-03,ki_maturity,-13.379657600006226,-203.54432973935616,0.3687349910751627,-648.9003107768301,-9.9643424,-9.964342399999989,-282.2172090164781,-82.75272014773404,-0.07005780381762834,-1.360655737704918
flat_from_far__front,flat_from_hedge__front,2023-05-04,ki_maturity,-120.36088799998691,-152.45236376423279,0.3512166848161089,-437.106287503388,-11.383112,-11.383112000000025,-232.42363501519998,-65.15119694841302,-0.07445395540881122,-1.432098765432099
flat_from_far__front,flat_from_hedge__front,2023-08-01,ki_maturity,-133.27065759998686,-172.12762334233392,0.2864744753396522,-989.2515618838104,-9.3693424,-9.369342399999994,-245.65873610098456,-77.05053464309049,-0.057123673711637055,-1.2213114754098362
flat_from_far__front,flat_from_hedge__front,2023-06-01,ki_maturity,91.90842879998183,-176.70476622698737,0.37377611961609425,-661.5419706071715,-11.860428799999998,-11.860428799999987,-236.04160111092705,-72.17037743778798,-0.06987161990607721,-1.5061728395061729
flat_from_far__front,flat_from_hedge__front,2023-09-01,ki_maturity,28.19293440000706,-161.9085119544007,0.22704166222852618,-1187.7401656664745,-12.8969344,-12.896934400000013,-210.95786392418248,-76.74649282664888,-0.05942263182219231,-1.670781893004115
flat_from_far__front,flat_from_hedge__front,2023-12-01,ki_maturity,309.7367416000036,-348.61247907785287,0.4935896945701065,-2933.07371398495,-5.360741600000001,-5.360741599999983,-245.7607122129552,-136.69202574957973,-0.05593603404150249,-1.0165289256198349
flat_from_far__front,flat_from_hedge__front,2023-10-09,ki_maturity,70.39973919999511,-167.7823447215487,0.2147666719010336,-1303.7511366043532,-9.151739200000002,-9.151739200000009,-151.71249542910118,-86.16406626597987,-0.0438058886607714,-1.3580246913580245
flat_from_far__front,flat_from_hedge__front,2023-11-01,ko,434.6108600000015,-336.8760140990017,0.49320302498926094,-2883.2604400127207,-10.298859999999998,-10.298859999999994,-275.1572476330466,-137.80891213796343,-0.07151022342112955,-1.6266666666666667
flat_from_far__front,flat_from_hedge__front,2024-02-01,ko,768.9412047999998,-871.1844483939036,0.6982315595675748,-5920.639255876074,-7.8372048,-7.837204800000001,-332.5140695852286,-256.7656121552591,-0.13873148748246417,-5.719298245614034
flat_from_far__front,flat_from_hedge__front,2024-04-01,ko,559.3759392000039,-266.5180697554292,0.30695654464876054,-1777.4615038087622,-3.8239392000000016,-3.8239392000000088,-234.05535651141332,-160.98590649387677,-0.040291604497110736,-1.387096774193548
flat_from_far__front,flat_from_hedge__front,2024-03-01,ko,653.830444800016,-257.8377531013628,0.29601265895387774,-2528.092673756006,-9.158444800000005,-9.158444800000005,-281.7658862945773,-159.76177297231305,-0.0524392738772317,-2.455172413793104
flat_from_far__front,flat_from_hedge__front,2024-01-02,ko,362.455294399993,-415.6284388786064,0.4563394134050883,-3180.2285267826164,-5.111294400000002,-5.111294399999991,-355.7589145824786,-181.84429483594946,-0.07337147500730695,-1.1538461538461537
flat_from_far__front,flat_from_hedge__front,2024-05-06,ko,312.31713279999235,-311.61686613367146,0.497456131098716,-1908.4748694632349,-2.3491327999999996,-2.349132800000003,-372.6338843624766,-169.97193714769188,-0.05678712879076713,-1.1153846153846154
flat_from_far__front,flat_from_hedge__front,2024-08-01,ko,214.31512480000373,-240.8808813493648,0.6018336239233933,-1392.905803777015,-2.171124800000001,-2.1711247999999994,-393.211303022575,-109.83021644261575,-0.07325372844748793,-2.266666666666666
flat_from_far__front,flat_from_hedge__front,2024-07-01,ko,75.83740479998869,-271.8166662995005,0.48614100227149804,-1281.5499413529358,-4.4774048,-4.4774048000000075,-352.78987325702775,-163.66590265051255,-0.05186956629908956,-3.4153846153846157
flat_from_far__front,flat_from_hedge__front,2024-06-03,ko,225.44301359999258,-330.42745792598936,0.5046337701999299,-1739.1357720030778,-2.731013599999999,-2.7310136000000007,-417.2426558683213,-191.4786221279765,-0.06456673607530632,-1.7142857142857135
flat_from_far__front,flat_from_hedge__front,2024-09-02,ko,126.09448800000163,-104.65098160584242,0.430766618468564,-707.532116261776,-0.8144880000000003,-0.8144879999999977,-165.15412386086336,-39.23260543081151,-0.04546002463614053,-1.559322033898305
flat_from_far__front,flat_from_hedge__front,2024-11-01,ko,139.784915199998,-175.99749676777034,0.6461568127901485,-1172.0418549545752,-6.024915200000002,-6.024915200000006,-179.9121982294104,-85.89208427048953,-0.04599672727800308,-3.0000000000000004
flat_from_far__front,flat_from_hedge__front,2024-10-08,ko,-30.798973600008964,-154.6434742403191,0.4939478338410205,-1171.2088474702298,-4.2010264,-4.201026399999993,-83.40878625041722,-77.67504019811528,-0.037524494064888836,-1.7475728155339807
flat_from_far__front,flat_from_hedge__front,2025-01-02,ko,-197.13215040000335,-190.57091657255216,0.8382502268344662,-1411.6692119491893,-6.8038496,-6.803849599999999,-158.7156462641401,-94.65299685752399,-0.06439292879466464,-4.474576271186441
flat_from_far__front,flat_from_hedge__front,2024-12-02,ko,-390.3104776000082,-317.0459001841731,0.40230897369777596,-1830.6704570263764,-14.465522399999998,-14.465522399999998,-162.5777459457001,-151.16975582684336,-0.044378038029713546,-3.3536585365853657
flat_from_far__front,flat_from_hedge__front,2025-02-05,ko,-688.0422368000061,-499.39884820266724,0.41087916704401417,-2088.3240900138044,-9.3017632,-9.301763199999998,-62.66478037182299,-237.00039460408618,-0.053512600386210446,-5.5409836065573765
flat_from_far__front,flat_from_hedge__front,2025-04-01,ko,-114.9621088000012,-470.59054367021173,0.7003999052983849,-2446.4952616517003,-7.133891200000001,-7.1338912000000025,-102.65463458158266,-195.70296444732588,-0.029555586434741328,-3.0714285714285716
flat_from_far__front,flat_from_hedge__front,2025-05-06,ko,-384.12800479999305,-219.50738796611392,0.5621432388975917,-1103.342588829065,-7.391995199999999,-7.3919952,-128.4510595199401,-147.12619686607337,-0.0409188272067939,-4.03030303030303
flat_from_far__front,flat_from_hedge__front,2025-03-03,ko,-381.3550888000035,-484.0111989730244,0.6333345633171624,-3190.880279233185,-10.8929112,-10.892911200000004,-179.7533812968311,-229.36309264671158,-0.04722373508293692,-3.8301886792452833
flat_from_far__front,flat_from_hedge__front,2025-06-03,ko,-396.7044167999969,-215.75287725346726,0.35620292254338803,-1041.061858475217,-6.5835832000000005,-6.583583199999999,-95.93822504340055,-122.50924951227171,-0.060751277216952726,-3.671641791044776
flat_from_far__front,flat_from_hedge__front,2025-07-01,ko,-384.8825192000014,-287.52211065990986,0.24255709507170187,-1483.7923162005775,-8.2774808,-8.277480800000003,-280.1328333093097,-153.9370652658154,-0.0611332391254674,-4.208955223880597
flat_from_far__front,flat_from_hedge__front,2025-08-01,ko,-205.04580880000452,-245.95294261148058,0.5018218362846906,-1043.15610777471,-7.9861911999999995,-7.986191199999996,-214.56747207548014,-125.00675008816782,-0.03935407339958998,-3.836065573770492
flat_from_far__front,flat_from_hedge__front,2025-09-01,ko,397.6918943999905,-486.9895074116762,0.7137217369616582,-2816.961146081559,-9.6278944,-9.627894400000002,-195.94183889670083,-246.2430117269164,-0.030544644940183115,-3.5180722891566263
term_flat_q__far,term_flat_q__front,2023-05-04,ki_maturity,-319.6691807999962,-2.568444393621128,0.007339655349650642,241.30188970081622,-13.482819199999998,-13.482819200000005,-7.859638504140051,-1.7294850868346572,-0.012740770511546828,0.0
term_flat_q__far,term_flat_q__front,2023-06-01,ki_maturity,-293.5602727999996,-8.841638286488433,0.021615748125635492,-19.917237465227913,-12.5277272,-12.5277272,-19.537943660751985,-1.8880024393196635,-0.010977315029589143,0.0
term_flat_q__far,term_flat_q__front,2023-07-03,ki_maturity,-289.57006799999874,-5.684725678556376,0.013808609908603997,-11.828764667426185,-13.077931999999999,-13.077932000000013,-29.726155216172508,-1.9504531072157363,0.021125766741812043,0.0
term_flat_q__far,term_flat_q__front,2023-08-01,ki_maturity,-242.94214400000897,-7.047328011536656,0.017618562603506693,-111.32820025074705,-14.305855999999999,-14.305855999999993,82.57446530875913,-2.7513515167384526,-0.009102576520189677,0.0
term_flat_q__far,term_flat_q__front,2023-09-01,ki_maturity,-140.86057279999864,-7.152526259141979,0.019307842879369153,-144.68832480000222,-12.2434272,-12.243427199999994,97.618437658093,-2.9850580622420466,-0.013229954824652205,0.0
term_flat_q__far,term_flat_q__front,2023-10-09,ki_maturity,-58.0696271999966,-5.686146479648492,0.012646480036465846,-116.10065498445186,-12.0263728,-12.02637280000001,41.99928476352848,-2.9103379321115312,0.012438806795308975,0.0
term_flat_q__far,term_flat_q__front,2023-11-01,ko,-175.71875840000268,-6.791158781922114,0.01567526461719404,-122.0526293286186,-13.145241599999999,-13.145241599999995,-53.94080987949465,-2.597016314973658,-0.0052773784039381565,0.0
term_flat_q__far,term_flat_q__front,2023-12-01,ki_maturity,-162.961762400005,-8.027559730640206,0.01819756456054089,-135.72812045516827,-16.166237600000002,-16.166237599999995,-86.12911609363178,-1.7673984448713895,-0.0073844275711446115,0.0
term_flat_q__far,term_flat_q__front,2024-01-02,ko,-169.34289439999418,-10.309695730632562,0.022593984587463867,-122.439646205273,-12.5771056,-12.5771056,-69.48844638869308,-2.699226167505799,-0.005195809950971892,0.0
term_flat_q__far,term_flat_q__front,2024-02-01,ko,138.69801120000352,-25.46142260462264,0.05662865851150223,-178.97612760365712,-1.5300112000000006,-1.5300112000000006,,-3.7754257664100805,,0.0
term_flat_q__far,term_flat_q__front,2024-03-01,ko,12.648884000002454,-1.7773345976047068,0.007213932667610834,-17.16586317783583,-10.576884,-10.576883999999996,-30.305583992800877,-2.5958190299900252,0.002014046530822017,0.0
term_flat_q__far,term_flat_q__front,2024-04-01,ko,18.77734399999622,-2.9404790260118716,0.010916585455615913,-62.85418721417341,-10.617344000000001,-10.617344000000005,-20.38625360545055,-3.2159133379797424,0.0006767668343837033,0.0
term_flat_q__far,term_flat_q__front,2024-05-06,ko,-130.82401520001167,-2.7109028836822517,0.00849232100838071,22.855854400001306,-10.815984799999999,-10.815984800000003,,-4.495515740157941,,0.0
term_flat_q__far,term_flat_q__front,2024-06-03,ko,-44.17092959999559,-1.5664488900720812,0.0060780734628361754,16.831789600000405,-8.1650704,-8.165070400000003,,-4.8195797851798545,,0.0
term_flat_q__far,term_flat_q__front,2024-07-01,ko,-15.79083200000457,0.0014178073755672926,-7.385448678176587e-06,13.88092000000114,-5.329167999999999,-5.329168000000003,,-3.229246756922933,,0.0
term_flat_q__far,term_flat_q__front,2024-08-01,ko,-14.237296800002696,-1.357140646733619,0.008977123897227157,27.709305600001073,-4.1867032,-4.186703200000003,,-2.005377820345501,,0.0
term_flat_q__far,term_flat_q__front,2024-09-02,ko,0.725737600005516,0.3698029001462544,-0.006423045009340322,20.93389919999818,-1.7817375999999996,-1.781737600000001,,-0.6486304880750922,,0.0
term_flat_q__far,term_flat_q__front,2024-10-08,ko,-43.33263199999905,0.30204081210504796,-0.0011542029753000005,22.759146400000418,-6.779368,-6.779368,,1.367279016406954,,0.0
term_flat_q__far,term_flat_q__front,2024-11-01,ko,-27.984180800000786,-0.5446809940933761,0.004779953230261369,23.000275200001965,-4.3038191999999995,-4.303819199999997,,-0.5123979896327739,,0.0
term_flat_q__far,term_flat_q__front,2024-12-02,ko,-172.1795807999963,-2.4346376550463305,0.014484571085540021,9.616108799991707,-9.5964192,-9.59641920000001,-8.047889058280248,-1.0250458966928022,-0.009898768603169685,0.0
term_flat_q__far,term_flat_q__front,2025-01-02,ko,2.765871199999765,-0.44824639714413905,0.004901355286869635,5.857396000002041,-1.9258712000000004,-1.9258711999999996,,0.6825943531125063,,0.0
term_flat_q__far,term_flat_q__front,2025-02-05,ko,-186.36962480000165,-4.4856501661647314,0.05431543871491784,-25.17036800000244,-2.5983751999999996,-2.598375200000004,,-1.2789426431220363,,0.0
term_flat_q__far,term_flat_q__front,2025-03-03,ko,-305.23248480000393,-3.7867827155920395,0.023110702870813626,71.90172980010243,-7.487515199999999,-7.4875152000000025,,-1.5799128760557863,,0.0
term_flat_q__far,term_flat_q__front,2025-04-01,ko,-217.99494560000076,-5.334478730410737,0.027306871707667657,40.73122125339739,-6.453054399999999,-6.453054399999996,,-2.193682025727867,,0.0
term_flat_q__far,term_flat_q__front,2025-05-06,ko,-132.13252719999812,-0.9168389617071995,0.013005153450228235,4.780869449109957,-3.7794728,-3.7794728000000006,,-0.17945492155909903,,0.0
term_flat_q__far,term_flat_q__front,2025-06-03,ko,29.71264880000058,-1.604818328462116,0.054161333539304635,-40.06610160000076,-2.4886488000000004,-2.4886487999999973,,-0.6122437737947735,,0.0
term_flat_q__far,term_flat_q__front,2025-07-01,ko,16.151167199999833,-0.5555279781908311,0.018499804677494125,-4.156760800000939,-2.0631671999999996,-2.063167200000001,,-0.7284316591623679,,0.0
term_flat_q__far,term_flat_q__front,2025-08-01,ko,-19.89467440000152,0.4327265633264865,-0.007085317732608454,-5.1713704000001,-2.2893255999999997,-2.2893256000000006,,0.8088306575885937,,0.0
term_flat_q__far,term_flat_q__front,2025-09-01,ko,-56.2323320000076,-0.08080016142265833,0.0005186833123571599,-10.28436639999154,-6.207668,-6.207667999999996,,-3.1020041937735385,,0.0
