inception,model,hedge,cell,coupon,s0,termination_reason,days_replayed,knocked_in,knocked_out,matured,censored,final_product_pnl_bp,final_hedge_pnl_bp,elapsed_seconds,days,terminal_pnl_bp,terminal_pnl_gross_bp,daily_pnl_std_bp,variance_reduction_r2,max_drawdown_bp,turnover,rebalance_turnover,roll_turnover,cost_bp,roll_days,roll_day_mtm_jump_bp,other_day_mtm_jump_bp,roll_day_q_jump,delta_churn
2023-05-04,flat_active,front,flat_active__front,0.045276487940179744,6733.969,ki_maturity,243,True,False,True,False,1673.792974098931,-1186.632000000011,89.55802262504585,243,444.40593649891986,487.1609740989199,217.99690839403166,0.5071464641990426,1390.5505397382444,42.7550376,25.609992,17.1450456,42.75503760000003,12,287.54179159264254,172.55759620536583,0.08859635208116562,4.395061728395062
2023-05-04,term_flat_q,front,term_flat_q__front,0.045276487940179744,6733.969,ki_maturity,243,True,False,True,False,1673.792974098931,-1218.9040000000002,114.03482316597365,243,424.49678289893063,454.8889740989307,48.74961749393093,0.928461335818023,382.00914494657593,30.3921912,15.8288792,14.563312,30.392191200000006,12,68.49801878853363,107.10397737319667,0.016160135377682735,2.7818930041152266
2023-05-04,term_flat_fwd,front,term_flat_fwd__front,0.045276487940179744,6733.969,ki_maturity,243,True,False,True,False,1673.792974098931,-1248.4000000000076,99.58870516601019,243,394.9055740989232,425.3929740989233,40.817547690882485,0.9445871188003617,309.63941373377304,30.4874,16.0174512,14.4699488,30.487399999999997,12,63.72030337001287,104.13531418623326,0.011383975351864481,2.814814814814815
2023-05-04,surface_fwd,front,surface_fwd__front,0.045276487940179744,6733.969,ki_maturity,243,True,False,True,False,1673.792974098931,-1189.2799999999972,116.2225711250212,243,455.15327489893366,484.5129740989337,49.94868631422096,0.8937896812318813,332.3070631265898,29.3596992,15.3396488,14.0200504,29.35969920000001,12,62.0836943910678,96.19674811250175,0.010975726594119077,2.691358024691358
2023-05-04,flat_active,far,flat_active__far,0.045276487940179744,6733.969,ki_maturity,243,True,False,True,False,1673.792974098931,-1657.2560000000042,89.63122799992561,243,-1.2033451010732215,16.53697409892678,69.34407911068521,0.8414661773762969,997.0027899243612,17.7403192,16.7359312,1.004388,17.740319200000002,1,11.345727771905786,105.2014273039691,0.03837687595017859,2.962962962962963
2023-05-04,term_flat_q,far,term_flat_q__far,0.045276487940179744,6733.969,ki_maturity,243,True,False,True,False,1673.792974098931,-1552.0559999999964,108.9698225420434,243,104.82760209893442,121.73697409893443,46.1811731003098,0.9358009911676737,623.3110346473921,16.909372,15.618016,1.291356,16.909372,1,60.63838028439358,105.37449228636201,0.003419364866135907,2.7818930041152266
2023-06-01,flat_active,front,flat_active__front,0.028666697787336215,6574.758,ki_maturity,243,True,False,True,False,1962.2532114489995,-1288.8559999999889,88.03534970805049,243,634.3840314490106,673.3972114490107,244.95636933543702,0.48201482257999484,1661.0784189359645,39.01318,22.479584,16.533596,39.01317999999998,12,292.5466560516235,184.2604477513038,0.08537641607163367,3.94238683127572
2023-06-01,term_flat_q,front,term_flat_q__front,0.028666697787336215,6574.758,ki_maturity,243,True,False,True,False,1962.2532114489995,-1264.376000000001,110.16861445805989,243,671.8385898489984,697.8772114489984,45.17661501466847,0.9387867374195611,360.75608014057605,26.0386216,12.6769432,13.3616784,26.0386216,12,65.10311438231155,108.24370815838424,0.014254376548275443,2.271604938271605
2023-06-01,term_flat_fwd,front,term_flat_fwd__front,0.028666697787336215,6574.758,ki_maturity,243,True,False,True,False,1962.2532114489995,-1234.984000000003,102.40468491706997,243,700.8507770489966,727.2692114489964,38.39012966295143,0.9526383416264994,257.12671471084116,26.4184344,13.0047056,13.4137288,26.41843439999999,12,60.24721529549748,106.02498948657096,0.011876390779786443,2.3209876543209877
2023-06-01,surface_fwd,front,surface_fwd__front,0.028666697787336215,6574.758,ki_maturity,243,True,False,True,False,1962.2532114489995,-1027.6239999999977,117.80411970801651,243,909.4401962490016,934.6292114490018,51.69462249685364,0.8846914004858522,222.57037744358368,25.1890152,12.1216992,13.067316,25.189015200000014,12,56.8839927935746,97.9027777911009,0.00902913529671765,2.1646090534979425
2023-06-01,flat_active,far,flat_active__far,0.028666697787336215,6574.758,ki_maturity,243,True,False,True,False,1962.2532114489995,-1483.7920000000004,103.97410829202272,243,464.05698264899894,478.46121144899894,67.96648967406101,0.8569932600685823,999.536448328793,14.4042288,13.6389808,0.765248,14.404228800000004,1,22.756978625917714,109.69302843473471,0.03837687595017859,2.4362139917695473
2023-06-01,term_flat_q,far,term_flat_q__far,0.028666697787336215,6574.758,ki_maturity,243,True,False,True,False,1962.2532114489995,-1570.4640000000009,110.01878816680983,243,378.27831704899876,391.78921144899874,36.33497672818004,0.9604024855451966,340.83884267534813,13.5108944,12.5065064,1.004388,13.5108944,1,45.56517072155956,106.35570571906457,0.0032770615186863,2.271604938271605
2023-07-03,flat_active,front,flat_active__front,0.03477385726479426,6612.884,ki_maturity,244,True,False,True,False,2639.9238214370616,-1890.6320000000035,84.62654112512246,244,710.7750158370582,749.2918214370583,293.7017692731366,0.41775189285409664,2031.7666505210411,38.5168056,20.5781024,17.9387032,38.5168056,12,347.62845523912205,214.88164201589183,0.09093856778361287,3.622950819672131
2023-07-03,term_flat_q,front,term_flat_q__front,0.03477385726479426,6612.884,ki_maturity,244,True,False,True,False,2639.9238214370616,-1932.4079999999974,108.53492233296856,244,680.039187037064,707.5158214370641,41.164597970661475,0.9462959079667063,296.28364603458664,27.4766344,11.738844,15.7377904,27.476634400000016,12,66.5288240663401,119.47997499347395,0.016003283239474402,2.1065573770491803
2023-07-03,term_flat_fwd,front,term_flat_fwd__front,0.03477385726479426,6612.884,ki_maturity,244,True,False,True,False,2639.9238214370616,-1915.808000000003,103.9039914580062,244,696.6884662370586,724.1158214370586,39.488871761417904,0.9496901933174555,283.5331984614819,27.4273552,11.7388464,15.6885088,27.427355200000015,12,63.75765138792661,118.71739797731925,0.012694607750609372,2.1065573770491803
2023-07-03,surface_fwd,front,surface_fwd__front,0.03477385726479426,6612.884,ki_maturity,244,True,False,True,False,2639.9238214370616,-1722.7199999999993,118.00792000000365,244,890.7342790370623,917.2038214370623,51.04501000926095,0.8901794308717467,249.84868404998008,26.4695424,11.0298824,15.43966,26.469542400000012,12,62.14685137763944,110.52755617243493,0.010668701672065623,1.9672131147540983
2023-07-03,flat_active,far,flat_active__far,0.03477385726479426,6612.884,ki_maturity,244,True,False,True,False,2639.9238214370616,-2199.2719999999977,99.93230754090473,244,425.4453470370638,440.6518214370638,87.99330211615188,0.7966141889123939,1382.866339744211,15.2064744,12.6143464,2.592128,15.206474400000001,2,31.468677341109963,129.6422346536679,0.05279430664289104,2.262295081967213
2023-07-03,term_flat_q,far,term_flat_q__far,0.03477385726479426,6612.884,ki_maturity,244,True,False,True,False,2639.9238214370616,-2235.0559999999964,107.64871541713364,244,390.4691190370653,404.86782143706534,35.4798722921051,0.9601045178753103,284.45488136716045,14.3987024,11.5674344,2.831268,14.398702400000003,2,36.8026688501676,117.52952188625821,0.037129049981286445,2.1065573770491803
2023-08-01,flat_active,front,flat_active__front,0.025574663072924553,6507.412,ki_maturity,244,True,False,True,False,2503.488329922864,-1489.8560000000077,84.66085312515497,244,977.778921922856,1013.632329922856,326.7545244506126,0.37762317902662057,2401.869987106737,35.853408,17.8537704,17.9996376,35.853408,12,385.2269349392625,230.17878712509594,0.09064100461303233,3.1721311475409837
2023-08-01,term_flat_q,front,term_flat_q__front,0.025574663072924553,6507.412,ki_maturity,244,True,False,True,False,2503.488329922864,-1532.0559999999978,108.8552121669054,244,945.818897122866,971.4323299228661,41.834253993827865,0.9428966995885372,319.821931195755,25.6134328,9.906844,15.7065888,25.613432799999995,12,68.154853300258,121.17781709497899,0.011721506408751074,1.7868852459016393
2023-08-01,term_flat_fwd,front,term_flat_fwd__front,0.025574663072924553,6507.412,ki_maturity,244,True,False,True,False,2503.488329922864,-1529.7440000000026,103.52196475001983,244,948.2479539228613,973.7443299228612,38.98052205063738,0.9487183721742162,292.22080151132616,25.496376,9.8390688,15.6573072,25.496376,12,65.03062333110779,119.80659042807632,0.011302475151748195,1.7704918032786885
2023-08-01,surface_fwd,front,surface_fwd__front,0.025574663072924553,6507.412,ki_maturity,244,True,False,True,False,2503.488329922864,-1382.9680000000014,115.89357412490062,244,1095.5879867228623,1120.5203299228624,51.10077281037432,0.8840659138414144,245.52773438531253,24.9323432,9.4670512,15.465292,24.932343200000002,12,65.1708571697599,111.20222913936668,0.013703090877279193,1.7049180327868851
2023-08-01,flat_active,far,flat_active__far,0.025574663072924553,6507.412,ki_maturity,244,True,False,True,False,2503.488329922864,-1923.016000000002,99.60115558304824,244,568.394599522862,580.472329922862,143.36848180321098,0.7112311756658054,1293.8651260229256,12.0777304,10.6249784,1.452752,12.077730400000004,1,530.7294054030798,150.89551778512197,0.1315443431477462,1.9508196721311475
2023-08-01,term_flat_q,far,term_flat_q__far,0.025574663072924553,6507.412,ki_maturity,244,True,False,True,False,2503.488329922864,-1789.304000000007,116.32416316703893,244,702.876753122857,714.1843299228572,34.78692598229121,0.9605152621920439,208.49373094500794,11.3075768,9.8120968,1.49548,11.307576800000001,1,150.72931860901713,118.42646557824054,0.002618929888561397,1.7868852459016393
2023-09-01,flat_active,front,flat_active__front,0.026810076222228307,6107.2,ki_maturity,243,True,False,True,False,2578.4074534975102,-1516.4240000000048,90.75642866711132,243,1026.4101342975055,1061.9834534975057,353.42754610277757,0.35568518357434786,2927.209708832832,35.5733192,18.30762,17.2656992,35.5733192,12,355.73420437403564,231.83878319919748,0.09540306748187237,3.316872427983539
2023-09-01,term_flat_q,front,term_flat_q__front,0.026810076222228307,6107.2,ki_maturity,243,True,False,True,False,2578.4074534975102,-1315.2959999999969,99.9915371669922,243,1241.5654422975138,1263.1114534975136,42.07717572085421,0.9379321875689295,315.5305279738553,21.5460112,7.8394992,13.706512,21.54601119999999,12,57.19516429517841,113.72066932629116,0.014916014240915607,1.4650205761316872
2023-09-01,term_flat_fwd,front,term_flat_fwd__front,0.026810076222228307,6107.2,ki_maturity,243,True,False,True,False,2578.4074534975102,-1280.2480000000032,100.90585725009441,243,1276.4400654975072,1298.1594534975072,39.60777790787615,0.9430648298088375,296.5257382796159,21.719388,7.9756656,13.7437224,21.719387999999988,12,54.50160136076427,111.97448927383014,0.012141759175124826,1.4897119341563787
2023-09-01,surface_fwd,front,surface_fwd__front,0.026810076222228307,6107.2,ki_maturity,243,True,False,True,False,2578.4074534975102,-1143.295999999993,108.95464945910498,243,1413.7053782975172,1435.1114534975172,53.03167082125708,0.861848823221345,233.3098746222604,21.4060752,7.8438792,13.562196,21.406075199999993,12,55.396900081252426,104.55866684425887,0.009683265647966762,1.4732510288065843
2023-09-01,flat_active,far,flat_active__far,0.026810076222228307,6107.2,ki_maturity,243,True,False,True,False,2578.4074534975102,-1706.2720000000043,92.457895624917,243,861.8875798975064,872.1354534975063,179.87272180633886,0.6319327539293071,1616.7162439663562,10.2478736,8.6669376,1.580936,10.2478736,1,613.2415349562118,152.67759890509626,0.1315443431477462,1.646090534979424
2023-09-01,term_flat_q,far,term_flat_q__far,0.026810076222228307,6107.2,ki_maturity,243,True,False,True,False,2578.4074534975102,-1468.3999999999953,103.56427970901132,243,1100.7048694975151,1110.0074534975151,34.92464946171223,0.9572400304482986,170.8422031738531,9.302584,7.764376,1.538208,9.302583999999998,1,154.81360195327142,110.73561126404911,0.0016860594162634024,1.4650205761316872
2023-10-09,flat_active,front,flat_active__front,0.02950430604420251,6059.965,ki_maturity,243,True,False,True,False,548.8233017847464,601.6960000000037,106.81954154185951,243,1118.1593977847501,1150.51930178475,390.146635283447,0.34954335043930695,3343.262885537219,32.359904,15.724332,16.635572,32.359904,12,316.22280669086416,255.35866732787173,0.08894699331866796,2.847736625514403
2023-10-09,term_flat_q,front,term_flat_q__front,0.02950430604420251,6059.965,ki_maturity,243,True,False,True,False,548.8233017847464,916.7839999999991,115.26843012520112,243,1443.6296937847453,1465.6073017847455,43.79367590541228,0.9479184229507678,332.57089943588977,21.977608,7.0476408,14.9299672,21.977608000000007,12,57.082590613240214,118.5308440312116,0.014840209002756427,1.2921810699588476
2023-10-09,term_flat_fwd,front,term_flat_fwd__front,0.02950430604420251,6059.965,ki_maturity,243,True,False,True,False,548.8233017847464,933.7440000000051,101.82320220791735,243,1460.6798313847514,1482.5673017847512,40.32749882118387,0.9542311640044094,295.95915339167937,21.8874704,6.9972632,14.8902072,21.887470399999998,12,53.24424338543356,116.48838292169198,0.011086140375662612,1.2839506172839505
2023-10-09,surface_fwd,front,surface_fwd__front,0.02950430604420251,6059.965,ki_maturity,243,True,False,True,False,548.8233017847464,1033.9760000000012,113.94182833307423,243,1561.3302401847473,1582.7993017847475,56.025662882223436,0.8923897217655421,211.3645574204404,21.4690616,6.8030312,14.6660304,21.469061600000003,12,55.18179211068689,108.50901657646105,0.014152113437080541,1.2510288065843622
2023-10-09,flat_active,far,flat_active__far,0.02950430604420251,6059.965,ki_maturity,243,True,False,True,False,548.8233017847464,530.9759999999948,103.83740462502465,243,1068.8209321847412,1079.7993017847411,210.83366354899476,0.6083236130180278,1924.0699969328664,10.9783696,7.9443712,3.0339984,10.978369599999999,2,384.9195957333795,167.16267828295636,0.12188707908247601,1.4897119341563787
2023-10-09,term_flat_q,far,term_flat_q__far,0.02950430604420251,6059.965,ki_maturity,243,True,False,True,False,548.8233017847464,846.6880000000023,114.72235912503675,243,1385.5600665847487,1395.5113017847486,38.107529425763786,0.9605649029872336,216.4702444514379,9.9512352,6.9599648,2.9912704,9.951235199999998,2,99.08187537676869,115.62050609910007,0.027279015798065402,1.2921810699588476
2023-11-01,flat_active,front,flat_active__front,0.039127177670549296,5958.418,ko,225,True,True,False,False,-366.6162948856948,985.6559999999942,96.4938881660346,225,588.0390531142995,619.0397051142994,436.2256709992186,0.3235114279696809,3631.7813105419823,31.000652,14.3240512,16.6766008,31.000651999999995,11,368.1184236622823,278.9439962728716,0.09105657793810823,2.8266666666666667
2023-11-01,term_flat_q,front,term_flat_q__front,0.039127177670549296,5958.418,ko,225,True,True,False,False,-366.6162948856948,1427.3279999999997,112.35159091604874,225,1040.2595771143049,1060.7117051143048,48.81336230856909,0.9394530156789502,395.4210826735571,20.452128,5.8674016,14.5847264,20.452127999999995,11,60.60941230723989,123.91695711910181,0.011430078687000866,1.1644444444444444
2023-11-01,term_flat_fwd,front,term_flat_fwd__front,0.039127177670549296,5958.418,ko,225,True,True,False,False,-366.6162948856948,1475.2400000000032,107.64748375001363,225,1088.2395603143084,1108.6237051143087,43.38908167470097,0.9489495597318625,315.4380541335719,20.3841448,5.8110728,14.573072,20.384144799999998,11,56.83095665808718,120.23586676598643,0.009762459139342374,1.1555555555555554
2023-11-01,surface_fwd,front,surface_fwd__front,0.039127177670549296,5958.418,ko,225,True,True,False,False,-366.6162948856948,1579.015999999998,117.9031253750436,225,1192.4480131143034,1212.3997051143033,57.117057383101326,0.8910083849255036,247.53120813800842,19.951692,5.6418368,14.3098552,19.951692,11,55.706528472952925,111.7918351834891,0.008816165441306327,1.12
2023-11-01,flat_active,far,flat_active__far,0.039127177670549296,5958.418,ko,225,True,True,False,False,-366.6162948856948,1209.8,96.77751141693443,225,835.6954083143052,843.1837051143052,89.47355053029074,0.851343186300296,748.5208705292617,7.4882968,5.9078608,1.580436,7.488296800000002,1,192.2210408400597,138.52970769604016,0.06721173733560348,1.2
2023-11-01,term_flat_q,far,term_flat_q__far,0.039127177670549296,5958.418,ko,225,True,True,False,False,-366.6162948856948,1238.463999999997,111.84249216597527,225,864.5408187143022,871.8477051143022,42.022203526646976,0.9551282802961443,273.36845334493853,7.3068864,5.7264504,1.580436,7.3068864,1,6.668602427745238,121.31994080412815,0.006152700283062709,1.1644444444444444
2023-12-01,flat_active,front,flat_active__front,0.04871534651422832,6130.051,ki_maturity,242,True,False,True,False,0.0,1037.5519999999983,98.70219791703857,242,1007.3321759999983,1037.5519999999983,458.94441414638527,0.3022424282392937,3832.1090997832375,30.219824,12.4145696,17.8052544,30.219823999999992,12,375.66992151402593,298.98638314415206,0.08086626557847781,2.2892561983471076
2023-12-01,term_flat_q,front,term_flat_q__front,0.04871534651422832,6130.051,ki_maturity,242,True,False,True,False,0.0,1478.0559999999998,101.48703083302826,242,1453.4350183999998,1478.0559999999998,53.14818769058274,0.9348385227791832,444.8567104238541,24.6209816,7.02888,17.5921016,24.6209816,12,96.21520354552786,142.6065438057801,0.013179803037862018,1.256198347107438
2023-12-01,term_flat_fwd,front,term_flat_fwd__front,0.04871534651422832,6130.051,ki_maturity,242,True,False,True,False,0.0,1509.3840000000002,102.45102799986489,242,1484.8524456000002,1509.3840000000002,43.817516735908804,0.9513781749084295,311.56058440607546,24.5315544,6.8956296,17.6359248,24.531554399999997,12,89.60271837447182,137.70627657838517,0.013931534352673617,1.2314049586776858
2023-12-01,surface_fwd,front,surface_fwd__front,0.04871534651422832,6130.051,ki_maturity,242,True,False,True,False,0.0,1675.479999999999,108.06625695782714,242,1651.036983199999,1675.479999999999,58.89640711272116,0.8989843876702255,255.70199605560936,24.4430168,7.1154272,17.3275896,24.44301679999999,12,88.3241560426374,130.12152914498986,0.011911655781447298,1.2727272727272727
2023-12-01,flat_active,far,flat_active__far,0.04871534651422832,6130.051,ki_maturity,242,True,False,True,False,0.0,1147.327999999997,95.79092604108155,242,1138.768454399997,1147.327999999997,100.75146575768568,0.8297497771253188,899.0353857982875,8.5595456,6.9791096,1.580436,8.559545600000005,1,234.94584282239265,160.37238546728133,0.06721173733560348,1.2727272727272727
2023-12-01,term_flat_q,far,term_flat_q__far,0.04871534651422832,6130.051,ki_maturity,242,True,False,True,False,0.0,1298.9279999999947,100.99775245785713,242,1290.4732559999948,1298.9279999999947,45.12062795994253,0.9530360873397241,309.12858996868584,8.454744,6.914832,1.539912,8.454744000000005,1,10.086087451896072,140.8391453609087,0.005795375466717406,1.256198347107438
2024-01-02,flat_active,front,flat_active__front,0.052507231452292635,5854.749,ko,182,True,True,False,False,-402.7952001819708,1009.5920000000023,93.14859133400023,182,582.8526294180314,606.7967998180314,558.9432239754993,0.28678861515911314,4249.984193538414,23.9441704,8.8112528,15.1329176,23.944170399999994,9,489.9049812837493,365.6137806174955,0.09617952387614384,2.2857142857142856
2024-01-02,term_flat_q,front,term_flat_q__front,0.052507231452292635,5854.749,ko,182,True,True,False,False,-402.7952001819708,1492.0319999999945,97.14146045898087,182,1070.9788062180237,1089.2367998180237,61.493996018254116,0.9264517846623533,518.7891311130917,18.2579936,4.150576,14.1074176,18.2579936,9,82.45337326073471,151.87201782820145,0.010783706492069388,1.043956043956044
2024-01-02,term_flat_fwd,front,term_flat_fwd__front,0.052507231452292635,5854.749,ko,182,True,True,False,False,-402.7952001819708,1567.2000000000003,93.36932100006379,182,1146.3129998180295,1164.4047998180297,48.46160662064837,0.9476853870124055,309.51219722236675,18.0918,4.028464,14.063336,18.091799999999992,9,72.26919682989116,143.8952451633209,0.008865812899942125,1.010989010989011
2024-01-02,surface_fwd,front,surface_fwd__front,0.052507231452292635,5854.749,ko,182,True,True,False,False,-402.7952001819708,1470.5919999999958,96.78694412484765,182,1050.3256062180246,1067.7967998180247,60.36926657149347,0.8990991743466151,276.88675299491695,17.4711936,3.7531128,13.7180808,17.471193600000003,9,69.54370721082782,132.8406767385813,0.008032618449771432,0.945054945054945
2024-01-02,flat_active,far,flat_active__far,0.052507231452292635,5854.749,ko,182,True,True,False,False,-402.7952001819708,1169.000000000005,94.0419044578448,182,760.208271018034,766.204799818034,132.12031503353506,0.7816898508129252,1069.7556667557985,5.9965288,4.4160928,1.580436,5.996528799999999,1,272.812931522559,180.79362901785996,0.06721173733560348,1.1318681318681318
2024-01-02,term_flat_q,far,term_flat_q__far,0.052507231452292635,5854.749,ko,182,True,True,False,False,-402.7952001819708,1310.1120000000005,98.86202550004236,182,901.6359118180295,907.3167998180297,51.184300287621554,0.9490457692498172,396.3494849078187,5.680888,4.059928,1.62096,5.6808879999999995,1,12.964926872041636,149.17279166069565,0.005587896541097495,1.043956043956044
2024-02-01,flat_active,front,flat_active__front,0.323614928661441,4750.444,ko,57,False,True,False,False,-842.2854307626545,421.56000000000057,41.847789915977046,57,-433.706407562654,-420.725430762654,951.6679925989558,0.2003061151588198,6245.873861218002,12.9809768,10.6345704,2.3464064,12.980976800000004,3,375.4002651163784,359.7336850904232,0.1531897239496305,9.157894736842104
2024-02-01,term_flat_q,front,term_flat_q__front,0.323614928661441,4750.444,ko,57,False,True,False,False,-842.2854307626545,1205.775999999997,45.43924687500112,57,358.0220588373427,363.4905692373427,100.5794721681976,0.8719420111428543,469.5234711466967,5.4685104,4.1297936,1.3387168,5.4685104,3,39.88217911475093,110.35679342107281,0.015127935720706004,3.6842105263157894
2024-02-01,term_flat_fwd,front,term_flat_fwd__front,0.323614928661441,4750.444,ko,57,False,True,False,False,-842.2854307626545,1207.3519999999994,44.58332191687077,57,359.8889508373447,365.0665692373447,68.89363347545415,0.9143426147028212,280.94725274110345,5.1776184,3.882408,1.2952104,5.177618400000003,3,47.69752692804195,97.92029427237145,0.010217531851302003,3.473684210526316
2024-02-01,surface_fwd,front,surface_fwd__front,0.323614928661441,4750.444,ko,57,False,True,False,False,-842.2854307626545,1104.8399999999983,48.91908070794307,57,257.7078804373438,262.5545692373438,67.140025015487,0.7656063772990349,287.64918324016327,4.8466888,3.5908264,1.2558624,4.846688799999999,3,52.16702264887963,74.17975694951993,0.0122101401657024,3.192982456140351
2024-02-01,flat_active,far,flat_active__far,0.323614928661441,4750.444,ko,57,False,True,False,False,-842.2854307626545,1314.0559999999998,41.39787133410573,57,468.1025284373453,471.7705692373453,61.93064460385843,0.9399238869247383,295.3192619735626,3.6680408,3.6680408,0.0,3.6680408000000004,0,,99.74940093137761,,3.43859649122807
2024-02-01,term_flat_q,far,term_flat_q__far,0.323614928661441,4750.444,ko,57,False,True,False,False,-842.2854307626545,1342.9440000000006,46.736011083004996,57,496.7200700373462,500.6585692373462,75.11804956357496,0.9285706696543565,290.5473435430396,3.9384992,3.9384992,0.0,3.9384992,0,,106.58136765466273,,3.6842105263157894
2024-03-01,flat_active,front,flat_active__front,0.2764060690453915,5401.939,ko,145,False,True,False,False,-1673.5819523022333,2783.3759999999843,83.60878808284178,145,1067.5596572977508,1109.7940476977508,419.0384571578653,0.34880009229372755,3491.445820585556,42.2343904,26.125316,16.1090744,42.2343904,7,501.2192963922679,351.25501148589797,0.07858920781112348,8.744827586206897
2024-03-01,term_flat_q,front,term_flat_q__front,0.2764060690453915,5401.939,ko,145,False,True,False,False,-1673.5819523022333,3206.5279999999957,88.90850404114462,145,1500.4485996977626,1532.9460476977627,105.27764805029757,0.7845281280208714,786.0919377795738,32.497448,18.3033448,14.1941032,32.497448,7,99.94010831686717,166.8580591970961,0.006926845975289184,6.220689655172414
2024-03-01,term_flat_fwd,front,term_flat_fwd__front,0.2764060690453915,5401.939,ko,145,False,True,False,False,-1673.5819523022333,3258.3519999999803,81.67269349982962,145,1552.848775697747,1584.770047697747,107.0984461540434,0.7692890094219138,741.5058222561947,31.921272,17.8979992,14.0232728,31.92127199999999,7,91.4951571265472,164.2130690525624,0.005771942124313367,6.082758620689655
2024-03-01,surface_fwd,front,surface_fwd__front,0.2764060690453915,5401.939,ko,145,False,True,False,False,-1673.5819523022333,3225.031999999997,89.8042637500912,145,1519.6596436977636,1551.4500476977635,105.29045934182078,0.750526555113663,697.206908590944,31.790404,18.17208,13.618324,31.790404000000002,7,96.71647589317773,156.26996895397218,0.006595527693870247,6.179310344827586
2024-03-01,flat_active,far,flat_active__far,0.2764060690453915,5401.939,ko,145,False,True,False,False,-1673.5819523022333,3433.4720000000007,83.62395341694355,145,1737.6006092977677,1759.8900476977678,158.70085495529509,0.6557435940388181,973.824122029547,22.2894384,18.127232,4.1622064,22.289438399999998,1,722.3906439128148,189.14934897295205,0.1122298150172058,6.289655172413793
2024-03-01,term_flat_q,far,term_flat_q__far,0.2764060690453915,5401.939,ko,145,False,True,False,False,-1673.5819523022333,3208.5999999999985,87.90690533304587,145,1513.097483697765,1535.018047697765,103.50031345269286,0.7917420606884822,768.9260746017379,21.920564,17.8959512,4.0246128,21.920564000000002,1,69.63452432406629,164.26224016710609,0.0089408925061112,6.220689655172414
2024-04-01,flat_active,front,flat_active__front,0.23256459009008068,5559.056,ko,124,False,True,False,False,-1210.6101949894612,2169.544000000013,71.41491604084149,124,928.517380210552,958.933805010552,442.7739956698866,0.34080760634923957,2760.1034894272575,30.4164248,15.921904,14.4945208,30.416424800000012,6,476.28991177062653,376.88355601548,0.07062037015157184,6.225806451612903
2024-04-01,term_flat_q,front,term_flat_q__front,0.23256459009008068,5559.056,ko,124,False,True,False,False,-1210.6101949894612,2623.632000000003,80.61217199987732,124,1387.272569810542,1413.021805010542,114.6996462582507,0.784323085273637,1014.9321855653491,25.7492352,11.9482216,13.8010136,25.749235200000005,6,102.53057800075695,185.07611416855255,0.007595450908437197,4.709677419354839
2024-04-01,term_flat_fwd,front,term_flat_fwd__front,0.23256459009008068,5559.056,ko,124,False,True,False,False,-1210.6101949894612,2674.000000000004,78.24060720787384,124,1437.975056210543,1463.389805010543,116.05571437456383,0.771603987492582,917.9175444160529,25.4147488,11.7845656,13.6301832,25.414748800000005,6,93.36190856212276,180.84513473031458,0.006255767101611183,4.645161290322581
2024-04-01,surface_fwd,front,surface_fwd__front,0.23256459009008068,5559.056,ko,124,False,True,False,False,-1210.6101949894612,2662.584000000006,83.39925250015222,124,1426.8895498105448,1451.973805010545,114.25763069187424,0.7516041998317802,887.0915853650764,25.0842552,11.7885744,13.2956808,25.08425520000001,6,113.20303992242965,170.2252905633288,0.006999818620968451,4.661290322580645
2024-04-01,flat_active,far,flat_active__far,0.23256459009008068,5559.056,ko,124,False,True,False,False,-1210.6101949894612,2733.7520000000086,71.35757820797153,124,1507.3038202105479,1523.1418050105478,172.44536217539854,0.6628298359649143,986.3935720185011,15.8379848,11.985364,3.8526208,15.837984800000003,1,717.017605406695,213.08536655882108,0.1122298150172058,4.838709677419355
2024-04-01,term_flat_q,far,term_flat_q__far,0.23256459009008068,5559.056,ko,124,False,True,False,False,-1210.6101949894612,2631.7919999999995,80.29485650011338,124,1406.0499138105383,1421.1818050105385,111.75916723223882,0.795239670729253,952.0779983511757,15.1318912,11.6920512,3.43984,15.1318912,1,82.1443243953064,181.8602008305728,0.0082722177428209,4.709677419354839
2024-05-06,flat_active,front,flat_active__front,0.16080527451093893,5606.842,ko,104,False,True,False,False,-682.8717136765899,1643.8479999999959,76.33141299989074,104,941.3324199234057,960.9762863234058,409.9975625497151,0.3141704193305327,2161.9578109363456,19.6438664,9.0067144,10.637152,19.643866400000007,5,444.2716084613606,329.91339577111705,0.06564527985971967,4.230769230769231
2024-05-06,term_flat_q,front,term_flat_q__front,0.16080527451093893,5606.842,ko,104,False,True,False,False,-682.8717136765899,1978.9200000000083,78.69074179208837,104,1278.4933495234181,1296.0482863234183,75.35957360152644,0.8798002953786224,237.52917137481938,17.5549368,6.9234784,10.6314584,17.554936800000004,5,67.0259062194501,159.6335304667039,0.007385507618662038,3.25
2024-05-06,term_flat_fwd,front,term_flat_fwd__front,0.16080527451093893,5606.842,ko,104,False,True,False,False,-682.8717136765899,2061.5440000000044,77.41406695800833,104,1361.1660695234145,1378.6722863234147,77.62176445014047,0.8678743708461174,218.20889605522146,17.5062168,6.9185816,10.5876352,17.506216800000008,5,60.28791728538197,156.68692996455306,0.0063260340969646415,3.25
2024-05-06,surface_fwd,front,surface_fwd__front,0.16080527451093893,5606.842,ko,104,False,True,False,False,-682.8717136765899,1992.0800000000015,82.8456531248521,104,1291.8975551234116,1309.2082863234116,72.46463350190704,0.871266676329842,232.4000166119039,17.3107312,6.89636,10.4143712,17.3107312,5,66.2712037141016,147.6452315428422,0.0038396741842856826,3.25
2024-05-06,flat_active,far,flat_active__far,0.16080527451093893,5606.842,ko,104,False,True,False,False,-682.8717136765899,1812.9600000000025,77.27367287501693,104,1123.6355519234125,1130.0882863234126,94.05947443292555,0.8278111595983023,257.46717267425026,6.4527344,6.4527344,0.0,6.4527344,0,,155.65486956883584,,3.1153846153846154
2024-05-06,term_flat_q,far,term_flat_q__far,0.16080527451093893,5606.842,ko,104,False,True,False,False,-682.8717136765899,1837.279999999996,79.77894779201597,104,1147.6693343234065,1154.4082863234064,72.64867071784418,0.8882926163870031,260.3850257748207,6.738952,6.738952,0.0,6.738952,0,,155.13801472654595,,3.25
2024-06-03,flat_active,front,flat_active__front,0.1745165036462871,5284.624,ko,84,False,True,False,False,-607.2218072076291,1554.9279999999985,59.36754204099998,84,930.1583319923695,947.7061927923694,424.44121785561117,0.29555964132153945,1969.9037341937,17.5478608,9.7533632,7.7944976,17.5478608,4,479.3741960927346,345.8438836751458,0.07428557302935632,5.857142857142857
2024-06-03,term_flat_q,front,term_flat_q__front,0.1745165036462871,5284.624,ko,84,False,True,False,False,-607.2218072076291,1830.4719999999982,63.89794408297166,84,1208.3851519923692,1223.250192792369,75.79676007059257,0.8514128103795111,234.64959252956695,14.8650408,6.8846008,7.98044,14.865040800000001,4,51.35038313014014,151.35666367262206,0.007820465659681548,4.166666666666667
2024-06-03,term_flat_fwd,front,term_flat_fwd__front,0.1745165036462871,5284.624,ko,84,False,True,False,False,-607.2218072076291,1927.1119999999926,64.26368133397773,84,1305.0696703923636,1319.8901927923635,78.0966724511011,0.8334871761860136,214.71041351815848,14.8205224,6.8844992,7.9360232,14.820522399999998,4,43.25739019353569,148.51123758409466,0.0064851225064278505,4.166666666666667
2024-06-03,surface_fwd,front,surface_fwd__front,0.1745165036462871,5284.624,ko,84,False,True,False,False,-607.2218072076291,1878.3200000000056,67.91656212508678,84,1256.7097991923765,1271.0981927923765,79.99020439466679,0.7948314314140109,292.79483431395283,14.3883936,6.6836616,7.704732,14.388393600000002,4,40.75893757391272,138.006627648824,0.003060779493612449,4.0476190476190474
2024-06-03,flat_active,far,flat_active__far,0.1745165036462871,5284.624,ko,84,False,True,False,False,-607.2218072076291,1729.0160000000108,56.89007841702551,84,1115.1339263923817,1121.7941927923819,90.46878087016924,0.8149775460662042,244.96788626599223,6.6602664,6.6602664,0.0,6.660266399999999,0,,149.92026292920514,,4.142857142857143
2024-06-03,term_flat_q,far,term_flat_q__far,0.1745165036462871,5284.624,ko,84,False,True,False,False,-607.2218072076291,1778.1360000000027,65.21770604210906,84,1164.2142223923736,1170.9141927923736,74.23031118052049,0.8574908838423473,251.48138212956735,6.6999704,6.6999704,0.0,6.699970399999998,0,,146.5370838874422,,4.166666666666667
2024-07-01,flat_active,front,flat_active__front,0.19424785313199355,4940.247,ko,65,False,True,False,False,-526.8640400018455,1144.3520000000037,50.911691250046715,65,602.2018639981582,617.4879599981582,339.4286280761347,0.34893756815738997,1493.030342110323,15.286096,9.763064,5.523032,15.286096000000004,3,415.7145182281107,288.19510279473053,0.0630353272911996,7.938461538461539
2024-07-01,term_flat_q,front,term_flat_q__front,0.19424785313199355,4940.247,ko,65,False,True,False,False,-526.8640400018455,1282.4000000000021,54.833910749992356,65,744.5759135981564,755.5359599981564,58.10249170157807,0.8486720613735914,186.6765484231638,10.9600464,5.7764576,5.1835888,10.960046400000001,3,47.11323290400174,116.00383038502355,0.008564655365876231,4.676923076923077
2024-07-01,term_flat_fwd,front,term_flat_fwd__front,0.19424785313199355,4940.247,ko,65,False,True,False,False,-526.8640400018455,1384.4399999999996,50.79358629207127,65,846.757986398154,857.5759599981541,61.76657796955356,0.8134637547127134,173.72467829349523,10.8179736,5.6715952,5.1463784,10.8179736,3,35.20967897438926,114.07084725619386,0.0065885458189732975,4.584615384615384
2024-07-01,surface_fwd,front,surface_fwd__front,0.19424785313199355,4940.247,ko,65,False,True,False,False,-526.8640400018455,1318.191999999996,56.81530662509613,65,781.0410671981505,791.3279599981504,72.15911162568264,0.693442128788422,232.3098180915404,10.2868928,5.3999952,4.8868976,10.286892799999999,3,14.65138718258396,103.94032803845239,0.003292585991563568,4.369230769230769
2024-07-01,flat_active,far,flat_active__far,0.19424785313199355,4940.247,ko,65,False,True,False,False,-526.8640400018455,1200.8240000000067,51.984194749966264,65,668.5118487981612,673.9599599981611,65.37389019015318,0.8458162250265455,208.00090859950146,5.4481112,5.4481112,0.0,5.4481112000000005,0,,121.64148662047728,,4.523076923076923
2024-07-01,term_flat_q,far,term_flat_q__far,0.19424785313199355,4940.247,ko,65,False,True,False,False,-526.8640400018455,1261.2799999999975,55.85542124998756,65,728.7850815981518,734.4159599981518,58.103909508953635,0.8486646759249132,200.55746842316495,5.6308784,5.6308784,0.0,5.6308783999999985,0,,112.77458362810061,,4.676923076923077
2024-08-01,flat_active,front,flat_active__front,0.20604808130105778,4878.289,ko,60,False,True,False,False,-519.3540679369129,940.2239999999963,43.932970208115876,60,410.4981528630835,420.8699320630834,292.8121504624236,0.20473928362255678,1557.3580774358772,10.3717792,6.6317864,3.7399928,10.371779199999999,3,435.91378853404905,192.81178815680948,0.08129014568150382,5.833333333333333
2024-08-01,term_flat_q,front,term_flat_q__front,0.20604808130105778,4878.289,ko,60,False,True,False,False,-519.3540679369129,1105.056000000002,50.3107193748001,60,577.4716552630894,585.7019320630894,47.846785375083364,0.8394765618830073,166.043472079777,8.2302768,4.1939896,4.0362872,8.230276800000002,3,44.85432585304567,84.29342298650684,0.008344054143268003,3.6
2024-08-01,term_flat_fwd,front,term_flat_fwd__front,0.20604808130105778,4878.289,ko,60,False,True,False,False,-519.3540679369129,1206.639999999996,49.15134033304639,60,679.1171992630831,687.2859320630831,51.996157872410436,0.7965441603870669,164.14447524067174,8.1687328,4.169656,3.9990768,8.168732800000003,3,37.1870650186121,83.43191444459772,0.005553680871980067,3.566666666666667
2024-08-01,surface_fwd,front,surface_fwd__front,0.20604808130105778,4878.289,ko,60,False,True,False,False,-519.3540679369129,1087.4799999999957,50.2238798327744,60,560.3713264630829,568.1259320630829,56.552247741256195,0.7034022483914529,197.52657950113846,7.7546056,3.8726648,3.8819408,7.754605600000002,3,24.774825095843557,75.16483265306222,0.004803898466792231,3.3333333333333335
2024-08-01,flat_active,far,flat_active__far,0.20604808130105778,4878.289,ko,60,False,True,False,False,-519.3540679369129,1138.5519999999979,45.90737883397378,60,615.1824832630851,619.1979320630851,50.78669205245171,0.8150053009433278,191.05722405886337,4.0154488,4.0154488,0.0,4.015448799999999,0,,80.9334825852419,,3.566666666666667
2024-08-01,term_flat_q,far,term_flat_q__far,0.20604808130105778,4878.289,ko,60,False,True,False,False,-519.3540679369129,1086.6319999999994,48.64064612495713,60,563.2343584630867,567.2779320630866,46.489644728349745,0.8484536857802345,193.75277767977806,4.0435736,4.0435736,0.0,4.043573599999999,0,,82.28804516616134,,3.6
2024-09-02,flat_active,front,flat_active__front,0.21381314218688352,4532.515,ko,59,False,True,False,False,-533.0683818905864,763.2879999999964,38.72007054206915,59,225.4706429094101,230.21961810941005,135.32550294158895,0.28012041839910595,809.8880141389111,4.7489752,3.8777152,0.87126,4.748975199999998,3,186.55802810125004,74.03517300475886,0.05912283736334086,3.5254237288135593
2024-09-02,term_flat_q,front,term_flat_q__front,0.21381314218688352,4532.515,ko,59,False,True,False,False,-533.0683818905864,877.6719999999957,39.95862508402206,59,340.66268130940944,344.6036181094094,28.641131255795585,0.752863940910744,101.20844763601896,3.9409368,2.2334992,1.7074376,3.9409368000000007,3,22.09143815371751,34.63162758983585,0.010965510289508729,1.9661016949152543
2024-09-02,term_flat_fwd,front,term_flat_fwd__front,0.21381314218688352,4532.515,ko,59,False,True,False,False,-533.0683818905864,937.5759999999967,40.22450470807962,59,400.60388930941053,404.5076181094106,33.217873392693434,0.6219407799542767,91.69326601796335,3.9037288,2.1962912,1.7074376,3.9037288,3,19.66214919351839,34.36194768505813,0.007872362022483032,1.9322033898305084
2024-09-02,surface_fwd,front,surface_fwd__front,0.21381314218688352,4532.515,ko,59,False,True,False,False,-533.0683818905864,830.8479999999997,43.895678790984675,59,294.1882389094134,297.77961810941343,36.99379220679868,0.3504044747701498,125.10066657265118,3.5913792,2.034032,1.5573472,3.5913791999999995,3,18.822862041663317,31.264407679425606,0.009390691100816665,1.7966101694915255
2024-09-02,flat_active,far,flat_active__far,0.21381314218688352,4532.515,ko,59,False,True,False,False,-533.0683818905864,888.0560000000015,36.90058979089372,59,352.83556290941516,354.98761810941517,30.98612050818444,0.7049834451794571,123.28979707713418,2.1520552,2.1520552,0.0,2.1520552,0,,34.10953326359076,,1.9661016949152543
2024-09-02,term_flat_q,far,term_flat_q__far,0.21381314218688352,4532.515,ko,59,False,True,False,False,-533.0683818905864,876.6160000000013,41.861025457968935,59,341.38841890941495,343.547618109415,29.01093415594184,0.7464408959014037,122.14234683601714,2.1591992,2.1591992,0.0,2.1591991999999998,0,,33.98299710176076,,1.9661016949152543
2024-10-08,flat_active,front,flat_active__front,0.2808776080375299,6201.985,ko,103,False,True,False,False,-1177.377370677865,1426.2400000000039,69.89680341701023,103,226.0912645221388,248.86262932213882,233.37898946253756,0.2992377879068864,1938.9405085759015,22.7713648,16.573088,6.1982768,22.771364799999994,5,238.05124933752475,218.3312647789622,0.05618535492506675,6.563106796116505
2024-10-08,term_flat_q,front,term_flat_q__front,0.2808776080375299,6201.985,ko,103,False,True,False,False,-1177.377370677865,1106.8879999999997,73.6696408749558,103,-86.21644187786549,-70.48937067786548,48.798661611611394,0.9070493328233773,712.827253754152,15.7270712,9.0488968,6.6781744,15.727071200000001,5,152.9102901546017,125.01779821989939,0.009539654337914497,3.6310679611650487
2024-10-08,term_flat_fwd,front,term_flat_fwd__front,0.2808776080375299,6201.985,ko,103,False,True,False,False,-1177.377370677865,1095.2320000000013,73.81970724998973,103,-97.77971947786381,-82.1453706778638,49.584549191888165,0.9028382015580715,737.3841220202472,15.6343488,8.9062128,6.728136,15.634348800000001,5,159.55752374100132,123.94763211422884,0.007166028616003217,3.5728155339805827
2024-10-08,surface_fwd,front,surface_fwd__front,0.2808776080375299,6201.985,ko,103,False,True,False,False,-1177.377370677865,1172.232000000002,77.40560154104605,103,-20.468545877863065,-5.145370677863064,57.15239271002987,0.8530451857836793,643.4128774582592,15.3231752,9.032412,6.2907632,15.323175200000001,5,139.03432155797327,114.95598300650859,0.006763157768614962,3.6310679611650487
2024-10-08,flat_active,far,flat_active__far,0.2808776080375299,6201.985,ko,103,False,True,False,False,-1177.377370677865,1344.1199999999963,68.74642895814031,103,154.708754922131,166.74262932213097,78.19114284580931,0.7960355385814479,787.3500987056708,12.0338744,12.0338744,0.0,12.033874400000004,0,,141.3418245076244,,4.815533980582524
2024-10-08,term_flat_q,far,term_flat_q__far,0.2808776080375299,6201.985,ko,103,False,True,False,False,-1177.377370677865,1056.7760000000005,73.4192807090003,103,-129.54907387786454,-120.60137067786455,49.10070242371644,0.9058951298480773,735.5864001541524,8.9477032,8.9477032,0.0,8.947703200000001,0,,126.38507723630634,,3.6310679611650487
2024-11-01,flat_active,front,flat_active__front,0.36858228563993,5930.232,ko,80,False,True,False,False,-1231.973667070451,618.272000000002,59.33278820803389,80,-630.8336734704491,-613.701667070449,223.91191502417604,0.14029940798375462,1803.7013965032502,17.1320064,12.8786064,4.2534,17.13200640000001,4,267.47984918436214,180.54649330381582,0.05611401542209388,6.65
2024-11-01,term_flat_q,front,term_flat_q__front,0.36858228563993,5930.232,ko,80,False,True,False,False,-1231.973667070451,751.5999999999992,62.69834916596301,80,-491.63000307045183,-480.37366707045186,47.37610215562733,0.790919036706964,626.8232706046826,11.256336,7.179224,4.077112,11.256336,4,83.68291833300606,93.80277862825345,0.009518686237360695,3.725
2024-11-01,term_flat_fwd,front,term_flat_fwd__front,0.36858228563993,5930.232,ko,80,False,True,False,False,-1231.973667070451,753.1840000000009,60.80638650013134,80,-490.05513107045005,-478.7896670704501,48.98541609164214,0.781525702548053,647.8338326926875,11.265464,7.188352,4.077112,11.265464,4,85.33064684117754,94.54171437921391,0.007400127533683978,3.725
2024-11-01,surface_fwd,front,surface_fwd__front,0.36858228563993,5930.232,ko,80,False,True,False,False,-1231.973667070451,727.9200000000033,65.01380499987863,80,-514.7438398704478,-504.0536670704478,48.775449911369876,0.7313610659328649,558.4161271997752,10.6901728,6.9000672,3.7901056,10.690172799999996,4,74.60857680681741,85.66831261277639,0.005772299395038753,3.575
2024-11-01,flat_active,far,flat_active__far,0.36858228563993,5930.232,ko,80,False,True,False,False,-1231.973667070451,718.384000000001,55.51728600007482,80,-520.3975742704499,-513.5896670704499,47.52082433572312,0.7899501302519238,651.5527095486738,6.8079072,6.8079072,0.0,6.8079072000000025,0,,94.29558583948452,,3.65
2024-11-01,term_flat_q,far,term_flat_q__far,0.36858228563993,5930.232,ko,80,False,True,False,False,-1231.973667070451,719.3119999999983,59.5955987079069,80,-519.6141838704526,-512.6616670704527,46.83142116153395,0.7956989899372253,649.8235458046846,6.9525168,6.9525168,0.0,6.952516800000002,0,,93.29038063862068,,3.725
2024-12-02,flat_active,front,flat_active__front,0.3790906299094442,6313.608,ko,164,False,True,False,False,-2544.5809404880506,2856.352000000001,84.391500167083,164,264.580793911951,311.77105951195097,454.36683518703177,0.1659654435252289,2954.948738152024,47.1902656,34.9889744,12.2012912,47.190265600000004,8,265.71928406291147,297.4606411684633,0.06525496834093227,8.609756097560975
2024-12-02,term_flat_q,front,term_flat_q__front,0.3790906299094442,6313.608,ko,164,False,True,False,False,-2544.5809404880506,2412.5760000000005,92.7641855829861,164,-163.38368768805014,-132.00494048805015,89.62061350019056,0.7297356993221596,1144.4833661417717,31.3787472,20.5294112,10.849336,31.37874720000001,8,96.5782582509956,121.45044743992575,0.010553472005467803,5.146341463414634
2024-12-02,term_flat_fwd,front,term_flat_fwd__front,0.3790906299094442,6313.608,ko,164,False,True,False,False,-2544.5809404880506,2349.4879999999976,85.86241199984215,164,-225.96760448805313,-195.0929404880531,91.19032099413202,0.717152476906912,1180.5507355075956,30.874664,20.1206816,10.7539824,30.874664000000006,8,100.41804254190248,119.75589986302626,0.008557668439854648,5.048780487804878
2024-12-02,surface_fwd,front,surface_fwd__front,0.3790906299094442,6313.608,ko,164,False,True,False,False,-2544.5809404880506,2410.8879999999963,91.30423504114151,164,-164.39653488805425,-133.69294048805423,122.48859962974298,0.5065548731277305,1100.1450794899397,30.7035944,20.3320952,10.3714992,30.70359440000001,8,94.905059843724,114.11891625285377,0.005079286387803942,5.097560975609756
2024-12-02,flat_active,far,flat_active__far,0.3790906299094442,6313.608,ko,164,False,True,False,False,-2544.5809404880506,2252.3919999999894,86.35465795802884,164,-314.62639888806143,-292.18894048806135,131.31482180869466,0.6052139682547443,1139.7577907256468,22.4374584,20.4509592,1.9864992,22.43745840000001,1,276.2518273488141,143.3578253428393,0.0424376726521096,5.2560975609756095
2024-12-02,term_flat_q,far,term_flat_q__far,0.3790906299094442,6313.608,ko,164,False,True,False,False,-2544.5809404880506,2230.8000000000043,91.34695079200901,164,-335.56326848804645,-313.78094048804644,87.18597584514423,0.7442202704076997,1154.0994749417634,21.782328,19.9850192,1.7973088,21.782328,1,88.53036919271536,120.42540154323295,0.000654703402298118,5.146341463414634
2025-01-02,flat_active,front,flat_active__front,0.32408397629633345,5797.089,ko,59,False,True,False,False,-799.1111744293153,732.760000000003,46.4806114169769,59,-77.93625842931225,-66.35117442931225,223.88713935713008,-0.026711531576703473,1802.859192778106,11.585084,9.5763048,2.0087792,11.585084,3,223.47490014334167,151.2241883417871,0.08076069040936378,6.610169491525424
2025-01-02,term_flat_q,front,term_flat_q__front,0.32408397629633345,5797.089,ko,59,False,True,False,False,-799.1111744293153,507.47199999999924,47.03946729213931,59,-296.621860829316,-291.639174429316,31.674787915639854,0.8255917662736927,400.5435493507792,4.9826864,3.1475832,1.8351032,4.982686399999999,3,68.98759414597384,55.790769985798576,0.011650587278312974,2.23728813559322
2025-01-02,term_flat_fwd,front,term_flat_fwd__front,0.32408397629633345,5797.089,ko,59,False,True,False,False,-799.1111744293153,534.1119999999997,46.66105770901777,59,-270.12333122931545,-264.9991744293154,34.41791086555205,0.8003981238586281,398.04265495500175,5.1241568,3.2890536,1.8351032,5.1241568000000015,3,67.89144509930391,56.38850734106106,0.009361765266825112,2.3389830508474576
2025-01-02,surface_fwd,front,surface_fwd__front,0.32408397629633345,5797.089,ko,59,False,True,False,False,-799.1111744293153,439.64800000000105,49.70224183308892,59,-364.0251392293142,-359.46317442931417,37.334363808259184,0.7017367743859371,391.7323428331382,4.5619648,2.9596008,1.602364,4.5619648,3,60.568340381173336,51.186757018927665,0.004445541799318202,2.1016949152542375
2025-01-02,flat_active,far,flat_active__far,0.32408397629633345,5797.089,ko,59,False,True,False,False,-799.1111744293153,525.335999999999,42.345351041993126,59,-276.68598322931626,-273.7751744293163,32.78478052236389,0.8175032059017576,397.5130960289182,2.9108088,2.9108088,0.0,2.9108088,0,,56.99471195296684,,2.135593220338983
2025-01-02,term_flat_q,far,term_flat_q__far,0.32408397629633345,5797.089,ko,59,False,True,False,False,-799.1111744293153,508.31199999999893,48.28974520904012,59,-293.85598962931624,-290.7991744293163,31.226541518495715,0.8304931215605623,406.4009453507812,3.0568152,3.0568152,0.0,3.056815199999999,0,,56.47336433891108,,2.23728813559322
2025-02-05,flat_active,front,flat_active__front,0.25926002595041264,5881.437,ko,61,False,True,False,False,-639.2712968640311,1831.9280000000063,45.130645791999996,61,1175.716081535975,1192.656703135975,571.3863347298184,0.11693248950366408,2353.1184856972322,16.9406216,13.9557664,2.9848552,16.9406216,3,111.97173641320398,308.49919568363777,0.07157472581688044,9.344262295081966
2025-02-05,term_flat_q,front,term_flat_q__front,0.25926002595041264,5881.437,ko,61,False,True,False,False,-639.2712968640311,1147.8080000000018,46.79212541715242,61,500.3628455359706,508.5367031359707,76.17880747770599,0.5247956715177036,336.6568948227669,8.1738576,5.8615056,2.312352,8.173857600000003,3,49.980115691729935,75.55896855417085,0.019168307480855438,4.065573770491803
2025-02-05,term_flat_fwd,front,term_flat_fwd__front,0.25926002595041264,5881.437,ko,61,False,True,False,False,-639.2712968640311,1068.848,47.04188554198481,61,421.74929673596864,429.57670313596867,73.4318437991368,0.47583062415277766,259.4234551755998,7.8274064,5.6605048,2.1669016,7.827406400000003,3,65.46753143946715,70.13659406003595,0.01333722260547067,3.9344262295081966
2025-02-05,surface_fwd,front,surface_fwd__front,0.25926002595041264,5881.437,ko,61,False,True,False,False,-639.2712968640311,986.7760000000002,50.634528832975775,61,340.25641753596904,347.50470313596907,96.64564098349915,-0.022214025483135336,255.1832527938926,7.2482856,5.4700088,1.7782768,7.2482856,3,70.68420883113487,64.67010290325241,0.009132386399091594,3.80327868852459
2025-02-05,flat_active,far,flat_active__far,0.25926002595041264,5881.437,ko,61,False,True,False,False,-639.2712968640311,948.6400000000009,46.05983408400789,61,304.1597815359697,309.3687031359698,67.48586216456634,0.5850203095201083,290.3815410854537,5.2089216,5.2089216,0.0,5.208921599999999,0,,70.38920882764307,,3.80327868852459
2025-02-05,term_flat_q,far,term_flat_q__far,0.25926002595041264,5881.437,ko,61,False,True,False,False,-639.2712968640311,958.8400000000003,48.25429308298044,61,313.993220735969,319.56870313596903,71.69315731154126,0.5791111102326214,311.48652682276446,5.5754824,5.5754824,0.0,5.575482399999999,0,,74.28002591104881,,4.065573770491803
2025-03-03,flat_active,front,flat_active__front,0.2840334820624164,6273.67,ko,106,False,True,False,False,-1198.3878421263596,1884.6000000000026,74.87501124991104,106,659.0439202736429,686.212157873643,561.3458461640703,0.1162321327785486,3671.082294307452,27.1682376,19.289404,7.8788336,27.168237600000005,5,251.0758837324364,332.89938237634806,0.061147876805057955,7.320754716981132
2025-03-03,term_flat_q,front,term_flat_q__front,0.2840334820624164,6273.67,ko,106,False,True,False,False,-1198.3878421263596,1449.1120000000062,82.98716058302671,106,234.66094107364674,250.72415787364673,75.65259418035909,0.7632204408562719,528.8349398767288,16.0632168,8.9141328,7.149084,16.063216800000006,5,67.62143472548074,100.79960512265218,0.011729123446696244,3.452830188679245
2025-03-03,term_flat_fwd,front,term_flat_fwd__front,0.2840334820624164,6273.67,ko,106,False,True,False,False,-1198.3878421263596,1396.295999999997,76.89471854199655,106,182.20144347363743,197.9081578736374,71.3638898763481,0.7776983282351608,406.9441763411082,15.7067144,8.8025528,6.9041616,15.706714399999994,5,81.51760912109336,94.88581899096582,0.007637259100267324,3.4150943396226414
2025-03-03,surface_fwd,front,surface_fwd__front,0.2840334820624164,6273.67,ko,106,False,True,False,False,-1198.3878421263596,1404.0560000000016,80.12846400006674,106,190.07586427364188,205.6681578736419,101.46069649852973,0.5712618315170243,491.8582569319475,15.5922936,9.0802152,6.5120784,15.592293600000003,5,79.75870198725573,89.94596692753464,0.006111059665160063,3.5283018867924527
2025-03-03,flat_active,far,flat_active__far,0.2840334820624164,6273.67,ko,106,False,True,False,False,-1198.3878421263596,1178.1519999999957,74.39526391704567,106,-28.936388526363892,-20.235842126363888,73.18652623967584,0.7757119505194796,478.025330673973,8.7005464,8.7005464,0.0,8.700546400000004,0,,102.0022998584921,,3.490566037735849
2025-03-03,term_flat_q,far,term_flat_q__far,0.2840334820624164,6273.67,ko,106,False,True,False,False,-1198.3878421263596,1136.3920000000026,77.66093116695993,106,-70.57154372635719,-61.99584212635718,71.86581146476705,0.7863311437270856,600.7366696768312,8.5757016,8.5757016,0.0,8.575701600000004,0,,99.2196922465964,,3.452830188679245
2025-04-01,flat_active,front,flat_active__front,0.2502989466837958,6259.484,ko,84,False,True,False,False,-836.6156574088518,1392.288000000003,61.317258124938235,84,535.6416753911509,555.6723425911509,546.2148287755599,0.08933170036980298,2880.525144999806,20.0306672,12.9583184,7.0723488,20.0306672,4,170.9650912534888,305.9987875760301,0.04199251897844975,6.238095238095238
2025-04-01,term_flat_q,front,term_flat_q__front,0.2502989466837958,6259.484,ko,84,False,True,False,False,-836.6156574088518,1207.2080000000008,62.56991804204881,84,358.1254201911491,370.5923425911491,72.13140803803049,0.8082930120800556,493.39123685174457,12.4669224,6.2437248,6.2231976,12.466922399999996,4,59.167824648227054,104.68672668208048,0.00939321085450915,3.0714285714285716
2025-04-01,term_flat_fwd,front,term_flat_fwd__front,0.2502989466837958,6259.484,ko,84,False,True,False,False,-836.6156574088518,1165.8960000000022,61.94697070796974,84,316.8598505911504,329.2803425911504,62.246979382855685,0.8496952946417686,380.9279082387277,12.420492,6.3414024,6.0790896,12.420492,4,85.51483697031048,98.54197155900792,0.005277334478154608,3.119047619047619
2025-04-01,surface_fwd,front,surface_fwd__front,0.2502989466837958,6259.484,ko,84,False,True,False,False,-836.6156574088518,1140.4880000000007,66.35219216602854,84,291.56693699114885,303.8723425911488,95.127017308854,0.6639261279285487,330.37964114612623,12.3054056,6.51704,5.7883656,12.305405600000002,4,88.04268176909576,92.52090894688482,0.005552889260538773,3.2142857142857144
2025-04-01,flat_active,far,flat_active__far,0.2502989466837958,6259.484,ko,84,False,True,False,False,-836.6156574088518,1039.159999999998,56.32171308295801,84,196.29420739114607,202.54434259114606,69.70972789586159,0.8213355244066252,415.74466414810547,6.2501352,6.2501352,0.0,6.250135200000001,0,,108.27243197415974,,3.1666666666666665
2025-04-01,term_flat_q,far,term_flat_q__far,0.2502989466837958,6259.484,ko,84,False,True,False,False,-836.6156574088518,982.7600000000001,63.3474361251574,84,140.13047459114833,146.14434259114833,66.79692930761975,0.8355998837877232,534.122458105142,6.013868,6.013868,0.0,6.013868,0,,102.49304465635261,,3.0714285714285716
2025-05-06,flat_active,front,flat_active__front,0.23545997726028908,6102.922,ko,66,False,True,False,False,-593.4881618615507,1084.999999999994,48.072553999954835,66,477.19588853844334,491.5118381384434,253.28788129676215,0.18649353303394034,1350.3948571341355,14.3159496,10.1166872,4.1992624,14.315949600000001,3,179.02147071734555,201.65918792077954,0.04406906619700676,6.151515151515151
2025-05-06,term_flat_q,front,term_flat_q__front,0.23545997726028908,6102.922,ko,66,False,True,False,False,-593.4881618615507,714.9839999999974,52.00485275010578,66,114.57294293844676,121.49583813844677,36.21612640171537,0.7398482458381388,263.9087996586259,6.9228952,3.341816,3.5810792,6.9228952,3,52.900665901319186,56.78885586843294,0.003322061798550935,2.0606060606060606
2025-05-06,term_flat_fwd,front,term_flat_fwd__front,0.23545997726028908,6102.922,ko,66,False,True,False,False,-593.4881618615507,683.9279999999998,53.181174042169005,66,83.5684757384491,90.4398381384491,33.00718108171323,0.7514761327139416,229.49907585540788,6.8713624,3.387696,3.4836664,6.871362400000002,3,52.17229661761174,54.14931055439553,0.00154502821516229,2.090909090909091
2025-05-06,surface_fwd,front,surface_fwd__front,0.23545997726028908,6102.922,ko,66,False,True,False,False,-593.4881618615507,606.8800000000002,55.39177224994637,66,7.0618221384496564,13.391838138449657,35.34364675938947,0.6954664995383086,257.4483839127465,6.330016,3.0924376,3.2375784,6.330016,3,44.15851887388365,52.74158689571478,0.0025935022277266684,1.9090909090909092
2025-05-06,flat_active,far,flat_active__far,0.23545997726028908,6102.922,ko,66,False,True,False,False,-593.4881618615507,565.2560000000027,50.241807457990944,66,-31.46868426154792,-28.23216186154792,33.387913733763206,0.7544452525322,240.32276801006387,3.2365224,3.2365224,0.0,3.2365223999999997,0,,54.35010275359999,,2.121212121212121
2025-05-06,term_flat_q,far,term_flat_q__far,0.23545997726028908,6102.922,ko,66,False,True,False,False,-593.4881618615507,579.0719999999992,52.68633050005883,66,-17.559584261551365,-14.416161861551366,35.29928744000817,0.752853399288367,268.6896691077359,3.1434224,3.1434224,0.0,3.1434223999999995,0,,56.60940094687384,,2.0606060606060606
2025-06-03,flat_active,front,flat_active__front,0.3307926476713451,6070.037,ko,67,False,True,False,False,-833.7787283770891,992.927999999995,56.28417058312334,67,147.60499802290587,159.1492716229059,248.6474798621927,0.05628834749789835,1343.2001373843339,11.5442736,9.0596408,2.4846328,11.544273599999999,3,119.01260408791994,161.37803329444094,0.06542403400244126,5.343283582089552
2025-06-03,term_flat_q,front,term_flat_q__front,0.3307926476713451,6070.037,ko,67,False,True,False,False,-833.7787283770891,623.8000000000002,60.61612620810047,67,-215.1860075770889,-209.97872837708888,34.0199512474415,0.4120595270978221,317.3881236467455,5.2072792,2.8826376,2.3246416,5.207279199999998,3,26.132035954181394,39.6013989776662,0.004063035814760761,1.7313432835820894
2025-06-03,term_flat_fwd,front,term_flat_fwd__front,0.3307926476713451,6070.037,ko,67,False,True,False,False,-833.7787283770891,589.9759999999994,57.27987237484194,67,-248.71506037708963,-243.80272837708966,31.926301131359203,0.3697731565368464,269.71892215665804,4.912332,2.6850072,2.2273248,4.912331999999999,3,28.034741078273836,38.19918795726396,0.001923966803703936,1.6119402985074627
2025-06-03,surface_fwd,front,surface_fwd__front,0.3307926476713451,6070.037,ko,67,False,True,False,False,-833.7787283770891,518.5760000000009,60.28199683292769,67,-319.8586099770882,-315.20272837708814,34.28443117326993,0.2735709582274355,320.15096734101525,4.6558816,2.57974,2.0761416,4.655881600000001,3,21.514110239012215,37.79240624710888,0.0033258181870405995,1.5522388059701493
2025-06-03,flat_active,far,flat_active__far,0.3307926476713451,6070.037,ko,67,False,True,False,False,-833.7787283770891,617.5360000000014,56.45576866599731,67,-218.86954597708768,-216.2427283770877,31.476054682428554,0.4620701821452713,262.57890530911686,2.6268176,2.6268176,0.0,2.6268176000000003,0,,38.15085629409424,,1.671641791044776
2025-06-03,term_flat_q,far,term_flat_q__far,0.3307926476713451,6070.037,ko,67,False,True,False,False,-833.7787283770891,651.0240000000008,60.84063108311966,67,-185.47335877708832,-182.75472837708833,32.41513291897938,0.46622086063712675,277.32202204674473,2.7186304,2.7186304,0.0,2.7186304000000003,0,,38.98915520387143,,1.7313432835820894
2025-07-01,flat_active,front,flat_active__front,0.3211475754031138,6373.768,ko,67,False,True,False,False,-879.8563709674349,1132.728000000002,44.24244533316232,67,239.50161703256714,252.87162903256714,324.27992347460554,0.1503089185379185,1731.0315982975142,13.370012,10.7800616,2.5899504,13.370012000000003,3,309.2537993430318,197.64250292207845,0.0710079481907873,5.940298507462686
2025-07-01,term_flat_q,front,term_flat_q__front,0.3211475754031138,6373.768,ko,67,False,True,False,False,-879.8563709674349,736.2640000000011,48.61048679193482,67,-148.4045525674337,-143.59237096743368,37.37253073523599,0.3730634610183755,272.3708695513316,4.8121816,2.8660376,1.946144,4.812181600000001,3,27.286636639567725,43.31213314113965,0.007491895294291793,1.6119402985074627
2025-07-01,term_flat_fwd,front,term_flat_fwd__front,0.3211475754031138,6373.768,ko,67,False,True,False,False,-879.8563709674349,722.6239999999981,48.1481081249658,67,-161.94031016743676,-157.23237096743676,34.73430697623042,0.26042256285347076,244.15820476662773,4.7079392,2.7617952,1.946144,4.707939200000001,3,32.69942762002766,39.74854764935618,0.004630329614412741,1.5522388059701493
2025-07-01,surface_fwd,front,surface_fwd__front,0.3211475754031138,6373.768,ko,67,False,True,False,False,-879.8563709674349,651.7760000000015,52.93431416689418,67,-232.24959816743333,-228.0803709674333,36.796030115299324,0.004548881800139903,185.25959644137433,4.1692272,2.4393936,1.7298336,4.1692272,3,30.364979978603657,37.07518604394267,0.004306082621584069,1.373134328358209
2025-07-01,flat_active,far,flat_active__far,0.3211475754031138,6373.768,ko,67,False,True,False,False,-879.8563709674349,753.551999999999,45.95019508409314,67,-129.27248616743591,-126.30437096743593,36.22525959863962,0.410331085389135,242.8688188969375,2.9681152,2.9681152,0.0,2.9681152,0,,43.042507127965735,,1.7313432835820894
2025-07-01,term_flat_q,far,term_flat_q__far,0.3211475754031138,6373.768,ko,67,False,True,False,False,-879.8563709674349,750.3520000000011,47.92672337498516,67,-132.25338536743388,-129.50437096743389,36.81700275704516,0.39156326569586963,268.2141087513307,2.7490144,2.7490144,0.0,2.7490143999999996,0,,42.58370148197728,,1.6119402985074627
2025-08-01,flat_active,front,flat_active__front,0.2646901250175521,6670.472,ko,61,False,True,False,False,-681.667719223285,1034.2960000000026,40.58861483284272,61,339.14125437671765,352.6282807767177,270.63701202156005,0.27943351580444253,1118.8212535394518,13.4870264,10.2046272,3.2823992,13.487026399999996,3,275.39186307069116,170.8688535191695,0.047523924333591566,5.836065573770492
2025-08-01,term_flat_q,front,term_flat_q__front,0.2646901250175521,6670.472,ko,61,False,True,False,False,-681.667719223285,847.928,45.937081874813884,61,160.4774127767151,166.2602807767151,24.736110220234895,0.7992456377805657,90.0246817988624,5.782868,3.6862896,2.0965784,5.7828680000000015,3,63.82517738311013,47.64856423133823,0.008669568974772862,2.1311475409836067
2025-08-01,term_flat_fwd,front,term_flat_fwd__front,0.2646901250175521,6670.472,ko,61,False,True,False,False,-681.667719223285,858.8479999999981,43.65999183291569,61,171.45336717671321,177.18028077671323,24.889765356174216,0.7779182116866901,85.38494897085117,5.7269136,3.6303352,2.0965784,5.7269136,3,60.22538913509712,46.16960738087127,0.006290964663741109,2.098360655737705
2025-08-01,surface_fwd,front,surface_fwd__front,0.2646901250175521,6670.472,ko,61,False,True,False,False,-681.667719223285,793.1439999999997,46.946088374825194,61,106.32759837671472,111.47628077671472,24.606089300255913,0.7324965894579528,78.04334094247596,5.1486824,3.2253768,1.9233056,5.1486824,3,58.12159910970657,42.020936374768965,0.0044050420810304676,1.8688524590163935
2025-08-01,flat_active,far,flat_active__far,0.2646901250175521,6670.472,ko,61,False,True,False,False,-681.667719223285,798.9040000000007,39.320770166115835,61,113.95853917671575,117.23628077671574,25.437981158099934,0.7676893069089602,84.36171048039932,3.2777416,3.2777416,0.0,3.2777415999999997,0,,46.61021780921215,,2.0
2025-08-01,term_flat_q,far,term_flat_q__far,0.2646901250175521,6670.472,ko,61,False,True,False,False,-681.667719223285,825.7439999999986,46.61713629215956,61,140.5827383767136,144.0762807767136,25.16883678356138,0.7921603200479572,84.8533113988623,3.4935424,3.4935424,0.0,3.493542400000001,0,,48.45739488892682,,2.1311475409836067
2025-09-01,flat_active,front,flat_active__front,0.3955306699990364,7501.148,ko,83,False,True,False,False,-1365.3935457500984,449.8240000000083,62.07411687495187,83,-937.9542897500901,-915.5695457500901,540.0960458975346,0.10405444604363201,3821.449856725416,22.384744,15.5274808,6.8572632,22.38474400000001,4,239.62699720068943,354.4070007275567,0.037221784383396364,6.337349397590361
2025-09-01,term_flat_q,front,term_flat_q__front,0.3955306699990364,7501.148,ko,83,False,True,False,False,-1365.3935457500984,873.0080000000045,64.69138141721487,83,-505.029579350094,-492.385545750094,54.582511419273786,0.824678517405786,973.028121758591,12.6440336,6.6896768,5.9543568,12.644033599999997,4,50.58553961136162,114.17662558371866,0.0065488692909208696,2.746987951807229
2025-09-01,term_flat_fwd,front,term_flat_fwd__front,0.3955306699990364,7501.148,ko,83,False,True,False,False,-1365.3935457500984,907.9040000000009,64.0161355000455,83,-470.30960015009754,-457.4895457500976,53.832103630542164,0.8208930945530835,880.4259187132012,12.8200544,6.8656976,5.9543568,12.820054399999998,4,45.73501405168432,112.63996325892825,0.005284674587647947,2.819277108433735
2025-09-01,surface_fwd,front,surface_fwd__front,0.3955306699990364,7501.148,ko,83,False,True,False,False,-1365.3935457500984,839.7359999999982,70.1365752920974,83,-537.5846073501004,-525.6575457501003,57.69559843245141,0.7592162579635309,886.7769469979107,11.9270616,6.5630408,5.3640208,11.927061599999998,4,37.50329147149898,106.21853870264647,0.0038839467499002488,2.6987951807228914
2025-09-01,flat_active,far,flat_active__far,0.3955306699990364,7501.148,ko,83,False,True,False,False,-1365.3935457500984,773.1520000000008,60.71805116604082,83,-598.8415729500977,-592.2415457500977,52.53651143462887,0.8216670424889146,995.065641043855,6.6000272,6.6000272,0.0,6.600027199999999,0,,105.01868018616953,,2.819277108433735
2025-09-01,term_flat_q,far,term_flat_q__far,0.3955306699990364,7501.148,ko,83,False,True,False,False,-1365.3935457500984,810.5679999999969,61.88176379096694,83,-561.2619113501016,-554.8255457501016,54.50171125785113,0.8251972007181432,962.7437553585995,6.4363656,6.4363656,0.0,6.4363656,0,,111.07462138994512,,2.746987951807229
2023-05-04,term_opt_tail,front,term_opt_tail__front,0.045276487940179744,6733.969,ki_maturity,243,True,False,True,False,1673.792974098931,-1240.1440000000027,101.55769658298232,243,403.4200476989281,433.6489740989281,40.908175574656255,0.9443723090216086,318.94751838433297,30.2289264,15.8635448,14.3653816,30.228926400000002,12,63.92642494132685,103.82626702482645,0.0127858822827082,2.7901234567901234
2023-07-03,term_opt_tail,front,term_opt_tail__front,0.03477385726479426,6612.884,ki_maturity,244,True,False,True,False,2639.9238214370616,-1922.6959999999963,102.79758837493137,244,689.9973758370653,717.2278214370654,39.23991412883048,0.9503978185239077,283.53319846148094,27.2304456,11.5939872,15.6364584,27.230445600000017,12,63.13675189041092,118.58082122388917,0.01355861042323009,2.081967213114754
2023-06-01,term_opt_tail,front,term_opt_tail__front,0.028666697787336215,6574.758,ki_maturity,243,True,False,True,False,1962.2532114489995,-1239.7840000000008,104.84499316685833,243,696.2576858489987,722.4692114489987,38.35830854379391,0.9527150224330687,257.1267147108422,26.2115256,12.8512792,13.3602464,26.211525599999998,12,60.06085907214078,105.80058820379155,0.011981324985012608,2.2962962962962963
2023-09-01,term_opt_tail,front,term_opt_tail__front,0.026810076222228307,6107.2,ki_maturity,243,True,False,True,False,2578.4074534975102,-1240.312000000002,96.14842158393003,243,1316.6587422975085,1338.0954534975085,41.42286950782877,0.93871524508219,296.5257382796153,21.4367112,7.8304336,13.6062776,21.436711199999984,12,53.44870024959956,111.60919255343708,0.013642842583723192,1.4650205761316872
2023-08-01,term_opt_tail,front,term_opt_tail__front,0.025574663072924553,6507.412,ki_maturity,244,True,False,True,False,2503.488329922864,-1513.072000000003,101.83826874988154,244,965.2078307228608,990.4163299228609,39.458212150384206,0.9478933806929318,292.22080151132513,25.2084992,9.5952736,15.6132256,25.2084992,12,64.96177657513603,119.52700133333096,0.013860038562411187,1.7295081967213115
2023-10-09,term_opt_tail,front,term_opt_tail__front,0.02950430604420251,6059.965,ki_maturity,243,True,False,True,False,548.8233017847464,986.455999999998,101.26031012507156,243,1513.5340849847441,1535.2793017847443,42.60534540448861,0.9495917331120878,292.4821583497705,21.7452168,7.0303216,14.7148952,21.745216800000005,12,52.49930691944887,115.75450372516994,0.009994756038569976,1.2921810699588476
2024-01-02,term_opt_tail,front,term_opt_tail__front,0.052507231452292635,5854.749,ko,182,True,True,False,False,-402.7952001819708,1670.5599999999952,89.10668116714805,182,1250.1133470180243,1267.7647998180244,48.592530126748976,0.9470939443116232,299.51794197011907,17.6514528,3.8454672,13.8059856,17.651452799999998,9,68.5753984015386,140.42787266511155,0.00880638990597221,0.967032967032967
2023-12-01,term_opt_tail,front,term_opt_tail__front,0.04871534651422832,6130.051,ki_maturity,242,True,False,True,False,0.0,1585.8720000000053,97.6014072499238,242,1561.7037056000054,1585.8720000000053,43.63338649348518,0.9521267020881897,287.46636812733476,24.1682944,6.8012256,17.3670688,24.168294399999997,12,87.17760120261944,135.81648100469593,0.018738922510360242,1.2148760330578512
2023-11-01,term_opt_tail,front,term_opt_tail__front,0.039127177670549296,5958.418,ko,225,True,True,False,False,-366.6162948856948,1621.216000000003,104.75256787496619,225,1234.4668283143083,1254.599705114308,44.86519732788363,0.9459195430995819,291.65747462964373,20.1328768,5.7351168,14.39776,20.132876800000002,11,55.716921415559305,118.86588629080539,0.009493908943366592,1.1377777777777778
2024-02-01,term_opt_tail,front,term_opt_tail__front,0.323614928661441,4750.444,ko,57,False,True,False,False,-842.2854307626545,1101.143999999999,42.344325624872,57,253.88522123734452,258.8585692373445,69.22696202881838,0.9041306388524663,271.2127354311379,4.973348,3.7174856,1.2558624,4.973348000000001,3,48.11553502164136,93.48435815541629,0.0100931579579448,3.3333333333333335
2024-04-01,term_opt_tail,front,term_opt_tail__front,0.23256459009008068,5559.056,ko,124,False,True,False,False,-1210.6101949894612,2741.168000000001,74.17011945787817,124,1505.45635221054,1530.55780501054,117.28654721963554,0.7549770988684593,857.8437617236618,25.1014528,11.7201096,13.3813432,25.101452800000008,6,93.71450084817911,176.32919143197455,0.004884584781144649,4.629032258064516
2024-03-01,term_opt_tail,front,term_opt_tail__front,0.2764060690453915,5401.939,ko,145,False,True,False,False,-1673.5819523022333,3307.368,77.6366650830023,145,1602.1881572977668,1633.7860476977667,108.67257757427676,0.7528511990471413,691.9369986229074,31.5978904,17.9081696,13.6897208,31.5978904,7,88.13797559353445,161.2112873371073,0.005365360304057616,6.096551724137931
2024-05-06,term_opt_tail,front,term_opt_tail__front,0.16080527451093893,5606.842,ko,104,False,True,False,False,-682.8717136765899,2083.0080000000003,72.25870683393441,104,1382.84863352341,1400.13628632341,79.38457037124066,0.8546710707139097,241.37778110475486,17.2876528,6.8645408,10.423112,17.2876528,5,58.91189271733359,151.30895382841447,0.003849406743072542,3.230769230769231
2024-07-01,term_opt_tail,front,term_opt_tail__front,0.19424785313199355,4940.247,ko,65,False,True,False,False,-526.8640400018455,1297.8079999999936,48.41747966688126,65,760.5112607981482,770.9439599981481,67.73255981481826,0.7549328912271744,219.9551172603771,10.4326992,5.4735088,4.9591904,10.432699200000004,3,17.432937415267677,108.5312712413073,0.003717211701572539,4.430769230769231
2024-06-03,term_opt_tail,front,term_opt_tail__front,0.1745165036462871,5284.624,ko,84,False,True,False,False,-607.2218072076291,1918.4320000000096,57.56848837505095,84,1296.6700119923805,1311.2101927923804,82.1568320404135,0.80270102459545,279.28950720808444,14.5401808,6.75994,7.7802408,14.540180799999995,4,38.76018411788696,143.4599460785918,0.003487963686459372,4.095238095238095
2024-08-01,term_opt_tail,front,term_opt_tail__front,0.20604808130105778,4878.289,ko,60,False,True,False,False,-519.3540679369129,1109.688000000005,44.62347595882602,60,582.4629680630925,590.3339320630923,54.17311306533296,0.7551189115774368,189.48221141449184,7.870964,3.9518128,3.9191512,7.870964000000002,3,24.843805437681464,78.3377933821729,0.004573240376112804,3.4
2024-09-02,term_opt_tail,front,term_opt_tail__front,0.21381314218688352,4532.515,ko,59,False,True,False,False,-533.0683818905864,855.4479999999978,37.64604379190132,59,318.67748130941146,322.3796181094115,36.98697449963926,0.44120117338437703,119.2164004315969,3.7021368,2.1097072,1.5924296,3.7021367999999995,3,22.23856633403987,32.98062958021935,0.00890906052441433,1.8644067796610169
2024-10-08,term_opt_tail,front,term_opt_tail__front,0.2808776080375299,6201.985,ko,103,False,True,False,False,-1177.377370677865,1074.5760000000066,68.20292920805514,103,-117.89174667785859,-102.80137067785859,47.77241768581856,0.8962878082608665,652.6251071832122,15.090376,8.7053904,6.3849856,15.090375999999997,5,145.886642703231,115.9490954096039,0.00717797176660166,3.495145631067961
2024-11-01,term_opt_tail,front,term_opt_tail__front,0.36858228563993,5930.232,ko,80,False,True,False,False,-1231.973667070451,729.1040000000013,56.762760957935825,80,-513.7959326704498,-502.86966707044974,49.31115274696156,0.7270209021277496,561.2340812061311,10.9262656,7.0398016,3.886464,10.9262656,4,79.07601914593214,85.80801549891656,0.0064019552669371035,3.65
2024-12-02,term_opt_tail,front,term_opt_tail__front,0.3790906299094442,6313.608,ko,164,False,True,False,False,-2544.5809404880506,2455.463999999996,83.26099529187195,164,-119.74873968805461,-89.11694048805461,94.80241869131035,0.6759041963995027,1067.013330775861,30.6317992,20.21288,10.4189192,30.631799200000007,8,98.34853777519086,116.36745856593798,0.006442880977937155,5.073170731707317
2025-01-02,term_opt_tail,front,term_opt_tail__front,0.32408397629633345,5797.089,ko,59,False,True,False,False,-799.1111744293153,462.8159999999995,45.72584804100916,59,-340.9890240293157,-336.2951744293157,36.062726509501275,0.7244468117924091,362.89627452457097,4.6938496,3.0471912,1.6466584,4.693849599999999,3,67.89669695698876,51.0717724810957,0.0058849425553818046,2.169491525423729
2025-02-05,term_opt_tail,front,term_opt_tail__front,0.25926002595041264,5881.437,ko,61,False,True,False,False,-639.2712968640311,1058.0640000000003,44.453966584056616,61,411.40831433596924,418.79270313596925,73.93556269766361,0.3002540722247167,257.13192594416466,7.3843888,5.6028792,1.7815096,7.384388800000001,3,71.43239016443708,64.10698110948498,0.008852750550677505,3.901639344262295
2025-05-06,term_opt_tail,front,term_opt_tail__front,0.23545997726028908,6102.922,ko,66,False,True,False,False,-593.4881618615507,625.3680000000005,47.402038333937526,66,25.553182938449844,31.879838138449845,36.06213271868921,0.6964869029927634,230.68686223322945,6.3266552,3.0890768,3.2375784,6.3266552,3,41.601729208556264,53.81751325808565,0.003437993272738138,1.9090909090909092
2025-04-01,term_opt_tail,front,term_opt_tail__front,0.2502989466837958,6259.484,ko,84,False,True,False,False,-836.6156574088518,1212.2319999999975,59.40514341695234,84,363.31557059114556,375.61634259114555,69.79314850886509,0.7888592444029967,311.63074023325123,12.300772,6.5591016,5.7416704,12.300772,4,88.85328585815465,95.15858597249604,0.005693749827220301,3.238095238095238
2025-03-03,term_opt_tail,front,term_opt_tail__front,0.2840334820624164,6273.67,ko,106,False,True,False,False,-1198.3878421263596,1455.9040000000005,70.3978762079496,106,241.92669867364077,257.51615787364074,76.75800847451421,0.7171135551292653,448.80294338725145,15.5894592,9.0781784,6.5112808,15.589459200000004,5,78.97024425521383,92.36772207311243,0.006382891192559179,3.5283018867924527
2025-07-01,term_opt_tail,front,term_opt_tail__front,0.3211475754031138,6373.768,ko,67,False,True,False,False,-879.8563709674349,687.7920000000015,43.68699024990201,67,-196.56379016743344,-192.06437096743343,35.90670985216779,0.10864640230901135,185.0811172497543,4.4994192,2.663216,1.8362032,4.4994192,3,30.01931795962082,37.91036060565811,0.005571603676607399,1.492537313432836
2025-06-03,term_opt_tail,front,term_opt_tail__front,0.3307926476713451,6070.037,ko,67,False,True,False,False,-833.7787283770891,520.5279999999991,52.172001000028104,67,-317.85555717709,-313.25072837709,33.8000108961764,0.2892505038676194,276.11438832760103,4.6048288,2.5773456,2.0274832,4.6048288,3,18.34917168667526,37.424638396537794,0.004302179179325238,1.5522388059701493
2025-08-01,term_opt_tail,front,term_opt_tail__front,0.2646901250175521,6670.472,ko,61,False,True,False,False,-681.667719223285,822.7919999999999,39.77506345906295,61,135.86642557671502,141.12428077671498,25.85854568665634,0.7266701153201548,78.3088173734726,5.2578552,3.2794424,1.9784128,5.257855200000001,3,62.60159731457081,43.53154143401614,0.004695786266796315,1.901639344262295
2025-09-01,term_opt_tail,front,term_opt_tail__front,0.3955306699990364,7501.148,ko,83,False,True,False,False,-1365.3935457500984,905.968000000002,57.4184952089563,83,-471.94445615009647,-459.42554575009643,56.145839721590235,0.780256486464094,838.0936317006123,12.5189104,6.9181112,5.6007992,12.518910400000001,4,47.54150599921124,107.62581005609583,0.002725775912657026,2.8433734939759034
