date,model,ttm_front,roll_front,q_T,pv_bp,p_ko,p_ki
2024-01-25,flat_active,0.06027397260273973,False,0.04994430654392133,19.954980891787546,0.5847149575353285,0.09239641946475613
2024-01-25,term_flat_q,0.06027397260273973,False,0.08466326386864578,-87.98771815567179,0.5095220713475683,0.1336454046253285
2024-01-25,term_flat_fwd,0.06027397260273973,False,0.08014416148725115,-73.4867628303137,0.5116260705210068,0.12928664572690668
2024-01-25,surface_fwd,0.06027397260273973,False,0.06607796884600027,-28.094585960074316,0.528503854390291,0.11431789988937718
2024-01-25,term_opt_tail,0.06027397260273973,False,0.06505449671474794,-29.785696361519495,0.5238270706541904,0.11612874413224794
2024-01-26,flat_active,0.057534246575342465,False,0.19469130840884655,-710.1906710909857,0.30184266191166353,0.33569165837449716
2024-01-26,term_flat_q,0.057534246575342465,False,0.10802881032074296,-182.27681688133814,0.4477726743717149,0.16782854218775695
2024-01-26,term_flat_fwd,0.057534246575342465,False,0.1007081412348005,-154.79294135214892,0.4566899271773885,0.1594992342359875
2024-01-26,surface_fwd,0.057534246575342465,False,0.07674242604969525,-63.787571309774975,0.49306093365255604,0.12933270443668005
2024-01-26,term_opt_tail,0.057534246575342465,False,0.07977024478290674,-83.60159492445169,0.4737837719943292,0.1387497957954865
2024-01-29,flat_active,0.049315068493150684,False,0.28970003587821946,-1562.3524474087012,0.16860224176750083,0.5687480127953624
2024-01-29,term_flat_q,0.049315068493150684,False,0.11603099104752194,-219.09142362744328,0.41885286077927897,0.1811868793334942
2024-01-29,term_flat_fwd,0.049315068493150684,False,0.10297985985980111,-167.38036171383087,0.43546799667859654,0.16576706894502816
2024-01-29,surface_fwd,0.049315068493150684,False,0.08461090417544388,-92.5672410169213,0.4629943341045411,0.14143558916840893
2024-01-29,term_opt_tail,0.049315068493150684,False,0.08256148565713221,-95.533085111313,0.45328058057546167,0.14518274813110543
2024-01-30,flat_active,0.04657534246575343,False,0.3536459788041478,-2211.233136657303,0.1078690245380549,0.7180632453578041
2024-01-30,term_flat_q,0.04657534246575343,False,0.1288746605924845,-284.6054970587134,0.3855553375977603,0.20328838526055718
2024-01-30,term_flat_fwd,0.04657534246575343,False,0.11347142952234257,-217.55797044739737,0.4061242861804108,0.183671504684686
2024-01-30,surface_fwd,0.04657534246575343,False,0.09803515743512586,-145.5033710196802,0.4254702533440667,0.16086109426281042
2024-01-30,term_opt_tail,0.04657534246575343,False,0.09651449587507667,-151.6296001513292,0.4205527867279531,0.16506609915288054
2024-01-31,flat_active,0.043835616438356165,False,0.2957123672318195,-1622.3604769078736,0.161950081271116,0.5835984836832997
2024-01-31,term_flat_q,0.043835616438356165,False,0.12970379583464264,-289.1467852113977,0.3892600431981993,0.20443176208619235
2024-01-31,term_flat_fwd,0.043835616438356165,False,0.1164525375389975,-230.73649873388825,0.40686140304508056,0.18729413247739304
2024-01-31,surface_fwd,0.043835616438356165,False,0.08522038337121521,-96.56046409527174,0.4471254124570633,0.14512341972932283
2024-01-31,term_opt_tail,0.043835616438356165,False,0.08366089069161688,-107.89377925975394,0.43587894521989523,0.1525935273611434
2024-02-01,flat_active,0.0410958904109589,False,0.2824885870317275,-1490.9648309685103,0.17685399963239956,0.5508149758492422
2024-02-01,term_flat_q,0.0410958904109589,False,0.1259735195436507,-269.3231927494506,0.3991803375418685,0.19778603226460262
2024-02-01,term_flat_fwd,0.0410958904109589,False,0.11340536883702058,-215.28668356699407,0.41575283233523874,0.1818148584616563
2024-02-01,surface_fwd,0.0410958904109589,False,0.08522038337121521,-96.56046409527174,0.4471254124570633,0.14512341972932283
2024-02-01,term_opt_tail,0.0410958904109589,False,0.08117574074997501,-97.20310237946896,0.4442905699999246,0.1482513809737143
2024-02-02,flat_active,0.038356164383561646,False,0.4045115819933017,-2717.4077384137863,0.07358728703817145,0.8157382420341405
2024-02-02,term_flat_q,0.038356164383561646,False,0.14078637916056383,-351.32204976445064,0.3625100200196998,0.224739733093678
2024-02-02,term_flat_fwd,0.038356164383561646,False,0.12547232020523097,-278.33694377712237,0.383039107653377,0.203679941059944
2024-02-02,surface_fwd,0.038356164383561646,False,0.0892670266398118,-113.70783044288137,0.4424970993025377,0.15089554376259573
2024-02-02,term_opt_tail,0.038356164383561646,False,0.0919432021176609,-143.5276068698575,0.41251846672330206,0.1660406301724458
2024-02-05,flat_active,0.030136986301369864,False,0.9202150823621189,-5843.895527150386,0.00045849528730246373,0.9999862024314037
2024-02-05,term_flat_q,0.030136986301369864,False,0.19438186598512583,-727.7245820195179,0.22578158437652326,0.34064854895535385
2024-02-05,term_flat_fwd,0.030136986301369864,False,0.15654748592864798,-488.4240575598618,0.2678038432424701,0.2777497012580575
2024-02-05,surface_fwd,0.030136986301369864,False,0.0892670266398118,-113.70783044288137,0.4424970993025377,0.15089554376259573
2024-02-05,term_opt_tail,0.030136986301369864,False,0.12456840639953111,-327.45526919367995,0.29686967919308627,0.2370442432546324
2024-02-06,flat_active,0.0273972602739726,False,0.0,116.61911457414514,0.6852014233825245,0.051108765989054596
2024-02-06,term_flat_q,0.0273972602739726,False,0.0978469427906102,-139.8350293270267,0.4876764938946718,0.15186169192788831
2024-02-06,term_flat_fwd,0.0273972602739726,False,0.09538220568529203,-130.5984649338585,0.4863451203847886,0.14914098382236965
2024-02-06,surface_fwd,0.0273972602739726,False,0.0892670266398118,-113.70783044288137,0.4424970993025377,0.15089554376259573
2024-02-06,term_opt_tail,0.0273972602739726,False,0.06468184392107935,-34.106071196297556,0.5121050172658125,0.12002637832250142
2024-02-07,flat_active,0.024657534246575342,False,0.0,116.61911457414514,0.6852014233825245,0.051108765989054596
2024-02-07,term_flat_q,0.024657534246575342,False,0.07514180012694613,-56.76041620387856,0.5443883258694626,0.12073028896540022
2024-02-07,term_flat_fwd,0.024657534246575342,False,0.07974898886326114,-70.04362181379284,0.5368232006012604,0.12521903548084817
2024-02-07,surface_fwd,0.024657534246575342,False,0.0892670266398118,-113.70783044288137,0.4424970993025377,0.15089554376259573
2024-02-07,term_opt_tail,0.024657534246575342,False,0.050661042981653394,9.323925805105336,0.5603538346157306,0.10040899481567611
2024-02-08,flat_active,0.021917808219178082,False,0.0,116.61911457414514,0.6852014233825245,0.051108765989054596
2024-02-08,term_flat_q,0.021917808219178082,False,0.08060764429613376,-74.63342449303634,0.5277471205264168,0.12786796332369318
2024-02-08,term_flat_fwd,0.021917808219178082,False,0.08180954947995238,-77.87323239183084,0.5234978211657122,0.12908403794067683
2024-02-08,surface_fwd,0.021917808219178082,False,0.06316996793679942,-20.263220163510287,0.5506436777814414,0.10937218557972782
2024-02-08,term_opt_tail,0.021917808219178082,False,0.06140110032702447,-18.192782286421558,0.5402776499438899,0.11049765795422103
2024-02-19,flat_active,0.0684931506849315,True,0.23767111646962555,-1067.887601730309,0.23498177091813618,0.43863796637860436
2024-02-19,term_flat_q,0.0684931506849315,True,0.11618496432534305,-220.0106007537492,0.4278681667526956,0.1806343961064176
2024-02-19,term_flat_fwd,0.0684931506849315,True,0.10706797133294452,-182.4482538313568,0.4420766834651468,0.1690789122188147
2024-02-19,surface_fwd,0.0684931506849315,True,0.0836223407680769,-85.11791024025904,0.47792847136872213,0.1368120778431358
2024-02-19,term_opt_tail,0.0684931506849315,True,0.08176047541752902,-89.23756080532439,0.46485467326230234,0.14128598457343491
