date,model,spot,vol,coupon,t_last,tail_time_share,ko_obs_beyond_last,q_at_maturity,pv_bp,delta,delta_hands,delta_cash_1pct_bp,gamma_cash_1pct_bp,rhoq_1pct_bp,p_ki,p_ko
2023-05-04,flat_active,6733.969,0.15460546464071243,0.045276487940179744,0.6164383561643836,0.38858695652173914,5,0.05168695905787593,15.40744154720998,1831.8645655499865,9.159322827749932,24.67143839322415,-444.88532709474225,-27.07873507983202,0.09419461304265273,0.5811116236774824
2023-05-04,term_flat_q,6733.969,0.15460546464071243,0.045276487940179744,0.6164383561643836,0.38858695652173914,5,0.057472647476598804,1.1116566678753546e-11,1987.5662155914902,9.937831077957451,26.768418562480825,-461.16559283986663,-28.84268283143846,0.10040578697087345,0.5676890781274888
2023-05-04,term_flat_fwd,6733.969,0.15460546464071243,0.045276487940179744,0.6164383561643836,0.38858695652173914,5,0.05640138571429811,2.7098005702226255,1964.6925805145163,9.823462902572581,26.460357863429515,-459.46745936270116,-28.576708485103477,0.09952640156908547,0.5687451436084322
2023-05-04,surface_fwd,6733.969,0.15460546464071243,0.045276487940179744,0.6164383561643836,0.38858695652173914,5,0.0483452013537123,24.43021766667268,1766.770289186856,8.833851445934279,23.794752715010645,-441.9174873774397,-26.321058060336462,0.09159907696885401,0.5814386485505557
2023-05-04,term_opt_tail,6733.969,0.15460546464071243,0.045276487940179744,0.6164383561643836,0.38858695652173914,5,0.04993883912260956,18.699795867083605,1832.2998290451121,9.16149914522556,24.677300494990174,-449.9430412411582,-27.02955049723763,0.09446878056937191,0.5742435378742367
2023-06-01,flat_active,6574.758,0.1436565309939719,0.028666697787336215,0.5397260273972603,0.4646739130434783,6,0.046491925634371115,-2.58097049395971,1541.9390352810458,7.709695176405229,20.275752015452678,-402.5872196911103,-22.1760759496592,0.06909983254121621,0.5800206617915555
2023-06-01,term_flat_q,6574.758,0.1436565309939719,0.028666697787336215,0.5397260273972603,0.4646739130434783,6,0.04546839106629324,-2.3279861279835607e-12,1519.2245649481351,7.596122824740676,19.977067724378543,-400.488855205299,-21.925006017742216,0.06822048437875368,0.5802952114646502
2023-06-01,term_flat_fwd,6574.758,0.1436565309939719,0.028666697787336215,0.5397260273972603,0.4646739130434783,6,0.04349439318208777,3.9498209739116055,1479.0589255863638,7.395294627931819,19.448909006940703,-396.22740466080137,-21.452634314435116,0.06680548100884816,0.5826090362534742
2023-06-01,surface_fwd,6574.758,0.1436565309939719,0.028666697787336215,0.5397260273972603,0.4646739130434783,6,0.039460863652932096,12.52842462651223,1384.5687611826063,6.922843805913032,18.20640907827086,-385.0030282768797,-20.365306989052243,0.0633873586445734,0.5900886555706066
2023-06-01,term_opt_tail,6574.758,0.1436565309939719,0.028666697787336215,0.5397260273972603,0.4646739130434783,6,0.0388285523206922,13.057974696999816,1387.2969381606717,6.936484690803359,18.242283285094764,-386.60280992113644,-20.3691935890503,0.06359422091856891,0.5875969066466966
2023-07-03,flat_active,6612.884,0.14458008717107865,0.03477385726479426,0.4520547945205479,0.5491803278688525,7,0.1097965916904693,-168.86864383386956,3377.3330009717674,16.886665004858838,44.66782272959637,-575.3913905687492,-43.69675933397231,0.14742713975263672,0.4371482245369973
2023-07-03,term_flat_q,6612.884,0.14458008717107865,0.03477385726479426,0.4520547945205479,0.5491803278688525,7,0.05992614426374024,1.97891360257548e-12,1830.5271984668516,9.152635992334258,24.210128044612535,-450.30866607653167,-26.197615991366746,0.08389542340225521,0.5443480060576965
2023-07-03,term_flat_fwd,6612.884,0.14458008717107865,0.03477385726479426,0.4520547945205479,0.5491803278688525,7,0.05543136909717597,10.857500666452934,1725.0358988918135,8.625179494459069,22.814924590414584,-440.16696046355247,-24.956572305571715,0.07997316555676862,0.5506223762596401
2023-07-03,surface_fwd,6612.884,0.14458008717107865,0.03477385726479426,0.4520547945205479,0.5491803278688525,7,0.04369332704116376,38.14469254934943,1444.566260337261,7.222831301686305,19.105498219848215,-409.6233747901713,-21.68857632768643,0.06956512040777009,0.5703475852150893
2023-07-03,term_opt_tail,6612.884,0.14458008717107865,0.03477385726479426,0.4520547945205479,0.5491803278688525,7,0.04560997010804799,33.99487419280933,1501.4542896946857,7.507271448473428,19.857886098106707,-417.87512038011766,-22.325454447086397,0.07163342176879241,0.5634905904117878
2023-08-01,flat_active,6507.412,0.14310832713615507,0.025574663072924553,0.6219178082191781,0.3797814207650274,5,0.014760544726898892,38.1053576998002,896.3004916751913,4.481502458375957,11.66519315026608,-299.6814653327694,-14.144534651660267,0.04476297183844587,0.6498850077323398
2023-08-01,term_flat_q,6507.412,0.14310832713615507,0.025574663072924553,0.6219178082191781,0.3797814207650274,5,0.037892775558845584,-2.288873558291711e-12,1371.5799349184188,6.857899674592094,17.850871454894676,-368.83303256854003,-19.52523393477726,0.06133197087145714,0.6028317924339237
2023-08-01,term_flat_fwd,6507.412,0.14310832713615507,0.025574663072924553,0.6219178082191781,0.3797814207650274,5,0.039736336135639656,-3.0863342136281084,1406.3168426939894,7.031584213469947,18.30296619589796,-372.8887199022824,-19.93397586526467,0.06249380072056892,0.6002419685147478
2023-08-01,surface_fwd,6507.412,0.14310832713615507,0.025574663072924553,0.6219178082191781,0.3797814207650274,5,0.03331688455840427,8.258912571194832,1261.120536536175,6.305602682680875,16.413261825803886,-352.0240154675141,-18.286664412569678,0.057406390829517595,0.6164852972818705
2023-08-01,term_opt_tail,6507.412,0.14310832713615507,0.025574663072924553,0.6219178082191781,0.3797814207650274,5,0.0379478171845769,0.061633999485911084,1373.5508814763657,6.867754407381828,17.876522977459764,-369.36136448964004,-19.552587418761895,0.061378694399497,0.6018474194132438
2023-09-01,flat_active,6107.2,0.14795852161906908,0.026810076222228307,0.536986301369863,0.4659400544959128,6,0.03792965679853211,-17.544305916982847,1661.956258744024,8.30978129372012,20.299798526803006,-374.1861294693709,-21.447702283015502,0.06963827169770394,0.6043112903739869
2023-09-01,term_flat_q,6107.2,0.14795852161906908,0.026810076222228307,0.536986301369863,0.4659400544959128,6,0.02892519697802448,-3.146845245011841e-12,1444.699684975431,7.223498424877155,17.646139832163904,-348.31118801426334,-19.164853383606566,0.062166397248856996,0.6244876771720116
2023-09-01,term_flat_fwd,6107.2,0.14795852161906908,0.026810076222228307,0.536986301369863,0.4659400544959128,6,0.0299865011796674,-1.8785270942648553,1465.4872603352478,7.327436301676239,17.90004759263885,-350.43857031301127,-19.386780872641907,0.06285198228083513,0.6233303355641315
2023-09-01,surface_fwd,6107.2,0.14795852161906908,0.026810076222228307,0.536986301369863,0.4659400544959128,6,0.026213280163142474,4.780155558331375,1377.5652390060823,6.887826195030411,16.82613285531589,-338.986521341872,-18.46114441037233,0.05987990311170096,0.632542102166609
2023-09-01,term_opt_tail,6107.2,0.14795852161906908,0.026810076222228307,0.536986301369863,0.4659400544959128,6,0.029538864294614508,-1.0778777683000138,1456.7389466215814,7.2836947331079065,17.793192189614643,-349.5714146454809,-19.293456272451134,0.06256359713410486,0.6237789982809482
2023-10-09,flat_active,6059.965,0.14888714122590452,0.02950430604420251,0.4328767123287671,0.5683060109289618,7,0.047186250625660724,-24.348709574927334,1889.646107330043,9.448230536650215,22.90237854561261,-404.9453957766399,-23.892839164250066,0.07964527269029224,0.5829294811999302
2023-10-09,term_flat_q,6059.965,0.14888714122590452,0.02950430604420251,0.4328767123287671,0.5683060109289618,7,0.03620672942951819,3.6168617242671766e-13,1609.7033683018244,8.048516841509121,19.50949214458233,-375.28481661841874,-21.01139851291288,0.06973890964711167,0.6042588656512061
2023-10-09,term_flat_fwd,6059.965,0.14888714122590452,0.02950430604420251,0.4328767123287671,0.5683060109289618,7,0.03259571043267797,6.995646365024245,1531.5751563262545,7.657875781631272,18.562583684413262,-367.4776138469422,-20.18448371763036,0.06710526336088668,0.6092241588926107
2023-10-09,surface_fwd,6059.965,0.14888714122590452,0.02950430604420251,0.4328767123287671,0.5683060109289618,7,0.03556529289582591,1.675938723947808,1563.7968277869202,7.818984138934601,18.953108086999528,-366.6456107232771,-20.560679410512716,0.06803731950033097,0.6146707641646936
2023-10-09,term_opt_tail,6059.965,0.14888714122590452,0.02950430604420251,0.4328767123287671,0.5683060109289618,7,0.03907327119970274,-4.872410183249627,1656.9593630151924,8.284796815075962,20.082231492588722,-378.98845432363436,-21.532489529995324,0.07119548730765678,0.6032978012954254
2023-11-01,flat_active,5958.418,0.15155665625541997,0.039127177670549296,0.6383561643835617,0.3633879781420765,5,0.10506421083582866,-178.8511048972374,3789.7990136526296,18.948995068263148,45.16241331866016,-554.8305995212775,-43.5634567613068,0.15958243720498255,0.46551092646438363
2023-11-01,term_flat_q,5958.418,0.15155665625541997,0.039127177670549296,0.6383561643835617,0.3633879781420765,5,0.052359010899953984,-5.63209234725337e-13,2045.552146486592,10.22776073243296,24.37650945912869,-438.5624286549078,-26.293543467009204,0.09189214776184039,0.5723293145161076
2023-11-01,term_flat_fwd,5958.418,0.15155665625541997,0.039127177670549296,0.6383561643835617,0.3633879781420765,5,0.051501208473470915,1.565005559409538,2023.5036294615459,10.11751814730773,24.113760897698008,-436.3907156370547,-26.050512890340013,0.09122169939394041,0.5747108186628801
2023-11-01,surface_fwd,5958.418,0.15155665625541997,0.039127177670549296,0.6383561643835617,0.3633879781420765,5,0.04858705063587683,8.760976255009437,1928.1885312625823,9.64094265631291,22.977906504137064,-425.53634773274734,-25.098342809306693,0.08781487889935433,0.5842745919587087
2023-11-01,term_opt_tail,5958.418,0.15155665625541997,0.039127177670549296,0.6383561643835617,0.3633879781420765,5,0.0516484983287452,1.2267066288236994,2026.7994886009033,10.133997443004516,24.153037110540833,-436.621863597511,-26.08495533811271,0.0913331504633853,0.5745893797812278
2023-12-01,flat_active,6130.051,0.1427855869418391,0.04871534651422832,0.5561643835616439,0.4468664850136239,6,0.1809822891941939,-486.82156151848807,6448.477513725534,32.24238756862767,79.05899206298145,-671.6779635803867,-74.32689832121747,0.27519765803822915,0.29583168410949234
2023-12-01,term_flat_q,6130.051,0.1427855869418391,0.04871534651422832,0.5561643835616439,0.4468664850136239,6,0.09048333761084704,4.614862230806137e-12,2653.565715362728,13.26782857681364,32.532986334050015,-590.6382311344589,-35.886678965976245,0.11301357038523396,0.4767787676916012
2023-12-01,term_flat_fwd,6130.051,0.1427855869418391,0.04871534651422832,0.5561643835616439,0.4468664850136239,6,0.08787421683495106,8.465046193634706,2573.254428259467,12.866272141297337,31.548361762412753,-585.8147034578748,-35.017750560124036,0.11024406100200537,0.4799657692443339
2023-12-01,surface_fwd,6130.051,0.1427855869418391,0.04871534651422832,0.5561643835616439,0.4468664850136239,6,0.07836116836554131,40.211432518282635,2247.878034667636,11.23939017333818,27.55921398858475,-561.867532994935,-31.5764848627208,0.09895375045543747,0.49669391780039035
2023-12-01,term_opt_tail,6130.051,0.1427855869418391,0.04871534651422832,0.5561643835616439,0.4468664850136239,6,0.07748103124188453,41.07760966619026,2273.717982190893,11.368589910954466,27.87601438089454,-568.0120672811341,-31.741294935761292,0.09991508398998016,0.4899714000784472
2024-01-02,flat_active,5854.749,0.15276290650090432,0.052507231452292635,0.4684931506849315,0.5327868852459017,7,0.09755780317622893,-82.86290790566807,3465.9284732512388,17.329642366256195,40.58428252567843,-572.8358216239303,-41.42381204004118,0.14755516968332,0.4834307258915327
2024-01-02,term_flat_q,5854.749,0.15276290650090432,0.052507231452292635,0.4684931506849315,0.5327868852459017,7,0.07478153686795394,-2.4403679745374623e-12,2635.287433269256,13.176437166346279,30.857892929291488,-521.131879090938,-33.40448608446432,0.11701263524608436,0.5318710982602187
2024-01-02,term_flat_fwd,5854.749,0.15276290650090432,0.052507231452292635,0.4684931506849315,0.5327868852459017,7,0.0757569702590103,-3.066589289740295,2664.7572769188396,13.323786384594198,31.202970004566602,-522.827427909535,-33.69545886564266,0.1180475739286194,0.5306373226539695
2024-01-02,surface_fwd,5854.749,0.15276290650090432,0.052507231452292635,0.4684931506849315,0.5327868852459017,7,0.053384958263735724,63.118211182858225,1999.4977866576876,9.997488933288437,23.413115333872618,-477.6214281616413,-27.129482173520117,0.09496840527499696,0.5617815615357502
2024-01-02,term_opt_tail,5854.749,0.15276290650090432,0.052507231452292635,0.4684931506849315,0.5327868852459017,7,0.056868157831438795,53.056329279963684,2135.8739237097584,10.679369618548792,25.010011437931567,-492.20193341302837,-28.42846430947724,0.09970201823038335,0.5501891705479515
2024-02-01,flat_active,4750.444,0.2512996119478033,0.323614928661441,0.6356164383561644,0.37297297297297294,5,0.2824885870317275,-1185.6834366898474,11883.296524393158,59.41648262196579,112.90186934904868,-245.84709899000828,-85.60994629745075,0.6445336268743679,0.35387556621813293
2024-02-01,term_flat_q,4750.444,0.2512996119478033,0.323614928661441,0.6356164383561644,0.37297297297297294,5,0.1259735195436507,5.409812087656341e-12,7954.646757435235,39.773233787176174,75.57620792195534,-484.2449145979901,-66.3699463234352,0.4200749310102467,0.5226475067148368
2024-02-01,term_flat_fwd,4750.444,0.2512996119478033,0.323614928661441,0.6356164383561644,0.37297297297297294,5,0.11328947809918519,66.93779986156305,7609.6648608984915,38.04832430449246,72.29857356093216,-487.5681438715065,-64.3320667675628,0.4078517396122588,0.5332438859561209
2024-02-01,surface_fwd,4750.444,0.2512996119478033,0.323614928661441,0.6356164383561644,0.37297297297297294,5,0.08522038337121521,226.31417052792074,6871.981876068003,34.359909380340014,65.289930142552,-503.3037613791857,-60.445986408898,0.3784247255453755,0.5518275694203432
2024-02-01,term_opt_tail,4750.444,0.2512996119478033,0.323614928661441,0.6356164383561644,0.37297297297297294,5,0.08075962456754444,229.17411785444077,6825.691541227452,34.12845770613726,64.85013085574941,-498.6955027908925,-60.233958764402615,0.38192282326043425,0.5500205574089367
2024-03-01,flat_active,5401.939,0.2589208094405888,0.2764060690453915,0.5561643835616439,0.4468664850136239,6,0.0679686883860474,127.67617129818792,5281.833991241882,26.40916995620941,57.06429005763037,-426.07882464515154,-50.5783515179984,0.3503541157508813,0.6159338364977328
2024-03-01,term_flat_q,5401.939,0.2589208094405888,0.2764060690453915,0.5561643835616439,0.4468664850136239,6,0.09231128780574908,1.911749579417141e-12,5923.572064724941,29.617860323624704,63.99754991149637,-425.9305865951616,-54.93602975651453,0.383095876455639,0.586347359220731
2024-03-01,term_flat_fwd,5401.939,0.2589208094405888,0.2764060690453915,0.5561643835616439,0.4468664850136239,6,0.09013975256298432,9.842746104232395,5879.282642838408,29.396413214192037,63.51905240074374,-426.4514179463068,-54.72711742905173,0.3811265344064875,0.58704912007564
2024-03-01,surface_fwd,5401.939,0.2589208094405888,0.2764060690453915,0.5561643835616439,0.4468664850136239,6,0.07427359094223224,87.78323631235827,5511.166231581272,27.555831157906358,59.541967603723805,-428.56661820387234,-52.517605551548094,0.3635898653184537,0.5992421527433545
2024-03-01,term_opt_tail,5401.939,0.2589208094405888,0.2764060690453915,0.5561643835616439,0.4468664850136239,6,0.07142879497565104,93.02483988717454,5487.411535305219,27.437057676526095,59.28532476323029,-427.89090039804523,-52.521430998207556,0.3646421706116536,0.5967454183215193
2024-04-01,flat_active,5559.056,0.23439532122116075,0.23256459009008068,0.4712328767123288,0.5287671232876712,7,0.08367428010958572,87.67100872581295,5035.501739660159,25.177508698300795,55.98527231773649,-485.27841533775444,-51.78131332501285,0.32190972020206027,0.5873495374482495
2024-04-01,term_flat_q,5559.056,0.23439532122116075,0.23256459009008068,0.4712328767123288,0.5287671232876712,7,0.10023319903351179,-4.749416588838926e-12,5539.149741606059,27.695748708030298,61.58488721194722,-488.76617118555123,-55.60799757989417,0.3462536131316897,0.5618554589828646
2024-04-01,term_flat_fwd,5559.056,0.23439532122116075,0.23256459009008068,0.4712328767123288,0.5287671232876712,7,0.09449618660995118,28.04108282437649,5398.073379492803,26.990366897464014,60.01638441741949,-489.92997423786437,-54.66843071267077,0.3398008897625218,0.5661604801286848
2024-04-01,surface_fwd,5559.056,0.23439532122116075,0.23256459009008068,0.4712328767123288,0.5287671232876712,7,0.07257179150371616,132.88647765400188,4860.193679430666,24.30096839715333,54.03617766960224,-492.50202977181056,-51.042114044213434,0.315619159728939,0.5827270673329148
2024-04-01,term_opt_tail,5559.056,0.23439532122116075,0.23256459009008068,0.4712328767123288,0.5287671232876712,7,0.0744032926120461,121.209988338533,4930.266366986264,24.65133183493132,54.81525365798639,-493.0577885921916,-51.581282502876064,0.31948280201188434,0.5787208756679437
2024-05-06,flat_active,5606.842,0.21357892278351676,0.16080527451093893,0.6246575342465753,0.37534246575342467,5,0.11848892089019317,-191.13240260857881,5683.0858589965765,28.415429294982882,63.72832896765616,-490.2959642952541,-56.86494146108371,0.3228546407600789,0.5228177474129491
2024-05-06,term_flat_q,5606.842,0.21357892278351676,0.16080527451093893,0.6246575342465753,0.37534246575342467,5,0.08177654527534042,-3.0231839983313217e-14,4579.91195717139,22.89955978585695,51.357685435541505,-489.4570536164857,-48.584570469306804,0.26839802879623564,0.5709004731368987
2024-05-06,term_flat_fwd,5606.842,0.21357892278351676,0.16080527451093893,0.6246575342465753,0.37534246575342467,5,0.07722713494388563,18.182886952793737,4469.176220123257,22.345881100616285,50.11592987277665,-488.2372632733639,-47.71920685043781,0.26395931599457184,0.5745526862034683
2024-05-06,surface_fwd,5606.842,0.21357892278351676,0.16080527451093893,0.6246575342465753,0.37534246575342467,5,0.0608103164904632,91.37041230536722,4011.918801675722,20.05959400837861,44.98838967565022,-482.2897481453896,-44.18823259871844,0.24322550435517473,0.5928592641569715
2024-05-06,term_opt_tail,5606.842,0.21357892278351676,0.16080527451093893,0.6246575342465753,0.37534246575342467,5,0.06387423677023601,70.15246504633184,4166.067559049539,20.830337795247697,46.71696512983287,-486.2959577509775,-45.42345860049473,0.25204076265381087,0.5823741022346188
2024-06-03,flat_active,5284.624,0.20277659542058882,0.1745165036462871,0.547945205479452,0.452054794520548,6,0.2587614415792775,-1090.7020908663656,10248.618155021211,51.243090775106054,108.32018693772163,-336.2999193425849,-88.62388038159757,0.5601651117110789,0.3095313470366246
2024-06-03,term_flat_q,5284.624,0.20277659542058882,0.1745165036462871,0.547945205479452,0.452054794520548,6,0.1112100093801053,2.7603276329141758e-12,5597.175096390937,27.985875481954686,59.15793169317972,-595.8503717664092,-57.46117932733868,0.2969716137156606,0.5070418891689277
2024-06-03,term_flat_fwd,5284.624,0.20277659542058882,0.1745165036462871,0.547945205479452,0.452054794520548,6,0.09540788958623607,77.91252236540252,5135.341192004294,25.67670596002147,54.276694622909,-599.567627968411,-53.95673122278058,0.27847635463089127,0.5202926253054201
2024-06-03,surface_fwd,5284.624,0.20277659542058882,0.1745165036462871,0.547945205479452,0.452054794520548,6,0.08524355733005612,135.44588376089104,4793.623449862517,23.968117249312584,50.664995060212505,-603.1785928879852,-51.34722736507613,0.2631101082474575,0.532124410527903
2024-06-03,term_opt_tail,5284.624,0.20277659542058882,0.1745165036462871,0.547945205479452,0.452054794520548,6,0.0782982164061637,157.76053772436492,4668.715178930168,23.34357589465084,49.344808567477315,-603.2395761791803,-50.336616007523055,0.2603356467800216,0.5329119321430683
2024-07-01,flat_active,4940.247,0.21003198127653994,0.19424785313199355,0.4712328767123288,0.5287671232876712,7,0.213109496571957,-694.4213433809874,9723.406373859978,48.61703186929989,96.07205833648527,-428.8687947977893,-81.23677701881024,0.48174592885689554,0.3757678950231296
2024-07-01,term_flat_q,4940.247,0.21003198127653994,0.19424785313199355,0.4712328767123288,0.5287671232876712,7,0.11408543710803627,-4.7474270953253916e-12,6321.437864500436,31.60718932250218,62.45892889156938,-541.5908760734125,-59.116995034849694,0.3122538831042233,0.5141909788889506
2024-07-01,term_flat_fwd,4940.247,0.21003198127653994,0.19424785313199355,0.4712328767123288,0.5287671232876712,7,0.1046097500475792,49.93133218955218,6025.613334027971,30.128066670139855,59.53603639318336,-544.4067495857855,-57.10136888967929,0.30041396151355076,0.5224290226106864
2024-07-01,surface_fwd,4940.247,0.21003198127653994,0.19424785313199355,0.4712328767123288,0.5287671232876712,7,0.08434721882081186,159.67451222523442,5364.349686753412,26.821748433767063,53.00242489386898,-549.5728654128628,-52.54508877135086,0.273080654824935,0.5423954558153559
2024-07-01,term_opt_tail,4940.247,0.21003198127653994,0.19424785313199355,0.4712328767123288,0.5287671232876712,7,0.0865669775653766,146.84029733662766,5458.591144412061,27.292955722060306,53.93357705081652,-550.57240576035,-53.2146629566859,0.27699609186207474,0.538191498802272
2024-08-01,flat_active,4878.289,0.22384257289237977,0.20604808130105778,0.6356164383561644,0.36438356164383556,5,0.11421998847000175,-87.15253497891338,6585.150751342082,32.92575375671041,64.24853694722763,-497.8300745169748,-57.801746665100424,0.3466239097247187,0.5377023460296954
2024-08-01,term_flat_q,4878.289,0.22384257289237977,0.20604808130105778,0.6356164383561644,0.36438356164383556,5,0.09845090271918587,-1.8235503713488147e-12,6057.471012617955,30.287355063089777,59.10018841734607,-501.3495055696774,-54.554508416689366,0.32349894271616875,0.5560390052867912
2024-08-01,term_flat_fwd,4878.289,0.22384257289237977,0.20604808130105778,0.6356164383561644,0.36438356164383556,5,0.09502925521853987,15.35229553204195,5964.248299627541,29.821241498137706,58.19065374668347,-501.6619583794985,-53.98174958973646,0.32010008267009343,0.5581703300947527
2024-08-01,surface_fwd,4878.289,0.22384257289237977,0.20604808130105778,0.6356164383561644,0.36438356164383556,5,0.08907096815144344,46.04047461783169,5762.944932353797,28.814724661768988,56.22662174221455,-500.96888299397875,-52.66036414152167,0.3118104836267943,0.5657555270680592
2024-08-01,term_opt_tail,4878.289,0.22384257289237977,0.20604808130105778,0.6356164383561644,0.36438356164383556,5,0.08991164319191158,37.90976527494084,5829.815033781242,29.14907516890621,56.879045102659326,-502.34260263083723,-53.17172615404072,0.3152872829123574,0.5607895176872104
2024-09-02,flat_active,4532.515,0.22490132271421273,0.21381314218688352,0.547945205479452,0.452054794520548,6,0.0956751188051469,34.49063193209056,6382.026676435479,31.910133382177396,57.85326328268792,-503.5178985731711,-53.77613109529161,0.3177529878291281,0.5654915789636812
2024-09-02,term_flat_q,4532.515,0.22490132271421273,0.21381314218688352,0.547945205479452,0.452054794520548,6,0.10207148002079737,-2.1726608359291746e-12,6632.388009593918,33.16194004796959,60.12279627860916,-504.8085578026693,-55.32835788436525,0.3274692798260921,0.5554067403508475
2024-09-02,term_flat_fwd,4532.515,0.22490132271421273,0.21381314218688352,0.547945205479452,0.452054794520548,6,0.1004399931368203,7.808493671278732,6582.745105962792,32.91372552981396,59.6727818679059,-505.1748151251337,-55.06054206872154,0.32568781377320083,0.5564011148352864
2024-09-02,surface_fwd,4532.515,0.22490132271421273,0.21381314218688352,0.547945205479452,0.452054794520548,6,0.0837809988729993,93.88089732093587,6010.484853692247,30.052424268461237,54.48522551326583,-507.243601987965,-51.80625305821041,0.3036573229955382,0.5726072692003362
2024-09-02,term_opt_tail,4532.515,0.22490132271421273,0.21381314218688352,0.547945205479452,0.452054794520548,6,0.08471855673261333,80.97493468506798,6115.9040718072,30.579520359036,55.440853888054434,-508.11452820930054,-52.49170662573425,0.3094028087827783,0.565658914143565
2024-10-08,flat_active,6201.985,0.29417238782970506,0.2808776080375299,0.44931506849315067,0.5519125683060111,7,0.0,209.77023184588847,3670.7530621423593,18.353765310711797,45.53191086022196,-337.8321732435166,-39.556066175032726,0.33376340925390285,0.6952664848288311
2024-10-08,term_flat_q,6201.985,0.29417238782970506,0.2808776080375299,0.44931506849315067,0.5519125683060111,7,0.04961686911830601,-9.434923207986404e-13,4564.727714617929,22.823638573089646,56.620745630289356,-348.47396192138194,-46.09590872193262,0.38958408874338213,0.6483304745457046
2024-10-08,term_flat_fwd,6201.985,0.29417238782970506,0.2808776080375299,0.44931506849315067,0.5519125683060111,7,0.05658706314594156,-27.65360635832565,4676.918506503311,23.384592532516553,58.012356847111874,-349.4281721783383,-46.79388751121983,0.3956867338405536,0.6440809150111585
2024-10-08,surface_fwd,6201.985,0.29417238782970506,0.2808776080375299,0.44931506849315067,0.5519125683060111,7,0.013246709672667147,193.05661769725674,3701.4050766646596,18.5070253833233,45.91211752879614,-330.59048790593863,-35.97295389963528,0.3291740492675699,0.7357120144339774
2024-10-08,term_opt_tail,6201.985,0.29417238782970506,0.2808776080375299,0.44931506849315067,0.5519125683060111,7,0.04520755271311825,15.492205276469642,4501.414983999195,22.507074919995976,55.8354164190765,-347.84910333768175,-45.80798041556394,0.38671141152149413,0.6493479202737862
2024-11-01,flat_active,5930.232,0.3139044959297032,0.36858228563993,0.6328767123287671,0.3705722070844687,5,0.07465553455581408,19.834782926997047,5531.570065613364,27.65785032806682,65.60698762668494,-307.8001341153257,-52.314918225939856,0.45114793127432723,0.621520152869381
2024-11-01,term_flat_q,5930.232,0.3139044959297032,0.36858228563993,0.6328767123287671,0.3705722070844687,5,0.0789673389427865,1.7909111476689323e-12,5601.611928460183,28.008059642300914,66.43771661947257,-307.55332732035197,-52.61191758496511,0.4550901856435383,0.6194758320483864
2024-11-01,term_flat_fwd,5930.232,0.3139044959297032,0.36858228563993,0.6328767123287671,0.3705722070844687,5,0.08188463927847736,-11.846705711856284,5645.046629899137,28.225233149495683,66.95287233224003,-307.66406468423673,-52.83326548130983,0.45710500086656863,0.6182158052062836
2024-11-01,surface_fwd,5930.232,0.3139044959297032,0.36858228563993,0.6328767123287671,0.3705722070844687,5,0.05866031765148279,89.35452468670306,5274.412702065455,26.372063510327276,62.556981973990055,-306.913511571096,-50.736369410835785,0.4381888656231995,0.6319623403430236
2024-11-01,term_opt_tail,5930.232,0.3139044959297032,0.36858228563993,0.6328767123287671,0.3705722070844687,5,0.05736641817434692,84.66394061019082,5285.005276407967,26.425026382039835,62.682614820646755,-305.90273389475243,-51.14017519253378,0.4416708329085126,0.6271229822473476
2024-12-02,flat_active,6313.608,0.29416813371391876,0.3790906299094442,0.547945205479452,0.452054794520548,6,0.17033594455376735,-407.4112851059254,6838.381054728865,34.19190527364432,86.3497146683692,-350.7147885414027,-65.47982714175359,0.5393237283569141,0.5202902049542873
2024-12-02,term_flat_q,6313.608,0.29416813371391876,0.3790906299094442,0.547945205479452,0.452054794520548,6,0.1036354284523046,-1.0879464022345403e-12,5615.94903248601,28.07974516243005,70.91380147819187,-389.2260172349855,-57.24676175414336,0.45697439824264935,0.5898180993448315
2024-12-02,term_flat_fwd,6313.608,0.29416813371391876,0.3790906299094442,0.547945205479452,0.452054794520548,6,0.10414420119532565,-2.09923256492835,5622.421912290142,28.112109561450712,70.99553592962069,-388.9424070175516,-57.235483634429706,0.4572918951839838,0.5900390659207359
2024-12-02,surface_fwd,6313.608,0.29416813371391876,0.3790906299094442,0.547945205479452,0.452054794520548,6,0.07250260340072186,153.20566220219146,5077.95970816044,25.3897985408022,64.12049407423883,-394.19793282552047,-54.137773516833356,0.42757011824921015,0.6096561671570065
2024-12-02,term_opt_tail,6313.608,0.29416813371391876,0.3790906299094442,0.547945205479452,0.452054794520548,6,0.06565491908527943,171.36540904923393,5007.8953404526865,25.039476702263432,63.235776169289615,-392.76706975647954,-54.0119840370737,0.42790668752877087,0.6074046781680569
2025-01-02,flat_active,5797.089,0.26730743261786355,0.32408397629633345,0.46301369863013697,0.5407608695652174,7,0.10012624957112072,34.28605202638572,5785.718394599899,28.92859197299949,67.08064892486547,-429.4497687004227,-57.219761257933904,0.41165989246556023,0.5846982824736296
2025-01-02,term_flat_q,5797.089,0.26730743261786355,0.32408397629633345,0.46301369863013697,0.5407608695652174,7,0.10622841006485206,-1.0612766614747383e-12,5926.149694326717,29.630748471633584,68.70883441066954,-427.1016552323581,-58.055289284688364,0.4194930888807845,0.5792211755077594
2025-01-02,term_flat_fwd,5797.089,0.26730743261786355,0.32408397629633345,0.46301369863013697,0.5407608695652174,7,0.10933419018663978,-15.554570944205256,5990.86102527754,29.9543051263877,69.4591091003303,-426.3783115073119,-58.424523737790224,0.42267771817718885,0.5772254470352417
2025-01-02,surface_fwd,5797.089,0.26730743261786355,0.32408397629633345,0.46301369863013697,0.5407608695652174,7,0.08204153081976825,120.89585263631841,5417.96338928563,27.08981694642815,62.81683193286089,-432.16902144894703,-55.144505453098866,0.3945302540925873,0.5948678293168354
2025-01-02,term_opt_tail,5797.089,0.26730743261786355,0.32408397629633345,0.46301369863013697,0.5407608695652174,7,0.08351140139073424,109.48343001871338,5469.653137938689,27.348265689693445,63.41613207951972,-431.5436990296189,-55.593060551624745,0.3980797227892186,0.5910767569082301
2025-02-05,flat_active,5881.437,0.2453721189463412,0.25926002595041264,0.6191780821917808,0.38082191780821917,5,0.07987593890744689,107.10594482696385,4848.622317085098,24.243111585425492,57.03373338946006,-464.7839650884807,-51.68994900100495,0.34142422929524724,0.5992394511641441
2025-02-05,term_flat_q,5881.437,0.2453721189463412,0.25926002595041264,0.6191780821917808,0.38082191780821917,5,0.10005835691586784,5.935505618385761e-12,5375.148244142608,26.87574122071304,63.22719152717073,-464.20367127863113,-55.46896258254189,0.3694528483380767,0.5753463391950399
2025-02-05,term_flat_fwd,5881.437,0.2453721189463412,0.25926002595041264,0.6191780821917808,0.38082191780821917,5,0.10063685718211353,-2.6254527482434864,5389.376494631402,26.94688247315701,63.39455664491086,-464.4428068297707,-55.603051978838685,0.3700636868910837,0.5744671527322553
2025-02-05,surface_fwd,5881.437,0.2453721189463412,0.25926002595041264,0.6191780821917808,0.38082191780821917,5,0.08141389239865046,89.58117029839934,4955.235711618938,24.77617855809469,58.28781331607391,-466.4679147258408,-52.689574722917726,0.34917391242814566,0.5886988293203618
2025-02-05,term_opt_tail,5881.437,0.2453721189463412,0.25926002595041264,0.6191780821917808,0.38082191780821917,5,0.0803089932604733,86.6113836145201,4977.515821721008,24.887579108605042,58.54989144391068,-466.6190677596911,-53.0071009656525,0.3522514466665097,0.5840812303218281
2025-03-03,flat_active,6273.67,0.23495900319642443,0.2840334820624164,0.547945205479452,0.452054794520548,6,0.2083404946564164,-556.8880473987422,7674.636482733803,38.373182413669014,96.29627332526515,-431.808969155373,-78.72993827508427,0.5118879789213066,0.4230848902467309
2025-03-03,term_flat_q,6273.67,0.23495900319642443,0.2840334820624164,0.547945205479452,0.452054794520548,6,0.13021672684771082,-6.059528530570857e-13,5747.632224311303,28.738161121556512,72.11749571339018,-526.4752421093814,-64.73237347661878,0.39025024087963733,0.5193693466316255
2025-03-03,term_flat_fwd,6273.67,0.23495900319642443,0.2840334820624164,0.547945205479452,0.452054794520548,6,0.12377174525415625,35.408158984581185,5607.315527265533,28.036577636327664,70.35689440787992,-530.0548802955245,-63.72035997361756,0.3831666548871854,0.523611548545985
2025-03-03,surface_fwd,6273.67,0.23495900319642443,0.2840334820624164,0.547945205479452,0.452054794520548,6,0.10578464055582854,141.25749084811352,5181.646838672198,25.90823419336099,65.01588464474523,-540.8721882645914,-60.56040414733868,0.3603345213501518,0.538837231861224
2025-03-03,term_opt_tail,6273.67,0.23495900319642443,0.2840334820624164,0.547945205479452,0.452054794520548,6,0.09898656577921251,166.72115434144132,5089.954188173865,25.449770940869325,63.86538578344146,-543.0918803204979,-59.977065877681504,0.3580051284036397,0.5378932419582002
2025-04-01,flat_active,6259.484,0.2081603332413197,0.2502989466837958,0.4684931506849315,0.5315068493150685,7,0.21031506712806786,-473.41492291382957,7774.160559714265,38.870802798571326,97.32446727392498,-523.594056257261,-85.11894996180516,0.4796901779828916,0.3844318348554155
2025-04-01,term_flat_q,6259.484,0.2081603332413197,0.2502989466837958,0.4684931506849315,0.5315068493150685,7,0.1495045423211746,-3.103887677931422e-12,5935.495064872399,29.677475324361993,74.30627278129549,-624.24114628691,-71.11286008965453,0.3721189111606108,0.4666403760829312
2025-04-01,term_flat_fwd,6259.484,0.2081603332413197,0.2502989466837958,0.4684931506849315,0.5315068493150685,7,0.1424468499246173,45.275651716298896,5744.114736237311,28.720573681186558,71.91038857128333,-631.7106202255642,-69.60350474255628,0.3623799047737173,0.47233057739736706
2025-04-01,surface_fwd,6259.484,0.2081603332413197,0.2502989466837958,0.4684931506849315,0.5315068493150685,7,0.11964929586215879,199.71275737831377,5069.903175304969,25.349515876524848,63.469955614741316,-655.0483819825481,-64.19650230153873,0.3268821931454922,0.4953175964151522
2025-04-01,term_opt_tail,6259.484,0.2081603332413197,0.2502989466837958,0.4684931506849315,0.5315068493150685,7,0.1111933256183362,237.1106002087663,4934.42665292541,24.67213326462705,61.773929366320324,-661.8908347644843,-62.99548437639843,0.3222677685367,0.49481939595800306
2025-05-06,flat_active,6102.922,0.20528785031918892,0.23545997726028908,0.6219178082191781,0.3780821917808219,5,0.27909769123707817,-1116.1278816578222,9555.626486961226,47.77813243480613,116.63448622211676,-320.93195501213887,-95.9175389410276,0.5995470292980333,0.2890718537948942
2025-05-06,term_flat_q,6102.922,0.20528785031918892,0.23545997726028908,0.6219178082191781,0.3780821917808219,5,0.14683928057453585,1.0720206339088101e-13,6059.935143923112,30.29967571961556,73.96662301684306,-650.8408155223167,-71.18077182806363,0.3625164476426784,0.4509474706391114
2025-05-06,term_flat_fwd,6102.922,0.20528785031918892,0.23545997726028908,0.6219178082191781,0.3780821917808219,5,0.13449218067702437,71.87511506563975,5729.611393815238,28.648056969076194,69.93474285353136,-660.3997793811592,-68.32582210211609,0.34768348408579014,0.46197438789781753
2025-05-06,surface_fwd,6102.922,0.20528785031918892,0.23545997726028908,0.6219178082191781,0.3780821917808219,5,0.12488590968714688,140.85673882943672,5458.312676620639,27.291563383103195,66.62331303405396,-675.0638890505827,-66.11966268061511,0.33235413321413027,0.469925827861331
2025-05-06,term_opt_tail,6102.922,0.20528785031918892,0.23545997726028908,0.6219178082191781,0.3780821917808219,5,0.1245476563286209,128.70682074857382,5492.338174304331,27.461690871521654,67.03862295080346,-670.0152866536506,-66.31115079479132,0.33678638100307695,0.4677084215120396
2025-06-03,flat_active,6070.037,0.21552651971388165,0.3307926476713451,0.5452054794520548,0.4547945205479452,6,0.27480516258894105,-887.3571419405871,9856.590246932828,49.28295123466414,119.6597349854428,-372.83653382744643,-99.32461420567556,0.5987090238401285,0.311642207815031
2025-06-03,term_flat_q,6070.037,0.21552651971388165,0.3307926476713451,0.5452054794520548,0.4547945205479452,6,0.17794647485618892,-3.3605135052509924e-12,7358.618079831508,36.79309039915754,89.33416802689243,-637.1437697714567,-83.68138334709488,0.43191499638488534,0.4235648269255511
2025-06-03,term_flat_fwd,6070.037,0.21552651971388165,0.3307926476713451,0.5452054794520548,0.4547945205479452,6,0.16280592141021902,109.30459765625974,6974.892180616838,34.87446090308419,84.67570721470979,-661.9416179198815,-80.8555907711893,0.41236750218530355,0.43400205205030207
2025-06-03,surface_fwd,6070.037,0.21552651971388165,0.3307926476713451,0.5452054794520548,0.4547945205479452,6,0.1535092638570213,188.46188356961522,6698.736353447582,33.49368176723791,81.3231550373438,-681.4403500000702,-78.82796973795533,0.39660740059977917,0.4432455402857419
2025-06-03,term_opt_tail,6070.037,0.21552651971388165,0.3307926476713451,0.5452054794520548,0.4547945205479452,6,0.14648309793136727,223.52429871463082,6580.702861031279,32.90351430515639,79.89021970493145,-687.7903166989307,-77.86777781586801,0.3926818255474804,0.44365704500888686
2025-07-01,flat_active,6373.768,0.22227581552504044,0.3211475754031138,0.4684931506849315,0.5315068493150685,7,0.3129592224955561,-1327.8679593348793,9726.847805912832,48.63423902956416,123.99334257239482,-213.0592780254222,-99.07141656378246,0.6648157895661245,0.27152432512729013
2025-07-01,term_flat_q,6373.768,0.22227581552504044,0.3211475754031138,0.4684931506849315,0.5315068493150685,7,0.1663507660000752,-1.2746773870183885e-12,6778.356825301764,33.89178412650882,86.40734765137994,-582.9042253381562,-78.93816471069891,0.42201519659694325,0.44753064491495254
2025-07-01,term_flat_fwd,6373.768,0.22227581552504044,0.3211475754031138,0.4684931506849315,0.5315068493150685,7,0.15278208239480331,94.64590649611752,6460.193907476317,32.30096953738158,82.35155440253503,-600.6016171957386,-76.44053284980382,0.40418206882983143,0.4581549336060029
2025-07-01,surface_fwd,6373.768,0.22227581552504044,0.3211475754031138,0.4684931506849315,0.5315068493150685,7,0.1304153728788575,250.55139122944541,5914.421771036877,29.572108855184382,75.39430444547634,-627.3739248345861,-72.04983317176699,0.37409296118001983,0.4770885998523561
2025-07-01,term_opt_tail,6373.768,0.22227581552504044,0.3211475754031138,0.4684931506849315,0.5315068493150685,7,0.13392075566491496,221.01922280602153,6039.891473820751,30.199457369103758,76.9937339986231,-623.8913418133324,-73.09651718147377,0.3812873254819421,0.47041012097636503
2025-08-01,flat_active,6670.472,0.2201661789167024,0.2646901250175521,0.6328767123287671,0.3705722070844687,5,0.22977611693530878,-700.1213101899373,7755.130419369927,38.77565209684963,103.46076063751072,-419.3116887955647,-86.20240634222758,0.5346906675383338,0.37399215806980174
2025-08-01,term_flat_q,6670.472,0.2201661789167024,0.2646901250175521,0.6328767123287671,0.3705722070844687,5,0.1390905207331669,-3.497431380774311e-12,5517.243884514056,27.58621942257028,73.60524169764449,-564.9088704600126,-68.42816089019536,0.38218909761942177,0.4918756570106921
2025-08-01,term_flat_fwd,6670.472,0.2201661789167024,0.2646901250175521,0.6328767123287671,0.3705722070844687,5,0.1359083200342714,17.703118781159695,5443.559779137569,27.217798895687846,72.62222617412668,-566.2768712083536,-67.75202850250166,0.3785421601951522,0.4949739121712011
2025-08-01,surface_fwd,6670.472,0.2201661789167024,0.2646901250175521,0.6328767123287671,0.3705722070844687,5,0.12845797568999492,66.88032206150507,5235.639453814573,26.178197269072868,69.84837275753081,-570.5398956528328,-65.93036789025328,0.36668493574920447,0.5053667091751032
2025-08-01,term_opt_tail,6670.472,0.2201661789167024,0.2646901250175521,0.6328767123287671,0.3705722070844687,5,0.13123275050563774,43.77613644498348,5346.873316952302,26.73436658476151,71.3323374965549,-569.8403318261309,-66.97931149014725,0.37356055411221983,0.4972297600709558
2025-09-01,flat_active,7501.148,0.2613858342802997,0.3955306699990364,0.547945205479452,0.452054794520548,6,0.34587619329142033,-1601.0959003477792,8190.847264875673,40.954236324378364,122.88151515845527,-126.83580379396678,-88.19442028170937,0.7264164786802492,0.3053333938270308
2025-09-01,term_flat_q,7501.148,0.2613858342802997,0.3955306699990364,0.547945205479452,0.452054794520548,6,0.14744317358209919,-2.063102557832665e-12,5507.438362119938,27.537191810599687,82.62422051027849,-480.14116877214394,-70.2613427971975,0.4590246798250353,0.5136058200672411
2025-09-01,term_flat_fwd,7501.148,0.2613858342802997,0.3955306699990364,0.547945205479452,0.452054794520548,6,0.1371110548092139,60.10861821412366,5336.674518399965,26.683372591999824,80.06237078069373,-486.1897660817721,-68.93837754248014,0.44860583324568193,0.5206536905305711
2025-09-01,surface_fwd,7501.148,0.2613858342802997,0.3955306699990364,0.547945205479452,0.452054794520548,6,0.12242752680125595,155.92484125366659,5058.580819696458,25.29290409848229,75.8903267970089,-496.73421975564446,-66.65027490069605,0.42978391352766293,0.5352745672778243
2025-09-01,term_opt_tail,7501.148,0.2613858342802997,0.3955306699990364,0.547945205479452,0.452054794520548,6,0.11860323416647639,164.75364708070128,5047.818048334268,25.239090241671338,75.72886051525299,-497.7470195224729,-66.90734076679904,0.43145962676887994,0.5299775421526232
2025-10-09,flat_active,7648.052,0.26713244991163654,0.40860205146955103,0.4438356164383562,0.5561643835616439,7,0.2625124070809145,-880.0069194774692,7222.370988581628,36.11185494290814,110.4741377679274,-300.4693686035461,-82.88263800942265,0.6311753802975386,0.39752891164908716
2025-10-09,term_flat_q,7648.052,0.26713244991163654,0.40860205146955103,0.4438356164383562,0.5561643835616439,7,0.14696200751800684,-7.035772053271762e-12,5396.586751769354,26.98293375884677,82.54675220008623,-457.06971238930123,-68.91029669832982,0.4735253140011509,0.5263820584911231
2025-10-09,term_flat_fwd,7648.052,0.26713244991163654,0.40860205146955103,0.4438356164383562,0.5561643835616439,7,0.14340634887444087,21.18786897575433,5339.158977588768,26.69579488794384,81.66833099373146,-459.2432699130544,-68.49444987751342,0.4697033262061768,0.528796498384972
2025-10-09,surface_fwd,7648.052,0.26713244991163654,0.40860205146955103,0.4438356164383562,0.5561643835616439,7,0.12035775961421184,165.69141100507395,4934.7819534824275,24.673909767412137,75.48293797779037,-473.4825367231212,-65.38295772165512,0.4418317609083273,0.5485318106807301
2025-10-09,term_opt_tail,7648.052,0.26713244991163654,0.40860205146955103,0.4438356164383562,0.5561643835616439,7,0.1244078198101829,133.40301701720372,5037.886609352478,25.189433046762392,77.06003751686289,-471.4700778962124,-66.47872977156418,0.4497666150289241,0.5396557641277575
2025-11-03,flat_active,7538.118,0.26718251406793103,0.3955565803539631,0.6246575342465753,0.37534246575342467,5,0.19947354734667103,-411.7781732662297,6369.157887812476,31.84578943906238,96.02292743792239,-394.3337764466462,-75.45200198527425,0.5455001910802976,0.4680605344718463
2025-11-03,term_flat_q,7538.118,0.26718251406793103,0.3955565803539631,0.6246575342465753,0.37534246575342467,5,0.1411740746401278,2.203956978646661e-12,5350.356271077939,26.751781355389696,80.663233826851,-454.3286397842691,-67.5652595723391,0.46605416384867776,0.5308333531926573
2025-11-03,term_flat_fwd,7538.118,0.26718251406793103,0.3955565803539631,0.6246575342465753,0.37534246575342467,5,0.1390928159615036,11.520667236102701,5314.454277685137,26.572271388425683,80.12196690159067,-454.7977134452889,-67.19153097760528,0.4639864729757821,0.5331892405807227
2025-11-03,surface_fwd,7538.118,0.26718251406793103,0.3955565803539631,0.6246575342465753,0.37534246575342467,5,0.13289879821131914,54.96154871982166,5192.7937105840165,25.963968552920083,78.28778348008034,-459.6599010203928,-66.2165050895645,0.4547384955479887,0.540553531550481
2025-11-03,term_opt_tail,7538.118,0.26718251406793103,0.3955565803539631,0.6246575342465753,0.37534246575342467,5,0.13853658256882212,14.53999711568653,5306.075227380924,26.53037613690462,79.99564236174848,-455.09075564250224,-67.13781338074563,0.46347474345454276,0.5334333350698742
2025-12-01,flat_active,7386.681,0.2360334053400531,0.3701658531417645,0.547945205479452,0.452054794520548,6,0.28540686315455144,-1013.1818384505048,8081.854880209617,40.40927440104808,119.3961677768033,-304.0900105237961,-93.53067866742761,0.63299133306326,0.33355360307355963
2025-12-01,term_flat_q,7386.681,0.2360334053400531,0.3701658531417645,0.547945205479452,0.452054794520548,6,0.16749030711438392,3.1345147804177993e-13,5867.797566946796,29.33898783473398,86.68709759922426,-560.7357364845975,-77.13086285619119,0.44855894544818964,0.4736402800132633
2025-12-01,term_flat_fwd,7386.681,0.2360334053400531,0.3701658531417645,0.547945205479452,0.452054794520548,6,0.1647190094413349,18.013445299354157,5811.445075625845,29.057225378129225,85.85458184533799,-563.1904013073013,-76.62647498755044,0.44527576793664664,0.47620908750984275
2025-12-01,surface_fwd,7386.681,0.2360334053400531,0.3701658531417645,0.547945205479452,0.452054794520548,6,0.14243477382620487,178.25642417497488,5332.187282679096,26.66093641339548,78.77433297881463,-591.1495769362035,-72.82693237269423,0.4139729206999515,0.49615232899079525
2025-12-01,term_opt_tail,7386.681,0.2360334053400531,0.3701658531417645,0.547945205479452,0.452054794520548,6,0.14393939008204515,150.66200045651576,5432.13222492399,27.16066112461995,80.25085579066753,-586.6754460177455,-73.79823944544131,0.4225291049069925,0.4866652877608864
2026-01-05,flat_active,7753.88,0.24705191743664714,0.302029921175034,0.4520547945205479,0.547945205479452,7,0.0,600.964875922,2092.983299107667,10.464916495538334,32.45748268656991,-432.9220870080589,-37.183733758394794,0.2395543704355077,0.6956217452481849
2026-01-05,term_flat_q,7753.88,0.24705191743664714,0.302029921175034,0.4520547945205479,0.547945205479452,7,0.12231947466505913,-3.8767742424438306e-12,4570.8812546123345,22.854406273061674,70.88412948502697,-477.7703391426266,-61.30484354725401,0.3994238586133121,0.5520659345552849
2026-01-05,term_flat_fwd,7753.88,0.24705191743664714,0.302029921175034,0.4520547945205479,0.547945205479452,7,0.13510532867498057,-69.49385345621693,4793.945000971292,23.96972500485646,74.34334852826255,-472.2224642727896,-63.1207475820119,0.4142224997026621,0.5430273238213844
2026-01-05,surface_fwd,7753.88,0.24705191743664714,0.302029921175034,0.4520547945205479,0.547945205479452,7,0.10351869092215432,105.11609485704011,4217.869000258937,21.08934500129469,65.40970016745554,-484.19762655689493,-58.28085024217724,0.3755572432169886,0.5689751838374777
2026-01-05,term_opt_tail,7753.88,0.24705191743664714,0.302029921175034,0.4520547945205479,0.547945205479452,7,0.10888350351067266,67.61249257316746,4357.648798413111,21.788243992065553,67.57737173007891,-483.42266046134347,-59.79288829405884,0.3862434361994965,0.5569946582322888
2026-02-02,flat_active,7975.428,0.2956055156843332,0.40212900507495186,0.37534246575342467,0.6246575342465753,8,0.1863527580519117,-465.84723509104987,5695.4532084175935,28.47726604208797,90.84735398220701,-337.8303951500636,-68.2162247375747,0.558765276905782,0.5031924028110071
2026-02-02,term_flat_q,7975.428,0.2956055156843332,0.40212900507495186,0.37534246575342467,0.6246575342465753,8,0.11308090250512322,4.723953290110876e-12,4658.403753659562,23.29201876829781,74.30552746448315,-386.83012034734367,-59.54957466486185,0.46878702618250273,0.57892715169804
2026-02-02,term_flat_fwd,7975.428,0.2956055156843332,0.40212900507495186,0.37534246575342467,0.6246575342465753,8,0.10970395155605599,17.71938868263951,4612.012500566631,23.06006250283316,73.56554726673825,-387.63502150103346,-59.19422921474297,0.46543651825117793,0.581366776921063
2026-02-02,surface_fwd,7975.428,0.2956055156843332,0.40212900507495186,0.37534246575342467,0.6246575342465753,8,0.08819004879646807,138.63926603345124,4282.431145196222,21.412155725981112,68.30844252694004,-392.15573351582515,-56.162447077689876,0.4400921254060779,0.6040501093849958
2026-02-02,term_opt_tail,7975.428,0.2956055156843332,0.40212900507495186,0.37534246575342467,0.6246575342465753,8,0.09441099521934798,89.6843428833086,4419.903919001446,22.099519595007234,70.50125094582773,-390.3338926314092,-57.95526981507465,0.45333229608245207,0.5882160856394789
2026-03-02,flat_active,8476.965,0.25318368614494063,0.3112522282371082,0.29863013698630136,0.7013698630136986,9,0.14717618340474134,-179.8660031205859,4691.900361436375,23.459501807181873,79.54615029476699,-449.55439912138985,-66.1832277711758,0.45314777028956277,0.5178614379119123
2026-03-02,term_flat_q,8476.965,0.25318368614494063,0.3112522282371082,0.29863013698630136,0.7013698630136986,9,0.11876286785686777,3.33046617669559e-12,4192.1985499500215,20.96099274975011,71.07424076195417,-465.8534762360064,-61.1498014548486,0.4122436716429587,0.5532834270018435
2026-03-02,term_flat_fwd,8476.965,0.25318368614494063,0.3112522282371082,0.29863013698630136,0.7013698630136986,9,0.12268870076005182,-22.24478740498483,4254.92083058058,21.2746041529029,72.13762991720502,-463.95173597432796,-61.702866024924376,0.41706550868411196,0.5501678779780214
2026-03-02,surface_fwd,8476.965,0.25318368614494063,0.3112522282371082,0.29863013698630136,0.7013698630136986,9,0.09918477733663308,110.8187011781098,3859.2777877130757,19.29638893856538,65.42992546344236,-471.6454478727648,-57.88882762342554,0.387082153070206,0.5731632863619094
2026-03-02,term_opt_tail,8476.965,0.25318368614494063,0.3112522282371082,0.29863013698630136,0.7013698630136986,9,0.09960834053782477,99.92167777751847,3908.410069282265,19.542050346411326,66.26291072590666,-473.21491085922645,-58.72259802057853,0.39215727014440993,0.5645720404849442
2026-04-01,flat_active,7764.153,0.26962329188871975,0.47194102125328086,0.21643835616438356,0.7835616438356164,10,0.18851359221025157,-151.71880880899843,6182.370464432874,30.911852322164368,96.00174037707578,-440.83300876805555,-77.44152324982258,0.5295008189571159,0.48271305835467954
2026-04-01,term_flat_q,7764.153,0.26962329188871975,0.47194102125328086,0.21643835616438356,0.7835616438356164,10,0.16848302122554829,-6.106865417216044e-12,5822.009604123677,29.110048020618382,90.4059466677713,-463.1782405063568,-74.57978651690684,0.5020163878506393,0.5055746277193067
2026-04-01,term_flat_fwd,7764.153,0.26962329188871975,0.47194102125328086,0.21643835616438356,0.7835616438356164,10,0.1851633639397948,-117.38132361493632,6100.139380202381,30.500696901011906,94.72483093843293,-445.18223059263084,-76.36646474996311,0.5227397927765018,0.4924826663373152
2026-04-01,surface_fwd,7764.153,0.26962329188871975,0.47194102125328086,0.21643835616438356,0.7835616438356164,10,0.11905817308468528,332.8572562602438,4959.5492466084415,24.797746233042208,77.01339832340534,-504.1273013690952,-68.25121670197397,0.44221313828892955,0.5468224428742569
2026-04-01,term_opt_tail,7764.153,0.26962329188871975,0.47194102125328086,0.21643835616438356,0.7835616438356164,10,0.1221984588093343,308.27388288193293,5044.886528207113,25.224432641035563,78.33854174527768,-503.0523182909563,-69.22267844172632,0.44815925334621964,0.5394859699369875
2026-05-06,flat_active,8574.556,0.25845775417445827,0.32390883242567825,0.3698630136986301,0.6301369863013699,8,0.16641431903620235,-310.92546742652434,4979.279132434098,24.89639566217049,85.39021552137518,-421.2302554035279,-69.02221322372807,0.48701865982633363,0.4983535623220719
2026-05-06,term_flat_q,8574.556,0.25845775417445827,0.32390883242567825,0.3698630136986301,0.6301369863013699,8,0.11836718126580605,7.39642787295713e-12,4189.579291028274,20.94789645514137,71.84756449472448,-455.7578363420231,-61.29798257616302,0.4191451399239788,0.5549720090776499
2026-05-06,term_flat_fwd,8574.556,0.25845775417445827,0.32390883242567825,0.3698630136986301,0.6301369863013699,8,0.11482121142323128,19.511904292350533,4135.167901113703,20.675839505568515,70.91445747500381,-457.011786294651,-60.786826069814246,0.4150472136881497,0.5579404163767849
2026-05-06,surface_fwd,8574.556,0.25845775417445827,0.32390883242567825,0.3698630136986301,0.6301369863013699,8,0.09543805578213155,128.63387786246102,3817.1840485962703,19.085920242981352,65.46131677399089,-462.206943529424,-57.65982555454337,0.3906766876583131,0.5774123604950734
2026-05-06,term_opt_tail,8574.556,0.25845775417445827,0.32390883242567825,0.3698630136986301,0.6301369863013699,8,0.0978686604210604,107.00657014068835,3894.313959805351,19.471569799026753,66.78402625986547,-462.99210787879355,-58.72637186008561,0.3979078402798141,0.5678251596796143
2026-06-01,flat_active,8345.129,0.2740570293507643,0.3817827414014715,0.29863013698630136,0.7013698630136986,9,0.11556529590162758,73.0651449097336,4392.575754171315,21.962878770856573,73.31322262166383,-442.90528855331047,-61.41822382881501,0.43809764781192345,0.5681615519234293
2026-06-01,term_flat_q,8345.129,0.2740570293507643,0.3817827414014715,0.29863013698630136,0.7013698630136986,9,0.12736825049213266,4.55785035385441e-12,4586.985826444168,22.93492913222084,76.55797688569639,-437.2780841609287,-63.246795191947676,0.4537101094702389,0.5548740854932083
2026-06-01,term_flat_fwd,8345.129,0.2740570293507643,0.3817827414014715,0.29863013698630136,0.7013698630136986,9,0.12846935818644856,-6.338907743263,4603.227396175181,23.016136980875903,76.829052874832,-436.73498387980374,-63.372790301205825,0.45495936617222155,0.554071141545203
2026-06-01,surface_fwd,8345.129,0.2740570293507643,0.3817827414014715,0.29863013698630136,0.7013698630136986,9,0.11034618805266755,100.40151038827283,4316.828681347015,21.584143406735073,72.04898443348146,-443.97627076023315,-60.77095381629486,0.43291399504302364,0.5718258519799859
2026-06-01,term_opt_tail,8345.129,0.2740570293507643,0.3817827414014715,0.29863013698630136,0.7013698630136986,9,0.11091379607615906,88.9470728600722,4356.628247767797,21.783141238838983,72.71324946533245,-444.30588600220267,-61.53631952182204,0.43710641317036164,0.5644464084842121
2026-07-01,flat_active,8876.63,0.2751592896389803,0.6202696793118061,0.21643835616438356,0.7835616438356164,10,0.4029997279372886,-1795.0805098986837,7713.692103422685,38.56846051711343,136.9431814720098,-35.28099513269961,-95.18376887242793,0.7929378171409907,0.2710881095511497
2026-07-01,term_flat_q,8876.63,0.2751592896389803,0.6202696793118061,0.21643835616438356,0.7835616438356164,10,0.21075809936339707,-1.1790382603039106e-12,6086.438117240085,30.432190586200427,108.05411836927371,-474.182585872761,-86.79717812353304,0.5645212026746441,0.46152134966868896
2026-07-01,term_flat_fwd,8876.63,0.2751592896389803,0.6202696793118061,0.21643835616438356,0.7835616438356164,10,0.18406386822917464,213.6759978704584,5706.136491540376,28.53068245770188,101.30252472980409,-513.7612868231955,-84.32235810057732,0.5324006482067045,0.48206666704914897
2026-07-01,surface_fwd,8876.63,0.2751592896389803,0.6202696793118061,0.21643835616438356,0.7835616438356164,10,0.14116017416403476,541.976859245431,5065.267410012565,25.326337050062826,89.92500929947967,-567.0040790931416,-79.53577072854004,0.4830255494913489,0.5148362094628339
2026-07-01,term_opt_tail,8876.63,0.2751592896389803,0.6202696793118061,0.21643835616438356,0.7835616438356164,10,0.14269822562345502,526.0763802204949,5105.362800673433,25.526814003367168,90.63683319468363,-564.9197585506831,-79.97623517517168,0.4862769913124826,0.5115288229099022
2026-08-03,flat_active,7079.776,0.2641251226665345,0.27417651644303753,0.12602739726027398,0.873972602739726,10,0.05430146189182536,144.43678025368874,3802.801748860693,19.014008744303464,53.845969108683924,-408.28322086122824,-47.520815345207836,0.3409955696645647,0.6346233596001266
2026-08-03,term_flat_q,7079.776,0.2641251226665345,0.27417651644303753,0.12602739726027398,0.873972602739726,10,0.08343729767452605,2.696426104422791e-12,4366.763164845341,21.833815824226704,61.831410104312184,-411.25004740539595,-52.4550676208367,0.3787392450391748,0.6008161713527105
2026-08-03,term_flat_fwd,7079.776,0.2641251226665345,0.27417651644303753,0.12602739726027398,0.873972602739726,10,0.0997906435766771,-84.59245869757818,4668.624967002169,23.343124835010844,66.1056379887655,-408.6838054817706,-54.89908584165282,0.39935030005167566,0.5844348304601803
2026-08-03,surface_fwd,7079.776,0.2641251226665345,0.27417651644303753,0.12602739726027398,0.873972602739726,10,0.08845912671031247,-30.52194499906851,4473.550205491775,22.367751027458876,63.34346675927148,-409.390191535824,-53.312524158292916,0.38727466416828626,0.5939520401914186
2026-08-03,term_opt_tail,7079.776,0.2641251226665345,0.27417651644303753,0.12602739726027398,0.873972602739726,10,0.08735956660811654,-29.629667008444226,4471.335177837293,22.356675889186462,63.3121029600164,-409.4159086751973,-53.42930018315343,0.3881096982726109,0.591798955417496
2026-09-01,flat_active,7691.369,0.2592041591738314,0.36682846615267123,0.2958904109589041,0.7041095890410959,9,0.14943985731049259,-78.0903893707405,5310.01035397264,26.5500517698632,81.68249805244838,-462.4598710991256,-68.22850068037175,0.46258934477463054,0.5207196718156076
2026-09-01,term_flat_q,7691.369,0.2592041591738314,0.36682846615267123,0.2958904109589041,0.7041095890410959,9,0.1377535543545147,-2.6688190385082663e-12,5084.672008006913,25.423360040034563,78.21617731510423,-470.9971451558603,-66.26697501246413,0.4460559624231921,0.5346986650529516
2026-09-01,term_flat_fwd,7691.369,0.2592041591738314,0.36682846615267123,0.2958904109589041,0.7041095890410959,9,0.13747603543271775,1.6914416379394581,5079.811102370992,25.399055511854957,78.14140327726415,-471.1706972716038,-66.23088014856744,0.44571739814272715,0.5349122308523784
2026-09-01,surface_fwd,7691.369,0.2592041591738314,0.36682846615267123,0.2958904109589041,0.7041095890410959,9,0.12487983138314711,80.61583775537973,4842.281191525548,24.21140595762774,74.48754289156533,-478.28983140149376,-64.19274204814089,0.4291028282145421,0.5482113154188686
2026-09-01,term_opt_tail,7691.369,0.2592041591738314,0.36682846615267123,0.2958904109589041,0.7041095890410959,9,0.12544221355167087,72.5172764069713,4876.672659132749,24.383363295663745,75.01657782720238,-478.7775069673491,-64.75917993066862,0.4319261442472829,0.5429013728081139
