date,contract,maturity,future_price,delta_bucket,hedge_hands,extrapolated_tail,rhoq_bucket_bp
2023-05-04,IM2305,0.0410958904109589,6725.2,6.248076215650614e-05,-3.124038107825307e-07,False,-3.5162661221050185e-08
2023-05-04,IM2306,0.1178082191780822,6702.0,-260.918861324476,1.30459430662238,False,0.41191004713212914
2023-05-04,IM2309,0.36712328767123287,6637.4,-226.0100133349436,1.130050066674718,False,1.1003626108614573
2023-05-04,IM2312,0.6164383561643836,6580.2,3644.427438486662,-18.222137192433312,True,-29.61415292621531
2023-06-01,IM2306,0.0410958904109589,6567.6,7.785122271278356e-05,-3.8925611356391776e-07,False,-4.224469031388421e-08
2023-06-01,IM2307,0.136986301369863,6548.0,-85.72099679613902,0.4286049839806951,False,0.15372977279699687
2023-06-01,IM2309,0.29041095890410956,6519.4,-239.24026498259548,1.1962013249129775,False,0.9056686366868971
2023-06-01,IM2312,0.5397260273972603,6485.0,3178.9362851462083,-15.894681425731042,True,-22.304531674940662
2023-07-03,IM2307,0.049315068493150684,6583.6,2.9667342363662274e-05,-1.4833671181831138e-07,False,-1.988455662775268e-08
2023-07-03,IM2308,0.12602739726027398,6570.2,0.023644253132486148,-0.00011822126566243074,False,-3.933660496377824e-05
2023-07-03,IM2309,0.20273972602739726,6546.2,-284.75111642288346,1.4237555821144172,False,0.7555828407978933
2023-07-03,IM2312,0.4520547945205479,6494.6,4449.825134117606,-22.24912567058803,True,-26.19539171848087
2023-08-01,IM2308,0.04657534246575343,6509.0,7.9239041640897e-06,-3.9619520820448506e-08,False,-4.815770005890585e-09
2023-08-01,IM2309,0.1232876712328767,6502.8,-192.3855565499528,0.9619277827497641,False,0.30838815084245974
2023-08-01,IM2312,0.3726027397260274,6472.0,-173.12790035012898,0.8656395017506449,False,0.8342679482001635
2023-08-01,IM2403,0.6219178082191781,6435.4,2498.3839477227084,-12.491919738613541,True,-20.04068653555282
2023-09-01,IM2309,0.038356164383561646,6103.0,0.00012472510367398062,-6.236255183699031e-07,False,-5.878930892185321e-08
2023-09-01,IM2310,0.13424657534246576,6101.0,-75.86064472185285,0.3793032236092643,False,0.12422495592146095
2023-09-01,IM2312,0.2876712328767123,6095.0,-226.22580308067694,1.1311290154033846,False,0.7932160558825858
2023-09-01,IM2403,0.536986301369863,6078.0,2978.4099859856965,-14.892049929928483,True,-19.488635985622466
2023-10-09,IM2310,0.030136986301369864,6055.0,3.6393964497283746e-06,-1.8196982248641875e-08,False,-1.5709531159767321e-09
2023-10-09,IM2311,0.10684931506849316,6043.0,0.01129978392067203,-5.6498919603360156e-05,False,-1.4663367146543069e-05
2023-10-09,IM2312,0.18356164383561643,6032.4,-244.06634937222626,1.2203317468611312,False,0.5403703556439249
2023-10-09,IM2403,0.4328767123287671,6017.6,4004.754315732045,-20.023771578660227,True,-20.92444588694511
2023-11-01,IM2311,0.043835616438356165,5936.2,7.287979516232408e-05,-3.643989758116204e-07,False,-3.813347931674671e-08
2023-11-01,IM2312,0.12054794520547946,5920.2,-271.11883202546386,1.3555941601273194,False,0.3868226367646814
2023-11-01,IM2403,0.3698630136986301,5883.8,-235.74501113034484,1.1787250556517241,False,1.0247483814418403
2023-11-01,IM2406,0.6383561643835617,5836.6,3615.287116412277,-18.076435582061386,True,-26.990065748089027
2023-12-01,IM2312,0.038356164383561646,6092.2,0.00011562467213631757,-5.781233606815879e-07,False,-5.436866306449165e-08
2023-12-01,IM2401,0.13424657534246576,6058.4,-145.91777647964034,0.7295888823982017,False,0.237221889033123
2023-12-01,IM2403,0.2876712328767123,5997.6,-458.93956225155154,2.2946978112577576,False,1.5829330423131778
2023-12-01,IM2406,0.5561643835616439,5894.4,5596.023761077318,-27.980118805386592,True,-36.764545863452334
2024-01-02,IM2401,0.04657534246575343,5833.6,3.545889611000799e-05,-1.7729448055003998e-07,False,-1.949032513182173e-08
2024-01-02,IM2402,0.1232876712328767,5810.6,0.06488528971197347,-0.0003244264485598673,False,-9.343200027380307e-05
2024-01-02,IM2403,0.2,5793.8,-475.8035887410466,2.3790179437052332,False,1.102638803866182
2024-01-02,IM2406,0.4684931506849315,5706.4,6285.842872296515,-31.42921436148258,True,-33.68576553261948
2024-02-01,IM2402,0.0410958904109589,4699.2,2.6735512032102062,-0.013367756016051032,False,-0.001037899943761312
2024-02-01,IM2403,0.1178082191780822,4641.6,140.728915975005,-0.703644579875025,False,-0.15415226162035994
2024-02-01,IM2406,0.3863013698630137,4521.4,705.2369370918186,-3.5261846854590932,False,-2.4656095070961492
2024-02-01,IM2409,0.6356164383561644,4441.0,11204.105071200687,-56.02052535600344,True,-63.28221548057798
2024-03-01,IM2403,0.038356164383561646,5392.0,3.8460129171627964,-0.019230064585813982,False,-0.0015979685191804692
2024-03-01,IM2404,0.13424657534246576,5361.2,91.37992401848234,-0.4568996200924117,False,-0.1316169993890512
2024-03-01,IM2406,0.30684931506849317,5277.0,446.5459647658552,-2.232729823829276,False,-1.4455171686522756
2024-03-01,IM2409,0.5561643835616439,5189.0,9164.580211363565,-45.82290105681783,True,-52.92399808325963
2024-04-01,IM2404,0.049315068493150684,5541.6,0.785792811756322,-0.00392896405878161,False,-0.00043125317418423365
2024-04-01,IM2405,0.12602739726027398,5503.0,25.971500423332895,-0.12985750211666447,False,-0.03613925650317603
2024-04-01,IM2406,0.2219178082191781,5446.2,-42.39307340668457,0.21196536703342286,False,0.1035618283010103
2024-04-01,IM2409,0.4712328767123288,5352.8,10924.268667634911,-54.621343338174555,True,-55.15540251041434
2024-05-06,IM2405,0.030136986301369864,5590.2,0.3365122687630697,-0.0016825613438153485,False,-0.00011404879114802474
2024-05-06,IM2406,0.12602739726027398,5548.6,-239.3296795411196,1.196648397705598,False,0.3347912896171726
2024-05-06,IM2409,0.37534246575342467,5461.8,61.64593461274096,-0.3082296730637048,False,-0.2548738777930451
2024-05-06,IM2412,0.6246575342465753,5394.6,7127.099266191321,-35.635496330956606,True,-48.07147702691078
2024-06-03,IM2406,0.049315068493150684,5222.4,0.237099207602652,-0.00118549603801326,False,-0.000122758682227599
2024-06-03,IM2407,0.12602739726027398,5178.8,-198.99792128750747,0.9949896064375373,False,0.25952972149507536
2024-06-03,IM2409,0.29863013698630136,5098.0,-270.2785788781744,1.3513928943908722,False,0.8215187923984808
2024-06-03,IM2412,0.547945205479452,5027.0,10492.746695234118,-52.46373347617059,True,-57.860563028177246
2024-07-01,IM2407,0.049315068493150684,4893.2,0.36352568342208663,-0.0018176284171104332,False,-0.00017638207469152891
2024-07-01,IM2408,0.12602739726027398,4856.6,17.29091717709304,-0.0864545858854652,False,-0.021254034604985792
2024-07-01,IM2409,0.2219178082191781,4816.6,-314.25559694293594,1.5712779847146796,False,0.6720888187525974
2024-07-01,IM2412,0.4712328767123288,4726.0,13259.988687973017,-66.29994343986509,True,-59.126537196477386
2024-08-01,IM2408,0.0410958904109589,4859.4,1.202232948208719,-0.006011164741043596,False,-0.00048304061062426736
2024-08-01,IM2409,0.136986301369863,4819.8,-201.07737607793834,1.0053868803896917,False,0.2658500990004545
2024-08-01,IM2412,0.3863013698630137,4721.6,253.17952679849475,-1.2658976339924737,False,-0.9263195097970317
2024-08-01,IM2503,0.6356164383561644,4641.0,9032.9878598029,-45.164939299014506,True,-53.330300508362875
2024-09-02,IM2409,0.049315068493150684,4515.6,0.5619859504447312,-0.002809929752223656,False,-0.00025152994733558943
2024-09-02,IM2410,0.12602739726027398,4485.0,-104.50550055336358,0.5225275027668179,False,0.11807579051700336
2024-09-02,IM2412,0.29863013698630136,4418.8,12.320235836489179,-0.06160117918244589,False,-0.0326542797966923
2024-09-02,IM2503,0.547945205479452,4333.2,11541.659764187865,-57.708298820939326,True,-54.85436057234017
2024-10-08,IM2410,0.0273972602739726,6219.8,1.6109209494852472,-0.008054604747426235,False,-0.0005512759141882717
2024-10-08,IM2411,0.10410958904109589,6207.6,31.722424884101432,-0.15861212442050715,False,-0.04109469923567875
2024-10-08,IM2412,0.2,6184.8,420.6280708647874,-2.103140354323937,False,-1.0392351775298267
2024-10-08,IM2503,0.44931506849315067,6120.0,8119.736020086943,-40.59868010043472,True,-44.681404632562334
2024-11-01,IM2411,0.038356164383561646,5917.8,12.766964670356717,-0.06383482335178359,False,-0.005815414921488649
2024-11-01,IM2412,0.13424657534246576,5890.0,550.4024874999697,-2.7520124374998485,False,-0.8696795883638928
2024-11-01,IM2503,0.3835616438356164,5809.0,878.5597134518335,-4.392798567259168,False,-3.9140259544609366
2024-11-01,IM2506,0.6328767123287671,5713.0,6570.047365123084,-32.85023682561542,True,-47.52029697416971
2024-12-02,IM2412,0.049315068493150684,6266.8,7.259525877903232,-0.03629762938951616,False,-0.004500742429109473
2024-12-02,IM2501,0.12602739726027398,6232.4,205.1765558488311,-1.0258827792441556,False,-0.3223124412694976
2024-12-02,IM2503,0.29863013698630136,6159.6,678.5138244613703,-3.3925691223068513,False,-2.494894147358983
2024-12-02,IM2506,0.547945205479452,6030.8,8181.441564793215,-40.907207823966075,True,-54.08829221810573
2025-01-02,IM2501,0.0410958904109589,5778.0,5.469710050777469,-0.027348550253887348,False,-0.0026073382429155213
2025-01-02,IM2502,0.136986301369863,5740.8,42.44669604978176,-0.21223348024890878,False,-0.06693785873603525
2025-01-02,IM2503,0.2136986301369863,5699.4,362.55368760881333,-1.8127684380440667,False,-0.8813230347772157
2025-01-02,IM2506,0.46301369863013697,5570.2,10985.771419140054,-54.928857095700266,True,-56.69803301638395
2025-02-05,IM2502,0.043835616438356165,5866.0,1.0293822857398196,-0.005146911428699098,False,-0.0005315600941582428
2025-02-05,IM2503,0.12054794520547946,5832.2,29.154318404732315,-0.14577159202366158,False,-0.0404784013444169
2025-02-05,IM2506,0.3698630136986301,5712.0,419.57975775571686,-2.0978987887785845,False,-1.77396831164844
2025-02-05,IM2509,0.6191780821917808,5597.0,7668.842967249472,-38.34421483624736,True,-53.17805046839733
2025-03-03,IM2503,0.049315068493150684,6215.4,1.1775344420382956,-0.005887672210191478,False,-0.0007246223857409313
2025-03-03,IM2504,0.12602739726027398,6168.8,-38.16770178294953,0.19083850891474763,False,0.05919878748638689
2025-03-03,IM2506,0.29863013698630136,6049.0,141.73856488405315,-0.7086928244202657,False,-0.5122479804247572
2025-03-03,IM2509,0.547945205479452,5906.0,9845.269088618015,-49.226345443090075,True,-63.75400642363381
2025-04-01,IM2504,0.04657534246575343,6204.0,0.19234521458973017,-0.0009617260729486508,False,-0.0001116140932226844
2025-04-01,IM2505,0.1232876712328767,6143.0,12.72785618336293,-0.06363928091681464,False,-0.019343222783713834
2025-04-01,IM2506,0.2191780821917808,6064.2,-406.7539503444357,2.033769751722178,False,1.0819719457581483
2025-04-01,IM2509,0.4684931506849315,5891.0,12946.241169433484,-64.73120584716742,True,-71.51395636223702
2025-05-06,IM2505,0.0273972602739726,6059.6,0.3091470124425961,-0.0015457350622129805,False,-0.00010325816728626602
2025-05-06,IM2506,0.1232876712328767,5953.2,-396.8126147918989,1.9840630739594944,False,0.58202642565848
2025-05-06,IM2509,0.3726027397260274,5774.0,-33.88438976452554,0.16942194882262768,False,0.14190144859050946
2025-05-06,IM2512,0.6219178082191781,5640.0,10145.958925048624,-50.72979462524312,True,-71.21974736243462
2025-06-03,IM2506,0.04657534246575343,5998.0,0.49790412461305167,-0.0024895206230652585,False,-0.0002793998295974953
2025-06-03,IM2507,0.1232876712328767,5909.8,-170.10908260136955,0.8505454130068477,False,0.24762476826597749
2025-06-03,IM2509,0.2958904109589041,5745.0,-119.46563892453102,0.5973281946226551,False,0.4047997555027915
2025-06-03,IM2512,0.5452054794520548,5569.2,13781.615224526255,-68.90807612263127,True,-83.73233192724749
2025-07-01,IM2507,0.04657534246575343,6286.8,0.8096336746004887,-0.004048168373002444,False,-0.00047607529512085284
2025-07-01,IM2508,0.1232876712328767,6210.4,28.596130695339127,-0.14298065347669564,False,-0.04392212511947461
2025-07-01,IM2509,0.2191780821917808,6133.4,-124.7019806376517,0.6235099031882585,False,0.3355359346485335
2025-07-01,IM2512,0.4684931506849315,5951.4,14097.217014691683,-70.48608507345841,True,-78.65825747871499
2025-08-01,IM2508,0.038356164383561646,6616.8,1.0692589099198304,-0.005346294549599152,False,-0.0005450973117095178
2025-08-01,IM2509,0.13424657534246576,6542.8,-190.83639433213625,0.9541819716606813,False,0.33538174786253266
2025-08-01,IM2512,0.3835616438356164,6359.0,184.08991335154565,-0.9204495667577283,False,-0.9006222611902472
2025-08-01,IM2603,0.6328767123287671,6186.2,8586.478898456604,-42.93239449228302,True,-67.26499072337906
2025-09-01,IM2509,0.049315068493150684,7380.6,3.199774724377287,-0.015998873621886435,False,-0.0023357728266472752
2025-09-01,IM2510,0.12602739726027398,7314.2,77.0330691215892,-0.38516534560794596,False,-0.1422095512559854
2025-09-01,IM2512,0.29863013698630136,7180.0,413.9969177848199,-2.0699845889240995,False,-1.7751864831702868
2025-09-01,IM2603,0.547945205479452,6995.2,8858.161236100745,-44.29080618050372,True,-67.92636906496278
2025-10-09,IM2510,0.021917808219178082,7607.4,3.8356575538670787,-0.019178287769335393,False,-0.0012848602053973455
2025-10-09,IM2511,0.1178082191780822,7526.8,29.156326275009327,-0.14578163137504663,False,-0.051819073829229706
2025-10-09,IM2512,0.19452054794520549,7449.6,326.59389565972094,-1.6329694782986046,False,-0.945315682870257
2025-10-09,IM2603,0.4438356164383562,7229.0,10517.711764474156,-52.58855882237078,True,-67.51858188287726
2025-11-03,IM2511,0.049315068493150684,7471.4,3.6457572903840307,-0.018228786451920154,False,-0.0026942681999249847
2025-11-03,IM2512,0.12602739726027398,7398.0,227.8411769812576,-1.139205884906288,False,-0.42445015594213836
2025-11-03,IM2603,0.37534246575342467,7193.0,614.1803130402798,-3.0709015652013987,False,-3.3169106581836103
2025-11-03,IM2606,0.6246575342465753,6988.6,7262.452327298008,-36.312261636490035,True,-63.4223535224887
2025-12-01,IM2512,0.049315068493150684,7290.0,1.4195040863722441,-0.007097520431861221,False,-0.0010239265515125005
2025-12-01,IM2601,0.12602739726027398,7215.4,-25.343356480830447,0.12671678240415224,False,0.04598824325453333
2025-12-01,IM2603,0.29863013698630136,7057.6,185.5678369198282,-0.927839184599141,False,-0.7821931144862682
2025-12-01,IM2606,0.547945205479452,6813.2,10160.9885936379,-50.8049429681895,True,-75.89221370998506
2026-01-05,IM2601,0.030136986301369864,7759.2,1.0785814549061612,-0.005392907274530806,False,-0.0005066330953568093
2026-01-05,IM2602,0.12602739726027398,7697.8,14.511776453557577,-0.07255888226778788,False,-0.028220144553864845
2026-01-05,IM2603,0.20273972602739726,7639.0,139.32877640874887,-0.6966438820437443,False,-0.43019243811742547
2026-01-05,IM2606,0.4520547945205479,7403.4,9015.804647174256,-45.07902323587128,True,-60.37794553252289
2026-02-02,IM2602,0.049315068493150684,7910.0,6.0238878265677025,-0.030119439132838512,False,-0.004711095379716249
2026-02-02,IM2603,0.12602739726027398,7871.8,374.9115436969047,-1.8745577184845235,False,-0.7433445823132306
2026-02-02,IM2606,0.37534246575342467,7701.6,10109.011967349918,-50.54505983674959,True,-58.473350735924114
2026-03-02,IM2603,0.049315068493150684,8423.8,1.5373868632853913,-0.007686934316426957,False,-0.0012807624626050413
2026-03-02,IM2604,0.12602739726027398,8380.2,43.02347428557837,-0.21511737142789183,False,-0.0909245312829578
2026-03-02,IM2606,0.29863013698630136,8230.6,12320.28703063515,-61.60143515317575,True,-60.611184511824455
2026-04-01,IM2604,0.043835616438356165,7706.8,2.4269126103625487,-0.012134563051812743,False,-0.001644438896564438
2026-04-01,IM2605,0.12054794520547946,7642.0,45.02260993969778,-0.2251130496984889,False,-0.08311405601624502
2026-04-01,IM2606,0.21643835616438356,7518.6,22758.070841072356,-113.79035420536178,True,-74.12801935646434
2026-05-06,IM2605,0.024657534246575342,8543.6,2.264105782439553,-0.011320528912197765,False,-0.0009574316366044082
2026-05-06,IM2606,0.12054794520547946,8461.6,119.77541179114009,-0.5988770589557004,False,-0.24407373866455181
2026-05-06,IM2609,0.3698630136986301,8268.2,9905.995226102312,-49.52997613051156,True,-60.62311484105891
2026-06-01,IM2606,0.049315068493150684,8305.8,3.091832208115676,-0.01545916104057838,False,-0.0025392353580880583
2026-06-01,IM2607,0.12602739726027398,8235.2,121.29382188795064,-0.6064691094397532,False,-0.25182485024218304
2026-06-01,IM2609,0.29863013698630136,8081.8,12963.473290891801,-64.817366454459,True,-62.61452195967031
2026-07-01,IM2607,0.043835616438356165,8727.6,12.689892565565849,-0.06344946282782925,False,-0.00973421788528019
2026-07-01,IM2608,0.13972602739726028,8620.6,58.27900616076426,-0.2913950308038213,False,-0.14063490367666506
2026-07-01,IM2609,0.21643835616438356,8517.6,23405.79766719489,-117.02898833597445,True,-86.34432242295782
2026-08-03,IM2608,0.049315068493150684,7067.8,2.1283590287292085,-0.010641795143646042,False,-0.0014882014076462525
2026-08-03,IM2609,0.12602739726027398,7023.4,29338.685968074253,-146.69342984037127,True,-52.04438028310395
2026-09-01,IM2609,0.04657534246575343,7645.0,2.0350378317205275,-0.010175189158602637,False,-0.0014535144085071744
2026-09-01,IM2610,0.1232876712328767,7580.0,76.6050306931654,-0.383025153465827,False,-0.14323139957580014
2026-09-01,IM2612,0.2958904109589041,7428.0,14935.50488073526,-74.6775244036763,True,-65.70147557957768
