scenario,delta,gamma,vega,theta,rho
Baseline,97.34345484261915,0.872112252404048,417.1041125636309,-42.42607967244069,355.96790653555513
Tech Sector Sell-Off,77.13216914971834,0.5416908426220403,318.4918994254005,-41.184124798468176,203.1315472646241
Fed Rate Hike,90.92519514741466,0.753296987126973,393.5214468184835,-47.32625598872447,301.51992404678504
AAPL Specific Risk,84.17155571559464,0.4723796233202913,405.36785042359486,-41.85137912387902,345.79360119547187
Calm Recovery,121.9269991994669,0.8906672843246901,383.9390672586983,-36.179499486731785,534.765302134458
Market Crash,72.2883853381164,0.46248733384600066,277.9471758268723,-38.02936714129848,168.85576316359138
Market Rally,133.23259670717476,0.6217254411988473,309.2897813795082,-32.384902759416505,620.0188181214804
Volatility Spike,102.99469031958094,0.45214148693553013,411.0226034064421,-68.20109599026263,340.1144238339564
Black Monday 1987,85.67009272765317,0.37130708031386345,311.0734447123117,-67.99320833532454,196.8329806553545
