scenario_name,scenario_description,portfolio_value,portfolio_pnl,portfolio_pnl_pct,greek_delta,greek_gamma,greek_vega,greek_theta,greek_rho
Baseline,Unstressed (current market),11954.540384409913,0.0,0.0,97.34345484261915,0.872112252404048,417.1041125636309,-42.426079672440686,355.96790653555513
Tech Sector Sell-Off,15% drop in tech stocks with volatility spike,6231.817516229918,-5722.722868179995,-47.87070589215692,77.13216914971834,0.5416908426220403,318.4918994254005,-41.18412479846816,203.1315472646241
Fed Rate Hike,200bps rate increase with moderate equity pressure,10486.913657462506,-1467.6267269474065,-12.276730679343888,90.92519514741466,0.753296987126973,393.5214468184835,-47.32625598872447,301.51992404678504
AAPL Specific Risk,AAPL drops 20% while GOOGL unaffected,10264.469196415932,-1690.0711879939809,-14.137483614159077,84.17155571559464,0.4723796233202913,405.36785042359486,-41.85137912387901,345.79360119547187
Calm Recovery,Modest gains with volatility compression,18652.713393943166,6698.173009533253,56.030368329914516,121.9269991994669,0.8906672843246901,383.9390672586983,-36.179499486731785,534.765302134458
Market Crash,Equity drops -20% with volatility spike +50%,4548.41517970427,-7406.125204705643,-61.9524044133397,72.2883853381164,0.46248733384600066,277.9471758268723,-38.02936714129848,168.85576316359138
Market Rally,Equity rises +15% with volatility compression -30%,24220.03023837997,12265.489853970059,102.60109932763002,133.23259670717476,0.6217254411988473,309.2897813795082,-32.3849027594165,620.0188181214804
Volatility Spike,Volatility increases +80%,21804.415250880975,9849.874866471062,82.3944254629515,102.99469031958094,0.45214148693553013,411.0226034064421,-68.20109599026263,340.1144238339564
Black Monday 1987,"Historical: Oct 19, 1987 - 22.6% drop",11962.587077864224,8.046693454311026,0.06731077227197153,85.67009272765317,0.37130708031386345,311.0734447123117,-67.99320833532454,196.83298065535453
