tag,trade_date,universe,mode,tenor,pillar,maturity,strike_over_forward,bid_iv,market_iv,ask_iv,model_iv,error_iv,inside_public_band
latest,2026-07-20,core,free,1M,10P,0.08493150684931507,0.9931881379151511,0.018369,0.018369,0.018369,0.020421620457482456,0.0020526204574824562,False
latest,2026-07-20,core,free,1M,25P,0.08493150684931507,0.9963284759749207,0.018869,0.018869,0.018869,0.019437609365764795,0.0005686093657647946,False
latest,2026-07-20,core,free,1M,ATM,0.08493150684931507,1.0,0.019018999999999998,0.019018999999999998,0.019018999999999998,0.0190510695396318,3.206953963180367e-05,False
latest,2026-07-20,core,free,1M,25C,0.08493150684931507,1.0041118030183545,0.020869,0.020869,0.020869,0.019996348228880845,-0.0008726517711191532,False
latest,2026-07-20,core,free,1M,10C,0.08493150684931507,1.0080195249148975,0.021369,0.021369,0.021369,0.021525106742711127,0.00015610674271112832,False
latest,2026-07-20,core,free,2M,10P,0.1643835616438356,0.9885418521153272,0.022324999999999998,0.022324999999999998,0.022324999999999998,0.02286985882499943,0.0005448588249994321,False
latest,2026-07-20,core,free,2M,25P,0.1643835616438356,0.9943279071942173,0.021099999999999997,0.021099999999999997,0.021099999999999997,0.0211454087134763,4.54087134763026e-05,False
latest,2026-07-20,core,free,2M,ATM,0.1643835616438356,1.0,0.02105,0.02105,0.02105,0.02052988477463745,-0.0005201152253625496,False
latest,2026-07-20,core,free,2M,25C,0.1643835616438356,1.0062620807597638,0.022850000000000002,0.022850000000000002,0.022850000000000002,0.021817226101833745,-0.0010327738981662574,False
latest,2026-07-20,core,free,2M,10C,0.1643835616438356,1.0128625128071918,0.024575,0.024575,0.024575,0.024103675926785487,-0.000471324073214513,False
latest,2026-07-20,core,free,3M,10P,0.25205479452054796,0.9842082472168118,0.024975,0.024975,0.024975,0.02500648716461763,3.148716461762874e-05,False
latest,2026-07-20,core,free,3M,25P,0.25205479452054796,0.9924770396311086,0.022763,0.022763,0.022763,0.02282427479213556,6.127479213556206e-05,False
latest,2026-07-20,core,free,3M,ATM,0.25205479452054796,1.0,0.0225,0.0225,0.0225,0.022099398318492197,-0.000400601681507802,False
latest,2026-07-20,core,free,3M,25C,0.25205479452054796,1.0082264598710262,0.024263,0.024263,0.024263,0.023549072898406794,-0.0007139271015932057,False
latest,2026-07-20,core,free,3M,10C,0.25205479452054796,1.0173561578626487,0.026725,0.026725,0.026725,0.026288925107549436,-0.00043607489245056294,False
latest,2026-07-20,core,free,6M,10P,0.5041095890410959,0.9740968540362355,0.02785,0.02935,0.03085,0.029414213133082578,6.421313308257667e-05,True
latest,2026-07-20,core,free,6M,25P,0.5041095890410959,0.987775944560131,0.02665,0.026699999999999998,0.02675,0.026741178073594368,4.1178073594369535e-05,True
latest,2026-07-20,core,free,6M,ATM,0.5041095890410959,1.0,0.025249999999999998,0.0255,0.025750000000000002,0.025897025006312392,0.0003970250063123938,False
latest,2026-07-20,core,free,6M,25C,0.5041095890410959,1.0129827958376083,0.02665,0.027200000000000002,0.02775,0.027508258447546653,0.00030825844754665127,True
latest,2026-07-20,core,free,6M,10C,0.5041095890410959,1.0279797103602637,0.02785,0.030350000000000002,0.032850000000000004,0.030777871378157618,0.00042787137815761614,True
latest,2026-07-20,core,free,9M,10P,0.7506849315068493,0.964620275283554,0.031,0.033275,0.03515,0.03266937194986968,-0.0006056280501303204,True
latest,2026-07-20,core,free,9M,25P,0.7506849315068493,0.9834937515794964,0.029825,0.030163000000000002,0.0301,0.029662707498913577,-0.0005002925010864252,False
latest,2026-07-20,core,free,9M,ATM,0.7506849315068493,1.0,0.027999999999999997,0.0285,0.0286,0.028763965150887742,0.0002639651508877412,False
latest,2026-07-20,core,free,9M,25C,0.7506849315068493,1.0175524644577503,0.029575,0.030288,0.030600000000000002,0.03050192838339836,0.00021392838339836032,True
latest,2026-07-20,core,free,9M,10C,0.7506849315068493,1.0384114879897974,0.031,0.034025,0.03665,0.034168586302074394,0.00014358630207439438,True
latest,2026-07-20,core,free,1Y,10P,1.0,0.9565890175826571,0.0338,0.035796,0.03785,0.03507331108442978,-0.0007226889155702229,True
latest,2026-07-20,core,free,1Y,25P,1.0,0.97997771643909,0.032345,0.032345,0.032395,0.0319379177348816,-0.00040708226511839557,False
latest,2026-07-20,core,free,1Y,ATM,1.0,1.0,0.0305,0.030600000000000002,0.030750000000000003,0.031068178080166813,0.00046817808016681034,False
latest,2026-07-20,core,free,1Y,25C,1.0,1.0214994991106199,0.032095,0.032345,0.032645,0.03283353229051415,0.0004885322905141543,False
latest,2026-07-20,core,free,1Y,10C,1.0,1.0473987146854116,0.0338,0.036296,0.038849999999999996,0.0366588145439237,0.0003628145439237007,True
latest,2026-07-20,core,hard_feller,1M,10P,0.08493150684931507,0.9931881379151511,0.018369,0.018369,0.018369,0.020129866555102658,0.001760866555102658,False
latest,2026-07-20,core,hard_feller,1M,25P,0.08493150684931507,0.9963284759749207,0.018869,0.018869,0.018869,0.019581484805112667,0.0007124848051126668,False
latest,2026-07-20,core,hard_feller,1M,ATM,0.08493150684931507,1.0,0.019018999999999998,0.019018999999999998,0.019018999999999998,0.019448378032532302,0.00042937803253230433,False
latest,2026-07-20,core,hard_feller,1M,25C,0.08493150684931507,1.0041118030183545,0.020869,0.020869,0.020869,0.02006563061975942,-0.0008033693802405803,False
latest,2026-07-20,core,hard_feller,1M,10C,0.08493150684931507,1.0080195249148975,0.021369,0.021369,0.021369,0.021088145553628333,-0.00028085444637166584,False
latest,2026-07-20,core,hard_feller,2M,10P,0.1643835616438356,0.9885418521153272,0.022324999999999998,0.022324999999999998,0.022324999999999998,0.02237217483445563,4.7174834455633585e-05,False
latest,2026-07-20,core,hard_feller,2M,25P,0.1643835616438356,0.9943279071942173,0.021099999999999997,0.021099999999999997,0.021099999999999997,0.021318078909537165,0.00021807890953716783,False
latest,2026-07-20,core,hard_feller,2M,ATM,0.1643835616438356,1.0,0.02105,0.02105,0.02105,0.021056612271735373,6.612271735373376e-06,False
latest,2026-07-20,core,hard_feller,2M,25C,0.1643835616438356,1.0062620807597638,0.022850000000000002,0.022850000000000002,0.022850000000000002,0.021923473164094164,-0.000926526835905838,False
latest,2026-07-20,core,hard_feller,2M,10C,0.1643835616438356,1.0128625128071918,0.024575,0.024575,0.024575,0.02351415184022933,-0.0010608481597706686,False
latest,2026-07-20,core,hard_feller,3M,10P,0.25205479452054796,0.9842082472168118,0.024975,0.024975,0.024975,0.02440819785461439,-0.0005668021453856115,False
latest,2026-07-20,core,hard_feller,3M,25P,0.25205479452054796,0.9924770396311086,0.022763,0.022763,0.022763,0.02302448593598803,0.0002614859359880324,False
latest,2026-07-20,core,hard_feller,3M,ATM,0.25205479452054796,1.0,0.0225,0.0225,0.0225,0.02269592676073608,0.0001959267607360808,False
latest,2026-07-20,core,hard_feller,3M,25C,0.25205479452054796,1.0082264598710262,0.024263,0.024263,0.024263,0.023693096618539626,-0.0005699033814603738,False
latest,2026-07-20,core,hard_feller,3M,10C,0.25205479452054796,1.0173561578626487,0.026725,0.026725,0.026725,0.025637113291973938,-0.001087886708026061,False
latest,2026-07-20,core,hard_feller,6M,10P,0.5041095890410959,0.9740968540362355,0.02785,0.02935,0.03085,0.02874780265022577,-0.0006021973497742326,True
latest,2026-07-20,core,hard_feller,6M,25P,0.5041095890410959,0.987775944560131,0.02665,0.026699999999999998,0.02675,0.027005913553014505,0.0003059135530145071,False
latest,2026-07-20,core,hard_feller,6M,ATM,0.5041095890410959,1.0,0.025249999999999998,0.0255,0.025750000000000002,0.02660676039574553,0.0011067603957455319,False
latest,2026-07-20,core,hard_feller,6M,25C,0.5041095890410959,1.0129827958376083,0.02665,0.027200000000000002,0.02775,0.027745338187951527,0.0005453381879515252,True
latest,2026-07-20,core,hard_feller,6M,10C,0.5041095890410959,1.0279797103602637,0.02785,0.030350000000000002,0.032850000000000004,0.03010848614866299,-0.00024151385133701353,True
latest,2026-07-20,core,hard_feller,9M,10P,0.7506849315068493,0.964620275283554,0.031,0.033275,0.03515,0.03196023659515385,-0.0013147634048461462,True
latest,2026-07-20,core,hard_feller,9M,25P,0.7506849315068493,0.9834937515794964,0.029825,0.030163000000000002,0.0301,0.029984704386080814,-0.00017829561391918824,True
latest,2026-07-20,core,hard_feller,9M,ATM,0.7506849315068493,1.0,0.027999999999999997,0.0285,0.0286,0.02955734054742672,0.001057340547426719,False
latest,2026-07-20,core,hard_feller,9M,25C,0.7506849315068493,1.0175524644577503,0.029575,0.030288,0.030600000000000002,0.030799158714512463,0.0005111587145124642,False
latest,2026-07-20,core,hard_feller,9M,10C,0.7506849315068493,1.0384114879897974,0.031,0.034025,0.03665,0.033470665181483575,-0.0005543348185164249,True
latest,2026-07-20,core,hard_feller,1Y,10P,1.0,0.9565890175826571,0.0338,0.035796,0.03785,0.03439714306808026,-0.0013988569319197397,True
latest,2026-07-20,core,hard_feller,1Y,25P,1.0,0.97997771643909,0.032345,0.032345,0.032395,0.032341765521410326,-3.234478589672629e-06,False
latest,2026-07-20,core,hard_feller,1Y,ATM,1.0,1.0,0.0305,0.030600000000000002,0.030750000000000003,0.0319363984333655,0.0013363984333654988,False
latest,2026-07-20,core,hard_feller,1Y,25C,1.0,1.0214994991106199,0.032095,0.032345,0.032645,0.033207617821263094,0.0008626178212630953,False
latest,2026-07-20,core,hard_feller,1Y,10C,1.0,1.0473987146854116,0.0338,0.036296,0.038849999999999996,0.036001417111160325,-0.00029458288883967704,True
latest,2026-07-20,liquid,free,1W,10P,0.019178082191780823,0.997061920339559,0.0166,0.0166,0.0166,0.01853533130486559,0.0019353313048655896,False
latest,2026-07-20,liquid,free,1W,25P,0.019178082191780823,0.9983967038350526,0.017225,0.017225,0.017225,0.01831809833386101,0.001093098333861009,False
latest,2026-07-20,liquid,free,1W,ATM,0.019178082191780823,1.0,0.017849999999999998,0.017849999999999998,0.017849999999999998,0.018352359865656365,0.0005023598656563669,False
latest,2026-07-20,liquid,free,1W,25C,0.019178082191780823,1.0018461594926413,0.019725,0.019725,0.019725,0.0188015758986924,-0.0009234241013076003,False
latest,2026-07-20,liquid,free,1W,10C,0.019178082191780823,1.0039332133567054,0.022099999999999998,0.022099999999999998,0.022099999999999998,0.019633478133615916,-0.002466521866384082,False
latest,2026-07-20,liquid,free,2W,10P,0.038356164383561646,0.9955596074763742,0.017766999999999998,0.017766999999999998,0.017766999999999998,0.01916633785214768,0.0013993378521476828,False
latest,2026-07-20,liquid,free,2W,25P,0.038356164383561646,0.9976168501561157,0.018142000000000002,0.018142000000000002,0.018142000000000002,0.018651344663249362,0.0005093446632493601,False
latest,2026-07-20,liquid,free,2W,ATM,0.038356164383561646,1.0,0.018517,0.018517,0.018517,0.01859072767958881,7.372767958881143e-05,False
latest,2026-07-20,liquid,free,2W,25C,0.038356164383561646,1.0026673691078,0.020142000000000004,0.020142000000000004,0.020142000000000004,0.019311505236445276,-0.0008304947635547275,False
latest,2026-07-20,liquid,free,2W,10C,0.038356164383561646,1.0054836849407882,0.021766999999999998,0.021766999999999998,0.021766999999999998,0.020519135580176758,-0.00124786441982324,False
latest,2026-07-20,liquid,free,3W,10P,0.057534246575342465,0.9941927553530431,0.0178,0.019,0.0202,0.019830557738079423,0.0008305577380794231,True
latest,2026-07-20,liquid,free,3W,25P,0.057534246575342465,0.9969334142016364,0.01675,0.0191,0.02145,0.019033975079386752,-6.602492061324669e-05,True
latest,2026-07-20,liquid,free,3W,ATM,0.057534246575342465,1.0,0.0175,0.0195,0.0215,0.01886671103123964,-0.0006332889687603593,True
latest,2026-07-20,liquid,free,3W,25C,0.057534246575342465,1.0035047166467876,0.01825,0.0216,0.02495,0.01985992068281952,-0.0017400793171804818,True
latest,2026-07-20,liquid,free,3W,10C,0.057534246575342465,1.006947933063049,0.0178,0.0225,0.027200000000000002,0.021357326977801336,-0.0011426730221986633,True
latest,2026-07-20,liquid,free,1M,10P,0.08493150684931507,0.9931881379151511,0.018369,0.018369,0.018369,0.020467498299151243,0.0020984982991512427,False
latest,2026-07-20,liquid,free,1M,25P,0.08493150684931507,0.9963284759749207,0.018869,0.018869,0.018869,0.01954604584883279,0.0006770458488327899,False
latest,2026-07-20,liquid,free,1M,ATM,0.08493150684931507,1.0,0.019018999999999998,0.019018999999999998,0.019018999999999998,0.019304768341267323,0.00028576834126732564,False
latest,2026-07-20,liquid,free,1M,25C,0.08493150684931507,1.0041118030183545,0.020869,0.020869,0.020869,0.020426228693253792,-0.00044277130674620635,False
latest,2026-07-20,liquid,free,1M,10C,0.08493150684931507,1.0080195249148975,0.021369,0.021369,0.021369,0.02206400875453523,0.0006950087545352299,False
latest,2026-07-20,liquid,free,2M,10P,0.1643835616438356,0.9885418521153272,0.022324999999999998,0.022324999999999998,0.022324999999999998,0.02280581928197357,0.00048081928197357335,False
latest,2026-07-20,liquid,free,2M,25P,0.1643835616438356,0.9943279071942173,0.021099999999999997,0.021099999999999997,0.021099999999999997,0.021133781930708716,3.3781930708718516e-05,False
latest,2026-07-20,liquid,free,2M,ATM,0.1643835616438356,1.0,0.02105,0.02105,0.02105,0.020679708833227887,-0.00037029116677211177,False
latest,2026-07-20,liquid,free,2M,25C,0.1643835616438356,1.0062620807597638,0.022850000000000002,0.022850000000000002,0.022850000000000002,0.022194959666313116,-0.0006550403336868862,False
latest,2026-07-20,liquid,free,2M,10C,0.1643835616438356,1.0128625128071918,0.024575,0.024575,0.024575,0.024639067592898776,6.40675928987762e-05,False
latest,2026-07-20,liquid,free,3M,10P,0.25205479452054796,0.9842082472168118,0.024975,0.024975,0.024975,0.02486463412549211,-0.00011036587450789087,False
latest,2026-07-20,liquid,free,3M,25P,0.25205479452054796,0.9924770396311086,0.022763,0.022763,0.022763,0.02272496365046168,-3.8036349538320136e-05,False
latest,2026-07-20,liquid,free,3M,ATM,0.25205479452054796,1.0,0.0225,0.0225,0.0225,0.022169102886388042,-0.0003308971136119568,False
latest,2026-07-20,liquid,free,3M,25C,0.25205479452054796,1.0082264598710262,0.024263,0.024263,0.024263,0.023879207441987717,-0.00038379255801228307,False
latest,2026-07-20,liquid,free,3M,10C,0.25205479452054796,1.0173561578626487,0.026725,0.026725,0.026725,0.02681379124244965,8.879124244965189e-05,False
latest,2026-07-20,liquid,free,6M,10P,0.5041095890410959,0.9740968540362355,0.02785,0.02935,0.03085,0.029128194988011284,-0.00022180501198871758,True
latest,2026-07-20,liquid,free,6M,25P,0.5041095890410959,0.987775944560131,0.02665,0.026699999999999998,0.02675,0.026486605373295793,-0.0002133946267042046,False
latest,2026-07-20,liquid,free,6M,ATM,0.5041095890410959,1.0,0.025249999999999998,0.0255,0.025750000000000002,0.025830017964974708,0.00033001796497470967,False
latest,2026-07-20,liquid,free,6M,25C,0.5041095890410959,1.0129827958376083,0.02665,0.027200000000000002,0.02775,0.02775126650966143,0.0005512665096614293,False
latest,2026-07-20,liquid,free,6M,10C,0.5041095890410959,1.0279797103602637,0.02785,0.030350000000000002,0.032850000000000004,0.03127634956863412,0.0009263495686341189,True
latest,2026-07-20,liquid,free,9M,10P,0.7506849315068493,0.964620275283554,0.031,0.033275,0.03515,0.03229515786719251,-0.0009798421328074888,True
latest,2026-07-20,liquid,free,9M,25P,0.7506849315068493,0.9834937515794964,0.029825,0.030163000000000002,0.0301,0.029318722812132943,-0.0008442771878670596,False
latest,2026-07-20,liquid,free,9M,ATM,0.7506849315068493,1.0,0.027999999999999997,0.0285,0.0286,0.02862449360682692,0.0001244936068269184,False
latest,2026-07-20,liquid,free,9M,25C,0.7506849315068493,1.0175524644577503,0.029575,0.030288,0.030600000000000002,0.030708659071451684,0.00042065907145168516,False
latest,2026-07-20,liquid,free,9M,10C,0.7506849315068493,1.0384114879897974,0.031,0.034025,0.03665,0.03467438753742159,0.0006493875374215877,True
latest,2026-07-20,liquid,free,1Y,10P,1.0,0.9565890175826571,0.0338,0.035796,0.03785,0.03463712918405667,-0.001158870815943333,True
latest,2026-07-20,liquid,free,1Y,25P,1.0,0.97997771643909,0.032345,0.032345,0.032395,0.03153761719587947,-0.0008073828041205294,False
latest,2026-07-20,liquid,free,1Y,ATM,1.0,1.0,0.0305,0.030600000000000002,0.030750000000000003,0.03088431379961549,0.00028431379961548625,False
latest,2026-07-20,liquid,free,1Y,25C,1.0,1.0214994991106199,0.032095,0.032345,0.032645,0.033016099063662284,0.0006710990636622852,False
latest,2026-07-20,liquid,free,1Y,10C,1.0,1.0473987146854116,0.0338,0.036296,0.038849999999999996,0.03716967466288505,0.0008736746628850503,True
latest,2026-07-20,liquid,hard_feller,1W,10P,0.019178082191780823,0.997061920339559,0.0166,0.0166,0.0166,0.018325199486301853,0.0017251994863018531,False
latest,2026-07-20,liquid,hard_feller,1W,25P,0.019178082191780823,0.9983967038350526,0.017225,0.017225,0.017225,0.018247922162143063,0.001022922162143062,False
latest,2026-07-20,liquid,hard_feller,1W,ATM,0.019178082191780823,1.0,0.017849999999999998,0.017849999999999998,0.017849999999999998,0.01833563322165553,0.0004856332216555334,False
latest,2026-07-20,liquid,hard_feller,1W,25C,0.019178082191780823,1.0018461594926413,0.019725,0.019725,0.019725,0.018671038442496988,-0.0010539615575030116,False
latest,2026-07-20,liquid,hard_feller,1W,10C,0.019178082191780823,1.0039332133567054,0.022099999999999998,0.022099999999999998,0.022099999999999998,0.019262164229645024,-0.0028378357703549746,False
latest,2026-07-20,liquid,hard_feller,2W,10P,0.038356164383561646,0.9955596074763742,0.017766999999999998,0.017766999999999998,0.017766999999999998,0.01892023954222778,0.0011532395422277804,False
latest,2026-07-20,liquid,hard_feller,2W,25P,0.038356164383561646,0.9976168501561157,0.018142000000000002,0.018142000000000002,0.018142000000000002,0.018680366618781193,0.0005383666187811914,False
latest,2026-07-20,liquid,hard_feller,2W,ATM,0.038356164383561646,1.0,0.018517,0.018517,0.018517,0.018745693517951446,0.00022869351795144766,False
latest,2026-07-20,liquid,hard_feller,2W,25C,0.038356164383561646,1.0026673691078,0.020142000000000004,0.020142000000000004,0.020142000000000004,0.0192613537056143,-0.0008806462943857021,False
latest,2026-07-20,liquid,hard_feller,2W,10C,0.038356164383561646,1.0054836849407882,0.021766999999999998,0.021766999999999998,0.021766999999999998,0.020110663046985035,-0.0016563369530149634,False
latest,2026-07-20,liquid,hard_feller,3W,10P,0.057534246575342465,0.9941927553530431,0.0178,0.019,0.0202,0.019538335540494948,0.0005383355404949483,True
latest,2026-07-20,liquid,hard_feller,3W,25P,0.057534246575342465,0.9969334142016364,0.01675,0.0191,0.02145,0.01913219898362211,3.219898362211149e-05,True
latest,2026-07-20,liquid,hard_feller,3W,ATM,0.057534246575342465,1.0,0.0175,0.0195,0.0215,0.019160522552946074,-0.00033947744705392635,True
latest,2026-07-20,liquid,hard_feller,3W,25C,0.057534246575342465,1.0035047166467876,0.01825,0.0216,0.02495,0.019857459912103356,-0.0017425400878966456,True
latest,2026-07-20,liquid,hard_feller,3W,10C,0.057534246575342465,1.006947933063049,0.0178,0.0225,0.027200000000000002,0.020912044021672183,-0.0015879559783278166,True
latest,2026-07-20,liquid,hard_feller,1M,10P,0.08493150684931507,0.9931881379151511,0.018369,0.018369,0.018369,0.020231375744146258,0.001862375744146258,False
latest,2026-07-20,liquid,hard_feller,1M,25P,0.08493150684931507,0.9963284759749207,0.018869,0.018869,0.018869,0.019751977003501838,0.0008829770035018378,False
latest,2026-07-20,liquid,hard_feller,1M,ATM,0.08493150684931507,1.0,0.019018999999999998,0.019018999999999998,0.019018999999999998,0.019753496341376908,0.0007344963413769105,False
latest,2026-07-20,liquid,hard_feller,1M,25C,0.08493150684931507,1.0041118030183545,0.020869,0.020869,0.020869,0.02053484315086189,-0.00033415684913810917,False
latest,2026-07-20,liquid,hard_feller,1M,10C,0.08493150684931507,1.0080195249148975,0.021369,0.021369,0.021369,0.02168070017404712,0.000311700174047122,False
latest,2026-07-20,liquid,hard_feller,2M,10P,0.1643835616438356,0.9885418521153272,0.022324999999999998,0.022324999999999998,0.022324999999999998,0.022438608737291452,0.00011360873729145474,False
latest,2026-07-20,liquid,hard_feller,2M,25P,0.1643835616438356,0.9943279071942173,0.021099999999999997,0.021099999999999997,0.021099999999999997,0.021493428414684233,0.0003934284146842361,False
latest,2026-07-20,liquid,hard_feller,2M,ATM,0.1643835616438356,1.0,0.02105,0.02105,0.02105,0.02140934262387694,0.00035934262387694177,False
latest,2026-07-20,liquid,hard_feller,2M,25C,0.1643835616438356,1.0062620807597638,0.022850000000000002,0.022850000000000002,0.022850000000000002,0.022460156426231653,-0.00038984357376834963,False
latest,2026-07-20,liquid,hard_feller,2M,10C,0.1643835616438356,1.0128625128071918,0.024575,0.024575,0.024575,0.024184302186752406,-0.00039069781324759315,False
latest,2026-07-20,liquid,hard_feller,3M,10P,0.25205479452054796,0.9842082472168118,0.024975,0.024975,0.024975,0.024416711405496085,-0.0005582885945039154,False
latest,2026-07-20,liquid,hard_feller,3M,25P,0.25205479452054796,0.9924770396311086,0.022763,0.022763,0.022763,0.023183053675654427,0.00042005367565442833,False
latest,2026-07-20,liquid,hard_feller,3M,ATM,0.25205479452054796,1.0,0.0225,0.0225,0.0225,0.023062319597548297,0.0005623195975482977,False
latest,2026-07-20,liquid,hard_feller,3M,25C,0.25205479452054796,1.0082264598710262,0.024263,0.024263,0.024263,0.02424787217721626,-1.5127822783740641e-05,False
latest,2026-07-20,liquid,hard_feller,3M,10C,0.25205479452054796,1.0173561578626487,0.026725,0.026725,0.026725,0.026321035227896524,-0.0004039647721034746,False
latest,2026-07-20,liquid,hard_feller,6M,10P,0.5041095890410959,0.9740968540362355,0.02785,0.02935,0.03085,0.028503804330384973,-0.0008461956696150276,True
latest,2026-07-20,liquid,hard_feller,6M,25P,0.5041095890410959,0.987775944560131,0.02665,0.026699999999999998,0.02675,0.02699276668124172,0.0002927666812417226,False
latest,2026-07-20,liquid,hard_feller,6M,ATM,0.5041095890410959,1.0,0.025249999999999998,0.0255,0.025750000000000002,0.02685548311137585,0.0013554831113758506,False
latest,2026-07-20,liquid,hard_feller,6M,25C,0.5041095890410959,1.0129827958376083,0.02665,0.027200000000000002,0.02775,0.02818485504534576,0.0009848550453457582,False
latest,2026-07-20,liquid,hard_feller,6M,10C,0.5041095890410959,1.0279797103602637,0.02785,0.030350000000000002,0.032850000000000004,0.030655266596814723,0.0003052665968147211,True
latest,2026-07-20,liquid,hard_feller,9M,10P,0.7506849315068493,0.964620275283554,0.031,0.033275,0.03515,0.031382544874315264,-0.0018924551256847347,True
latest,2026-07-20,liquid,hard_feller,9M,25P,0.7506849315068493,0.9834937515794964,0.029825,0.030163000000000002,0.0301,0.029701056854781346,-0.0004619431452186559,False
latest,2026-07-20,liquid,hard_feller,9M,ATM,0.7506849315068493,1.0,0.027999999999999997,0.0285,0.0286,0.029570722591320805,0.0010707225913208045,False
latest,2026-07-20,liquid,hard_feller,9M,25C,0.7506849315068493,1.0175524644577503,0.029575,0.030288,0.030600000000000002,0.031008114454516688,0.000720114454516689,False
latest,2026-07-20,liquid,hard_feller,9M,10C,0.7506849315068493,1.0384114879897974,0.031,0.034025,0.03665,0.033769028658141784,-0.000255971341858216,True
latest,2026-07-20,liquid,hard_feller,1Y,10P,1.0,0.9565890175826571,0.0338,0.035796,0.03785,0.03346318340817488,-0.002332816591825118,False
latest,2026-07-20,liquid,hard_feller,1Y,25P,1.0,0.97997771643909,0.032345,0.032345,0.032395,0.031752469889609544,-0.0005925301103904546,False
latest,2026-07-20,liquid,hard_feller,1Y,ATM,1.0,1.0,0.0305,0.030600000000000002,0.030750000000000003,0.03166097791489987,0.0010609779148998688,False
latest,2026-07-20,liquid,hard_feller,1Y,25C,1.0,1.0214994991106199,0.032095,0.032345,0.032645,0.0331269365622309,0.0007819365622309046,False
latest,2026-07-20,liquid,hard_feller,1Y,10C,1.0,1.0473987146854116,0.0338,0.036296,0.038849999999999996,0.03599213556967965,-0.0003038644303203497,True
latest,2026-07-20,full,free,1W,10P,0.019178082191780823,0.997061920339559,0.0166,0.0166,0.0166,0.018811428597007806,0.0022114285970078057,False
latest,2026-07-20,full,free,1W,25P,0.019178082191780823,0.9983967038350526,0.017225,0.017225,0.017225,0.01830077172934107,0.0010757717293410698,False
latest,2026-07-20,full,free,1W,ATM,0.019178082191780823,1.0,0.017849999999999998,0.017849999999999998,0.017849999999999998,0.018079375219678825,0.00022937521967882762,False
latest,2026-07-20,full,free,1W,25C,0.019178082191780823,1.0018461594926413,0.019725,0.019725,0.019725,0.018502437908019698,-0.0012225620919803018,False
latest,2026-07-20,full,free,1W,10C,0.019178082191780823,1.0039332133567054,0.022099999999999998,0.022099999999999998,0.022099999999999998,0.019503681360379495,-0.0025963186396205026,False
latest,2026-07-20,full,free,2W,10P,0.038356164383561646,0.9955596074763742,0.017766999999999998,0.017766999999999998,0.017766999999999998,0.01966750654506332,0.0019005065450633206,False
latest,2026-07-20,full,free,2W,25P,0.038356164383561646,0.9976168501561157,0.018142000000000002,0.018142000000000002,0.018142000000000002,0.018726236753388248,0.000584236753388246,False
latest,2026-07-20,full,free,2W,ATM,0.038356164383561646,1.0,0.018517,0.018517,0.018517,0.018271032666470226,-0.00024596733352977296,False
latest,2026-07-20,full,free,2W,25C,0.038356164383561646,1.0026673691078,0.020142000000000004,0.020142000000000004,0.020142000000000004,0.01899650825993731,-0.0011454917400626936,False
latest,2026-07-20,full,free,2W,10C,0.038356164383561646,1.0054836849407882,0.021766999999999998,0.021766999999999998,0.021766999999999998,0.020454058591780743,-0.001312941408219255,False
latest,2026-07-20,full,free,3W,10P,0.057534246575342465,0.9941927553530431,0.0178,0.019,0.0202,0.02049227898579033,0.001492278985790331,False
latest,2026-07-20,full,free,3W,25P,0.057534246575342465,0.9969334142016364,0.01675,0.0191,0.02145,0.01919327316407418,9.327316407418268e-05,True
latest,2026-07-20,full,free,3W,ATM,0.057534246575342465,1.0,0.0175,0.0195,0.0215,0.018544015931961044,-0.0009559840680389564,True
latest,2026-07-20,full,free,3W,25C,0.057534246575342465,1.0035047166467876,0.01825,0.0216,0.02495,0.019559068691262067,-0.002040931308737934,True
latest,2026-07-20,full,free,3W,10C,0.057534246575342465,1.006947933063049,0.0178,0.0225,0.027200000000000002,0.02134222486670312,-0.0011577751332968803,True
latest,2026-07-20,full,free,1M,10P,0.08493150684931507,0.9931881379151511,0.018369,0.018369,0.018369,0.021174552466335372,0.0028055524663353724,False
latest,2026-07-20,full,free,1M,25P,0.08493150684931507,0.9963284759749207,0.018869,0.018869,0.018869,0.019759730422034348,0.0008907304220343477,False
latest,2026-07-20,full,free,1M,ATM,0.08493150684931507,1.0,0.019018999999999998,0.019018999999999998,0.019018999999999998,0.019011186921083185,-7.813078916812932e-06,False
latest,2026-07-20,full,free,1M,25C,0.08493150684931507,1.0041118030183545,0.020869,0.020869,0.020869,0.020124948860583726,-0.0007440511394162727,False
latest,2026-07-20,full,free,1M,10C,0.08493150684931507,1.0080195249148975,0.021369,0.021369,0.021369,0.02203049609178092,0.0006614960917809207,False
latest,2026-07-20,full,free,2M,10P,0.1643835616438356,0.9885418521153272,0.022324999999999998,0.022324999999999998,0.022324999999999998,0.02379327411037404,0.0014682741103740418,False
latest,2026-07-20,full,free,2M,25P,0.1643835616438356,0.9943279071942173,0.021099999999999997,0.021099999999999997,0.021099999999999997,0.021526100401036752,0.0004261004010367546,False
latest,2026-07-20,full,free,2M,ATM,0.1643835616438356,1.0,0.02105,0.02105,0.02105,0.020501917692659053,-0.0005480823073409462,False
latest,2026-07-20,full,free,2M,25C,0.1643835616438356,1.0062620807597638,0.022850000000000002,0.022850000000000002,0.022850000000000002,0.021942628149169557,-0.0009073718508304449,False
latest,2026-07-20,full,free,2M,10C,0.1643835616438356,1.0128625128071918,0.024575,0.024575,0.024575,0.024655416489672483,8.041648967248294e-05,False
latest,2026-07-20,full,free,3M,10P,0.25205479452054796,0.9842082472168118,0.024975,0.024975,0.024975,0.02596286369439727,0.0009878636943972709,False
latest,2026-07-20,full,free,3M,25P,0.25205479452054796,0.9924770396311086,0.022763,0.022763,0.022763,0.023205186469632676,0.00044218646963267716,False
latest,2026-07-20,full,free,3M,ATM,0.25205479452054796,1.0,0.0225,0.0225,0.0225,0.022066499272890554,-0.00043350072710944543,False
latest,2026-07-20,full,free,3M,25C,0.25205479452054796,1.0082264598710262,0.024263,0.024263,0.024263,0.023634367822431807,-0.0006286321775681933,False
latest,2026-07-20,full,free,3M,10C,0.25205479452054796,1.0173561578626487,0.026725,0.026725,0.026725,0.02679225016417301,6.725016417300986e-05,False
latest,2026-07-20,full,free,6M,10P,0.5041095890410959,0.9740968540362355,0.02785,0.02935,0.03085,0.03014799996828683,0.0007979999682868298,True
latest,2026-07-20,full,free,6M,25P,0.5041095890410959,0.987775944560131,0.02665,0.026699999999999998,0.02675,0.026914401379188622,0.00021440137918862442,False
latest,2026-07-20,full,free,6M,ATM,0.5041095890410959,1.0,0.025249999999999998,0.0255,0.025750000000000002,0.025657191587213957,0.00015719158721395898,True
latest,2026-07-20,full,free,6M,25C,0.5041095890410959,1.0129827958376083,0.02665,0.027200000000000002,0.02775,0.02731056044580962,0.00011056044580961752,True
latest,2026-07-20,full,free,6M,10C,0.5041095890410959,1.0279797103602637,0.02785,0.030350000000000002,0.032850000000000004,0.03092574532134935,0.0005757453213493489,True
latest,2026-07-20,full,free,9M,10P,0.7506849315068493,0.964620275283554,0.031,0.033275,0.03515,0.03304266669205621,-0.00023233330794378976,True
latest,2026-07-20,full,free,9M,25P,0.7506849315068493,0.9834937515794964,0.029825,0.030163000000000002,0.0301,0.02948545385459317,-0.0006775461454068335,False
latest,2026-07-20,full,free,9M,ATM,0.7506849315068493,1.0,0.027999999999999997,0.0285,0.0286,0.02817197151350865,-0.0003280284864913517,True
latest,2026-07-20,full,free,9M,25C,0.7506849315068493,1.0175524644577503,0.029575,0.030288,0.030600000000000002,0.029905704242378508,-0.0003822957576214911,True
latest,2026-07-20,full,free,9M,10C,0.7506849315068493,1.0384114879897974,0.031,0.034025,0.03665,0.03386644779438322,-0.00015855220561677985,True
latest,2026-07-20,full,free,1Y,10P,1.0,0.9565890175826571,0.0338,0.035796,0.03785,0.03499547565291303,-0.0008005243470869741,True
latest,2026-07-20,full,free,1Y,25P,1.0,0.97997771643909,0.032345,0.032345,0.032395,0.03133699863673576,-0.0010080013632642396,False
latest,2026-07-20,full,free,1Y,ATM,1.0,1.0,0.0305,0.030600000000000002,0.030750000000000003,0.030067970459133102,-0.0005320295408668997,False
latest,2026-07-20,full,free,1Y,25C,1.0,1.0214994991106199,0.032095,0.032345,0.032645,0.031785987370355255,-0.0005590126296447437,False
latest,2026-07-20,full,free,1Y,10C,1.0,1.0473987146854116,0.0338,0.036296,0.038849999999999996,0.035840249480960096,-0.0004557505190399061,True
latest,2026-07-20,full,free,18M,10P,1.5041095890410958,0.944632383978826,0.037000000000000005,0.038,0.039,0.037220314358157223,-0.0007796856418427756,True
latest,2026-07-20,full,free,18M,25P,1.5041095890410958,0.9736534389904002,0.0335,0.03615,0.0388,0.033871677093543856,-0.0022783229064561455,True
latest,2026-07-20,full,free,18M,ATM,1.5041095890410958,1.0,0.0305,0.03225,0.034,0.032702670720166895,0.00045267072016689364,True
latest,2026-07-20,full,free,18M,25C,1.5041095890410958,1.0257221552303548,0.029500000000000002,0.03215,0.0348,0.03407153853424109,0.0019215385342410893,True
latest,2026-07-20,full,free,18M,10C,1.5041095890410958,1.0609146072074138,0.032,0.038,0.044000000000000004,0.038044157077890106,4.415707789010709e-05,True
latest,2026-07-20,full,free,2Y,10P,2.0027397260273974,0.935779560162769,0.038900000000000004,0.038900000000000004,0.038900000000000004,0.0383909477975546,-0.0005090522024454036,False
latest,2026-07-20,full,free,2Y,25P,2.0027397260273974,0.9698443502318139,0.03725,0.03725,0.03725,0.03535099702882944,-0.0018990029711705575,False
latest,2026-07-20,full,free,2Y,ATM,2.0027397260273974,1.0,0.03315,0.03315,0.03315,0.034392718876377855,0.001242718876377856,False
latest,2026-07-20,full,free,2Y,25C,2.0027397260273974,1.0301238115507079,0.03325,0.03325,0.03325,0.03559753744920361,0.0023475374492036086,False
latest,2026-07-20,full,free,2Y,10C,2.0027397260273974,1.07187120267224,0.038900000000000004,0.038900000000000004,0.038900000000000004,0.03925440606668289,0.000354406066682883,False
latest,2026-07-20,full,free,3Y,10P,3.0,0.9204998237939461,0.039,0.04075,0.0425,0.03969725080530123,-0.0010527491946987697,True
latest,2026-07-20,full,free,3Y,25P,3.0,0.9642361406627777,0.0355,0.039,0.0425,0.037100230519610845,-0.0018997694803891546,True
latest,2026-07-20,full,free,3Y,ATM,3.0,1.0,0.0325,0.03475,0.037000000000000005,0.03643662164934465,0.0016866216493446468,True
latest,2026-07-20,full,free,3Y,25C,3.0,1.0372456303179831,0.0315,0.035,0.0385,0.03739469027185337,0.002394690271853364,True
latest,2026-07-20,full,free,3Y,10C,3.0,1.0917917535213932,0.034,0.04075,0.0475,0.04060627000182558,-0.00014372999817442028,True
latest,2026-07-20,full,hard_feller,1W,10P,0.019178082191780823,0.997061920339559,0.0166,0.0166,0.0166,0.018587950379679696,0.001987950379679696,False
latest,2026-07-20,full,hard_feller,1W,25P,0.019178082191780823,0.9983967038350526,0.017225,0.017225,0.017225,0.018400767171271117,0.0011757671712711165,False
latest,2026-07-20,full,hard_feller,1W,ATM,0.019178082191780823,1.0,0.017849999999999998,0.017849999999999998,0.017849999999999998,0.018352351713196477,0.0005023517131964791,False
latest,2026-07-20,full,hard_feller,1W,25C,0.019178082191780823,1.0018461594926413,0.019725,0.019725,0.019725,0.018552223394596307,-0.0011727766054036928,False
latest,2026-07-20,full,hard_feller,1W,10C,0.019178082191780823,1.0039332133567054,0.022099999999999998,0.022099999999999998,0.022099999999999998,0.019035060321603615,-0.0030649396783963834,False
latest,2026-07-20,full,hard_feller,2W,10P,0.038356164383561646,0.9955596074763742,0.017766999999999998,0.017766999999999998,0.017766999999999998,0.019282997151327665,0.0015159971513276672,False
latest,2026-07-20,full,hard_feller,2W,25P,0.038356164383561646,0.9976168501561157,0.018142000000000002,0.018142000000000002,0.018142000000000002,0.018895318895551443,0.0007533188955514414,False
latest,2026-07-20,full,hard_feller,2W,ATM,0.038356164383561646,1.0,0.018517,0.018517,0.018517,0.018769131859824213,0.0002521318598242145,False
latest,2026-07-20,full,hard_feller,2W,25C,0.038356164383561646,1.0026673691078,0.020142000000000004,0.020142000000000004,0.020142000000000004,0.019105097104318385,-0.0010369028956816184,False
latest,2026-07-20,full,hard_feller,2W,10C,0.038356164383561646,1.0054836849407882,0.021766999999999998,0.021766999999999998,0.021766999999999998,0.019836495826305835,-0.0019305041736941628,False
latest,2026-07-20,full,hard_feller,3W,10P,0.057534246575342465,0.9941927553530431,0.0178,0.019,0.0202,0.019971495220408815,0.0009714952204088155,True
latest,2026-07-20,full,hard_feller,3W,25P,0.057534246575342465,0.9969334142016364,0.01675,0.0191,0.02145,0.01939392414602691,0.0002939241460269103,True
latest,2026-07-20,full,hard_feller,3W,ATM,0.057534246575342465,1.0,0.0175,0.0195,0.0215,0.019191350908256858,-0.000308649091743142,True
latest,2026-07-20,full,hard_feller,3W,25C,0.057534246575342465,1.0035047166467876,0.01825,0.0216,0.02495,0.019670514628625936,-0.001929485371374065,True
latest,2026-07-20,full,hard_feller,3W,10C,0.057534246575342465,1.006947933063049,0.0178,0.0225,0.027200000000000002,0.020602764444370057,-0.001897235555629942,True
latest,2026-07-20,full,hard_feller,1M,10P,0.08493150684931507,0.9931881379151511,0.018369,0.018369,0.018369,0.020697507135966926,0.0023285071359669257,False
latest,2026-07-20,full,hard_feller,1M,25P,0.08493150684931507,0.9963284759749207,0.018869,0.018869,0.018869,0.02004551380580512,0.001176513805805121,False
latest,2026-07-20,full,hard_feller,1M,ATM,0.08493150684931507,1.0,0.019018999999999998,0.019018999999999998,0.019018999999999998,0.019794152756883267,0.000775152756883269,False
latest,2026-07-20,full,hard_feller,1M,25C,0.08493150684931507,1.0041118030183545,0.020869,0.020869,0.020869,0.020337134015788145,-0.0005318659842118538,False
latest,2026-07-20,full,hard_feller,1M,10C,0.08493150684931507,1.0080195249148975,0.021369,0.021369,0.021369,0.021352277222606866,-1.672277739313277e-05,False
latest,2026-07-20,full,hard_feller,2M,10P,0.1643835616438356,0.9885418521153272,0.022324999999999998,0.022324999999999998,0.022324999999999998,0.023021672567851325,0.0006966725678513273,False
latest,2026-07-20,full,hard_feller,2M,25P,0.1643835616438356,0.9943279071942173,0.021099999999999997,0.021099999999999997,0.021099999999999997,0.02185692445406501,0.0007569244540650139,False
latest,2026-07-20,full,hard_feller,2M,ATM,0.1643835616438356,1.0,0.02105,0.02105,0.02105,0.021464548005359085,0.0004145480053590854,False
latest,2026-07-20,full,hard_feller,2M,25C,0.1643835616438356,1.0062620807597638,0.022850000000000002,0.022850000000000002,0.022850000000000002,0.02221307641299225,-0.0006369235870077525,False
latest,2026-07-20,full,hard_feller,2M,10C,0.1643835616438356,1.0128625128071918,0.024575,0.024575,0.024575,0.023761453611733273,-0.0008135463882667261,False
latest,2026-07-20,full,hard_feller,3M,10P,0.25205479452054796,0.9842082472168118,0.024975,0.024975,0.024975,0.02504369675408703,6.869675408702897e-05,False
latest,2026-07-20,full,hard_feller,3M,25P,0.25205479452054796,0.9924770396311086,0.022763,0.022763,0.022763,0.0235667279944493,0.0008037279944493013,False
latest,2026-07-20,full,hard_feller,3M,ATM,0.25205479452054796,1.0,0.0225,0.0225,0.0225,0.023108461641712978,0.000608461641712979,False
latest,2026-07-20,full,hard_feller,3M,25C,0.25205479452054796,1.0082264598710262,0.024263,0.024263,0.024263,0.023950685520948162,-0.00031231447905183743,False
latest,2026-07-20,full,hard_feller,3M,10C,0.25205479452054796,1.0173561578626487,0.026725,0.026725,0.026725,0.02580662238585265,-0.000918377614147349,False
latest,2026-07-20,full,hard_feller,6M,10P,0.5041095890410959,0.9740968540362355,0.02785,0.02935,0.03085,0.029090106969250625,-0.0002598930307493759,True
latest,2026-07-20,full,hard_feller,6M,25P,0.5041095890410959,0.987775944560131,0.02665,0.026699999999999998,0.02675,0.027309646294975808,0.0006096462949758095,False
latest,2026-07-20,full,hard_feller,6M,ATM,0.5041095890410959,1.0,0.025249999999999998,0.0255,0.025750000000000002,0.026785357052629355,0.0012853570526293566,False
latest,2026-07-20,full,hard_feller,6M,25C,0.5041095890410959,1.0129827958376083,0.02665,0.027200000000000002,0.02775,0.027705632899070506,0.0005056328990705045,True
latest,2026-07-20,full,hard_feller,6M,10C,0.5041095890410959,1.0279797103602637,0.02785,0.030350000000000002,0.032850000000000004,0.029876768115940793,-0.0004732318840592088,True
latest,2026-07-20,full,hard_feller,9M,10P,0.7506849315068493,0.964620275283554,0.031,0.033275,0.03515,0.03185285663408636,-0.0014221433659136404,True
latest,2026-07-20,full,hard_feller,9M,25P,0.7506849315068493,0.9834937515794964,0.029825,0.030163000000000002,0.0301,0.029879873401530956,-0.00028312659846904675,True
latest,2026-07-20,full,hard_feller,9M,ATM,0.7506849315068493,1.0,0.027999999999999997,0.0285,0.0286,0.029328935326384472,0.0008289353263844709,False
latest,2026-07-20,full,hard_feller,9M,25C,0.7506849315068493,1.0175524644577503,0.029575,0.030288,0.030600000000000002,0.030307012687056586,1.9012687056587513e-05,True
latest,2026-07-20,full,hard_feller,9M,10C,0.7506849315068493,1.0384114879897974,0.031,0.034025,0.03665,0.03270494933349267,-0.0013200506665073317,True
latest,2026-07-20,full,hard_feller,1Y,10P,1.0,0.9565890175826571,0.0338,0.035796,0.03785,0.03377630587010652,-0.0020196941298934803,False
latest,2026-07-20,full,hard_feller,1Y,25P,1.0,0.97997771643909,0.032345,0.032345,0.032395,0.03175738773027929,-0.0005876122697207053,False
latest,2026-07-20,full,hard_feller,1Y,ATM,1.0,1.0,0.0305,0.030600000000000002,0.030750000000000003,0.031230570030051065,0.0006305700300510628,False
latest,2026-07-20,full,hard_feller,1Y,25C,1.0,1.0214994991106199,0.032095,0.032345,0.032645,0.032207671568579566,-0.00013732843142043316,True
latest,2026-07-20,full,hard_feller,1Y,10C,1.0,1.0473987146854116,0.0338,0.036296,0.038849999999999996,0.03466114957626712,-0.0016348504237328823,True
latest,2026-07-20,full,hard_feller,18M,10P,1.5041095890410958,0.944632383978826,0.037000000000000005,0.038,0.039,0.036118717891406284,-0.0018812821085937154,False
latest,2026-07-20,full,hard_feller,18M,25P,1.5041095890410958,0.9736534389904002,0.0335,0.03615,0.0388,0.034310880739778817,-0.001839119260221185,True
latest,2026-07-20,full,hard_feller,18M,ATM,1.5041095890410958,1.0,0.0305,0.03225,0.034,0.03383706502393866,0.0015870650239386622,True
latest,2026-07-20,full,hard_feller,18M,25C,1.5041095890410958,1.0257221552303548,0.029500000000000002,0.03215,0.0348,0.034626570703391736,0.002476570703391738,True
latest,2026-07-20,full,hard_feller,18M,10C,1.5041095890410958,1.0609146072074138,0.032,0.038,0.044000000000000004,0.03699734873823212,-0.0010026512617678784,True
latest,2026-07-20,full,hard_feller,2Y,10P,2.0027397260273974,0.935779560162769,0.038900000000000004,0.038900000000000004,0.038900000000000004,0.037438515268992036,-0.0014614847310079684,False
latest,2026-07-20,full,hard_feller,2Y,25P,2.0027397260273974,0.9698443502318139,0.03725,0.03725,0.03725,0.03584298100825816,-0.0014070189917418374,False
latest,2026-07-20,full,hard_feller,2Y,ATM,2.0027397260273974,1.0,0.03315,0.03315,0.03315,0.03547268870694857,0.0023226887069485724,False
latest,2026-07-20,full,hard_feller,2Y,25C,2.0027397260273974,1.0301238115507079,0.03325,0.03325,0.03325,0.036174450283808356,0.002924450283808354,False
latest,2026-07-20,full,hard_feller,2Y,10C,2.0027397260273974,1.07187120267224,0.038900000000000004,0.038900000000000004,0.038900000000000004,0.03833267927346323,-0.0005673207265367713,False
latest,2026-07-20,full,hard_feller,3Y,10P,3.0,0.9204998237939461,0.039,0.04075,0.0425,0.03891872550905165,-0.0018312744909483522,False
latest,2026-07-20,full,hard_feller,3Y,25P,3.0,0.9642361406627777,0.0355,0.039,0.0425,0.03761739549143112,-0.001382604508568877,True
latest,2026-07-20,full,hard_feller,3Y,ATM,3.0,1.0,0.0325,0.03475,0.037000000000000005,0.037386546353188804,0.002636546353188801,False
latest,2026-07-20,full,hard_feller,3Y,25C,3.0,1.0372456303179831,0.0315,0.035,0.0385,0.037952914503416334,0.0029529145034163304,True
latest,2026-07-20,full,hard_feller,3Y,10C,3.0,1.0917917535213932,0.034,0.04075,0.0475,0.03981608555851692,-0.0009339144414830802,True
