Scenario,Reference PV / 100,QA actual N for requested 1001,QA 1001 linear error bp,QA 1001 transition error bp,QA 4001 transition error bp,QA 8001 transition error bp
monthly,1.910364003,1001,-0.06888,-0.00309,-0.01076,-0.00237
daily,1.340686148,1201,-0.31094,-0.25218,-0.02361,-0.00449
weekly,1.547494342,1001,+0.06425,+0.13412,-0.01484,-0.00303
daily_high_carry,-7.518044926,1111,-0.03928,+0.09306,+0.00659,+0.00164
near_ki_above,-17.507693489,1111,-0.05757,-0.06516,+0.00475,-0.00389
near_ki_below_alive,-17.544497589,1111,-0.05744,-0.06522,+0.00474,-0.00388
aged_five_days,-4.563212312,1001,+0.05086,+0.00096,+0.00002,+0.00000
aged_already_ki,-10.192167351,1001,+0.00052,-0.00001,+0.00000,-0.00000
low_spot,-37.626440199,1001,+0.00239,-0.00367,+0.00019,+0.00007
high_spot,1.231461808,1001,+0.06532,+0.04447,+0.00146,+0.00041
low_vol,9.399051487,1001,-1.00999,-0.53687,-0.03516,-0.00887
high_vol,-9.228072702,1001,-0.05023,+0.01210,+0.00091,+0.00014
negative_rate,0.748225757,1001,-0.07544,+0.01154,-0.01258,-0.00273
high_rate,2.673496984,1001,-0.04183,-0.00748,-0.00742,-0.00165
negative_carry,2.691484745,1001,-0.04757,-0.00735,-0.00835,-0.00185
already_ki,-1.912336596,1001,-0.07754,-0.00676,-0.00054,+0.00001
ko_disabled_after_ki,1.905173058,1001,-0.06878,-0.00269,-0.01084,-0.00238
principal_included,100.592206432,1001,-0.04726,+0.01848,-0.00937,-0.00202
step_down,2.524686222,1001,-0.32042,-0.12165,+0.00258,-0.00246
irregular_daily,1.333005318,1201,-0.32312,-0.25852,-0.02417,-0.00463
three_months,2.172687641,1001,-0.01231,-0.00524,-0.00028,-0.00012
three_years,0.860617920,1001,-0.85704,-0.30453,-0.01876,-0.00050
ki_ko_close,-1.912336596,1001,-0.12098,+0.02450,+0.08507,+0.01065
one_day_to_maturity,11.998571514,1001,+0.00000,+0.00000,+0.00000,+0.00000
ki_only_at_maturity,2.780890640,1001,-0.12689,-0.07999,-0.00740,-0.00177
