cell,check,pair,n,measure,mean,median,std,share_positive,t_stat
flat_from_hedge__far,exact_quad,per_date minus exact,40,terminal_pnl_bp,0.8979698921381077,0.0,14.395012646771086,0.45,0.39452971651943614
flat_from_hedge__far,exact_quad,per_date minus exact,40,daily_pnl_std_bp,-0.05208398188505168,-0.018794722635078642,0.33593944162893663,0.425,-0.9805577551065767
flat_from_hedge__far,exact_quad,per_date minus exact,40,variance_reduction_r2,0.00013396702888819335,6.65377847113846e-05,0.0008993823586998404,0.575,0.9420708301743587
flat_from_hedge__far,exact_quad,per_date minus exact,40,max_drawdown_bp,-0.9148630045878171,-0.019899906112016197,7.165255997470892,0.475,-0.8075219761984027
flat_from_hedge__far,exact_quad,per_date minus exact,40,turnover,0.06216180946573502,0.0,0.2082931516746705,0.45,1.8874638921990194
flat_from_hedge__far,exact_quad,per_date minus exact,40,cost_bp,0.06216180946573554,0.0,0.20829315167467272,0.45,1.8874638921990154
flat_from_hedge__far,exact_quad,per_date minus exact,18,roll_day_mtm_jump_bp,-0.015838267203972203,-1.4449052144982488e-05,1.14165321374527,0.5,-0.0588585711002365
flat_from_hedge__far,exact_quad,per_date minus exact,40,other_day_mtm_jump_bp,-0.011275019964959831,-0.006561201941394756,0.055863282004491616,0.4,-1.2765001437000485
flat_from_hedge__far,exact_quad,per_date minus exact,40,delta_churn,0.009423444330395703,0.0,0.034888651185021276,0.45,1.7082659532934037
flat_from_hedge__front,exact_quad,per_date minus exact,40,terminal_pnl_bp,-0.5698166862522129,-0.965252957369124,11.043150231507873,0.375,-0.32634140431873976
flat_from_hedge__front,exact_quad,per_date minus exact,40,daily_pnl_std_bp,-0.020917125214820587,0.02418895746846772,0.1993816747240986,0.575,-0.6635088994342472
flat_from_hedge__front,exact_quad,per_date minus exact,40,variance_reduction_r2,9.230005407111775e-05,-4.608828375185503e-05,0.0007893993479596301,0.425,0.7394949078076913
flat_from_hedge__front,exact_quad,per_date minus exact,40,max_drawdown_bp,0.06557143345590077,0.14953837401549208,5.453540690637275,0.6,0.0760442035460753
flat_from_hedge__front,exact_quad,per_date minus exact,40,turnover,0.07634518269563126,0.05030749905546017,0.21085375063674952,0.625,2.2899726940668472
flat_from_hedge__front,exact_quad,per_date minus exact,40,cost_bp,0.0763451826956344,0.05030749905547793,0.2108537506367527,0.625,2.289972694066907
flat_from_hedge__front,exact_quad,per_date minus exact,40,roll_day_mtm_jump_bp,-0.005958409009057419,-0.0400950179220132,0.26000308659295107,0.45,-0.1449378462878534
flat_from_hedge__front,exact_quad,per_date minus exact,40,other_day_mtm_jump_bp,0.002219517340635235,0.013760524047967237,0.07306154288329576,0.55,0.19213199792012178
flat_from_hedge__front,exact_quad,per_date minus exact,40,delta_churn,0.013919594794715823,0.006535947712418277,0.038034527292073766,0.5,2.3146139464233064
term_flat_q__far,exact_quad,per_date minus exact,40,terminal_pnl_bp,-8.814774220996947,-9.98450351395492,17.773228070152605,0.275,-3.1367136558944115
term_flat_q__far,exact_quad,per_date minus exact,40,daily_pnl_std_bp,0.1955226821819406,0.12644161509751228,0.5392786583819437,0.625,2.2930520253677256
term_flat_q__far,exact_quad,per_date minus exact,40,variance_reduction_r2,-0.001090146052663024,-0.0004033917121940567,0.0028144994744614313,0.375,-2.4497034303527023
term_flat_q__far,exact_quad,per_date minus exact,40,max_drawdown_bp,5.1061998949617715,1.3036524707237618,10.530050549581436,0.65,3.06688401544921
term_flat_q__far,exact_quad,per_date minus exact,40,turnover,0.009720269098547774,-0.01112641789564206,0.19111783771722882,0.375,0.321667408843771
term_flat_q__far,exact_quad,per_date minus exact,40,cost_bp,0.009720269098547807,-0.01112641789564428,0.19111783771722776,0.375,0.32166740884377387
term_flat_q__far,exact_quad,per_date minus exact,18,roll_day_mtm_jump_bp,-0.1944418703402354,-0.04158640334998154,1.1130711253256724,0.4444444444444444,-0.7411449022574229
term_flat_q__far,exact_quad,per_date minus exact,40,other_day_mtm_jump_bp,-0.018138663497896702,-0.01856594900932862,0.06762053266957802,0.375,-1.6965110477609708
term_flat_q__far,exact_quad,per_date minus exact,40,delta_churn,-0.004848596653727261,0.0,0.031392748380052064,0.25,-0.976824882971489
term_flat_q__front,exact_quad,per_date minus exact,40,terminal_pnl_bp,-2.3277320236827976,-2.272407013029188,12.872841272369575,0.4,-1.1436379617528953
term_flat_q__front,exact_quad,per_date minus exact,40,daily_pnl_std_bp,-0.021248582583632648,-0.047055710973005205,0.5273061111581732,0.425,-0.25485734601815996
term_flat_q__front,exact_quad,per_date minus exact,40,variance_reduction_r2,-2.0757088428138836e-05,0.00014227280427492328,0.004432407570972885,0.55,-0.029618069175906377
term_flat_q__front,exact_quad,per_date minus exact,40,max_drawdown_bp,1.6229543118734675,0.1814960662806584,7.281187933271209,0.525,1.4097238557625476
term_flat_q__front,exact_quad,per_date minus exact,40,turnover,0.010466937978426039,-0.014136864155180007,0.1996253299682555,0.35,0.3316148721688587
term_flat_q__front,exact_quad,per_date minus exact,40,cost_bp,0.010466937978427593,-0.014136864155187112,0.19962532996825563,0.35,0.3316148721689077
term_flat_q__front,exact_quad,per_date minus exact,40,roll_day_mtm_jump_bp,-0.025349221150729663,-0.007436744318212618,0.27237710745620947,0.5,-0.5886050887041442
term_flat_q__front,exact_quad,per_date minus exact,40,other_day_mtm_jump_bp,-0.018225134387580156,-0.01322784742087535,0.07111099513384342,0.325,-1.6209289497056232
term_flat_q__front,exact_quad,per_date minus exact,40,delta_churn,-0.004848596653727261,0.0,0.031392748380052064,0.25,-0.976824882971489
term_opt_tail__far,exact_quad,per_date minus exact,40,terminal_pnl_bp,0.07625302631457283,-0.9684814965003401,11.39321773775726,0.375,0.04232926065051611
term_opt_tail__far,exact_quad,per_date minus exact,40,daily_pnl_std_bp,-0.031180773991543377,-0.05083336476920408,0.13477662470093443,0.35,-1.4631953462109997
term_opt_tail__far,exact_quad,per_date minus exact,40,variance_reduction_r2,0.0002890929694696953,0.000147141571638032,0.0017573063617330412,0.675,1.0404471968839717
term_opt_tail__far,exact_quad,per_date minus exact,40,max_drawdown_bp,-0.23793502115069956,-0.2888425498471179,7.393836705375862,0.45,-0.20352535008231548
term_opt_tail__far,exact_quad,per_date minus exact,40,turnover,0.06529615984559665,0.046135296875904785,0.1734464107622869,0.6,2.38096120487044
term_opt_tail__far,exact_quad,per_date minus exact,40,cost_bp,0.06529615984559588,0.046135296875904785,0.17344641076228604,0.6,2.380961204870423
term_opt_tail__far,exact_quad,per_date minus exact,18,roll_day_mtm_jump_bp,-0.192863236193434,-0.03712672256195049,1.1134526157081357,0.4444444444444444,-0.7348758280147989
term_opt_tail__far,exact_quad,per_date minus exact,40,other_day_mtm_jump_bp,-0.01974992800504758,-0.019167414901225754,0.0655651759742306,0.425,-1.9051197588440152
term_opt_tail__far,exact_quad,per_date minus exact,40,delta_churn,0.011981073740376663,0.007633587786259777,0.031202274297536015,0.525,2.4285077089406286
term_opt_tail__front,exact_quad,per_date minus exact,40,terminal_pnl_bp,-0.8867150841392151,-0.5869078784789963,10.40997131115861,0.4,-0.5387218115581301
term_opt_tail__front,exact_quad,per_date minus exact,40,daily_pnl_std_bp,-0.023892134785078588,-0.02696354249745525,0.12345197499163896,0.425,-1.2240154779168644
term_opt_tail__front,exact_quad,per_date minus exact,40,variance_reduction_r2,0.0001673038559414558,0.00012388730826523586,0.0012795191735090715,0.65,0.8269688443241505
term_opt_tail__front,exact_quad,per_date minus exact,40,max_drawdown_bp,0.25933034619904377,-0.03864876799721628,5.947355703942598,0.475,0.275777875483495
term_opt_tail__front,exact_quad,per_date minus exact,40,turnover,0.06530486253258827,0.0304550082638837,0.17301693384083908,0.625,2.387189546164823
term_opt_tail__front,exact_quad,per_date minus exact,40,cost_bp,0.06530486253258878,0.030455008263889027,0.17301693384083866,0.625,2.3871895461648474
term_opt_tail__front,exact_quad,per_date minus exact,40,roll_day_mtm_jump_bp,-0.04395635053514511,-0.008309558845525089,0.32068812830684673,0.475,-0.8668994767827335
term_opt_tail__front,exact_quad,per_date minus exact,40,other_day_mtm_jump_bp,-0.01866161625777547,-0.01738241809250951,0.06924871915348067,0.35,-1.7043842230151112
term_opt_tail__front,exact_quad,per_date minus exact,40,delta_churn,0.011981073740376663,0.007633587786259777,0.031202274297536015,0.525,2.4285077089406286
