variant,base,measure,n,mean,median,std,share_positive,t_stat
flat_from_hedge__far,flat_from_hedge__front,terminal_pnl_bp,2000,258.3002004684323,220.65693809209392,402.86206751634813,0.785,28.6736753554391
flat_from_hedge__far,flat_from_hedge__front,daily_pnl_std_bp,2000,-128.84166746183286,-107.83219248507311,87.81261186131286,0.001,-65.61670827741482
flat_from_hedge__far,flat_from_hedge__front,variance_reduction_r2,2000,0.37664950315933904,0.3714820501549175,0.17997241377121778,0.99,93.59366528544005
flat_from_hedge__far,flat_from_hedge__front,max_drawdown_bp,2000,-868.7672585433802,-651.8121752733625,746.6524167982986,0.025,-52.03552825983593
flat_from_hedge__far,flat_from_hedge__front,turnover,2000,-15.292775577288053,-11.94525733167048,10.620100772661507,0.0,-64.39804383681923
flat_from_hedge__far,flat_from_hedge__front,cost_bp,2000,-15.292775577288054,-11.945257331670472,10.620100772661507,0.0,-64.39804383681924
flat_from_hedge__far,flat_from_hedge__front,roll_day_mtm_jump_bp,877,15.249927334480953,-31.615267953808512,268.6203091193443,0.427594070695553,1.6812361762471142
flat_from_hedge__far,flat_from_hedge__front,other_day_mtm_jump_bp,2000,-49.65468792560937,-43.502391850037846,29.57039619139532,0.0005,-75.09622589061524
flat_from_hedge__far,flat_from_hedge__front,delta_churn,2000,-0.7880723934741094,-0.6836734693877551,0.4895233619591532,0.0025,-71.99588742594517
term_flat_q__far,flat_from_hedge__front,terminal_pnl_bp,2000,283.291982793983,233.5816359974082,426.11350764525605,0.795,29.731990168939163
term_flat_q__far,flat_from_hedge__front,daily_pnl_std_bp,2000,-146.35686254111067,-123.89218670772766,92.64353173022154,0.001,-70.65013336678707
term_flat_q__far,flat_from_hedge__front,variance_reduction_r2,2000,0.41638017833342644,0.4187657908593207,0.1701324921303926,0.989,109.45050784578524
term_flat_q__far,flat_from_hedge__front,max_drawdown_bp,2000,-995.8021598483566,-726.9638030185812,810.5858141367117,0.0115,-54.940051570813445
term_flat_q__far,flat_from_hedge__front,turnover,2000,-15.596175265719852,-12.325117818483385,10.791291122844378,0.0,-64.63380087916354
term_flat_q__far,flat_from_hedge__front,cost_bp,2000,-15.596175265719852,-12.325117818483378,10.791291122844378,0.0,-64.63380087916354
term_flat_q__far,flat_from_hedge__front,roll_day_mtm_jump_bp,877,-68.13810781464097,-92.51652068945467,201.00933417581135,0.26567844925883694,-10.038611353399098
term_flat_q__far,flat_from_hedge__front,other_day_mtm_jump_bp,2000,-54.78420041317532,-49.052325448640254,31.711648751165352,0.0005,-77.2594305506303
term_flat_q__far,flat_from_hedge__front,delta_churn,2000,-0.8500250648859826,-0.7450980392156863,0.5087773429010124,0.001,-74.71692103370764
term_flat_q__front,flat_from_hedge__front,terminal_pnl_bp,2000,121.95320255598685,86.85600627526759,317.9346638679044,0.662,17.15419436631719
term_flat_q__front,flat_from_hedge__front,daily_pnl_std_bp,2000,-126.74884174061569,-104.12436136228942,88.74643067640069,0.001,-63.87164509969318
term_flat_q__front,flat_from_hedge__front,variance_reduction_r2,2000,0.29232712130930877,0.29310712111230736,0.16662665593803017,0.9635,78.45843286413245
term_flat_q__front,flat_from_hedge__front,max_drawdown_bp,2000,-823.3210787334177,-581.3641925583557,775.7003982789736,0.006,-47.46682877670199
term_flat_q__front,flat_from_hedge__front,turnover,2000,-3.362461742345141,-3.081929408815906,1.8684254479632714,0.002,-80.4815951936651
term_flat_q__front,flat_from_hedge__front,cost_bp,2000,-3.362461742345141,-3.0819294088159084,1.868425447963271,0.002,-80.48159519366511
term_flat_q__front,flat_from_hedge__front,roll_day_mtm_jump_bp,2000,-63.84183729018303,-50.00217237132655,81.79802069367877,0.118,-34.904191269841355
term_flat_q__front,flat_from_hedge__front,other_day_mtm_jump_bp,2000,-56.34650652773067,-50.94590605716006,31.949712162912455,0.0,-78.87058152398458
term_flat_q__front,flat_from_hedge__front,delta_churn,2000,-0.8500250648859826,-0.7450980392156863,0.5087773429010124,0.001,-74.71692103370764
term_opt_tail__far,flat_from_hedge__front,terminal_pnl_bp,2000,293.86945059734177,241.57476228183262,446.6974716539749,0.7895,29.420899366772815
term_opt_tail__far,flat_from_hedge__front,daily_pnl_std_bp,2000,-147.89496315182686,-124.6425998253695,96.5080865042129,0.0015,-68.5337784876452
term_opt_tail__far,flat_from_hedge__front,variance_reduction_r2,2000,0.40940159571047463,0.4108351615581613,0.18008325293059033,0.9835,101.66962037923098
term_opt_tail__far,flat_from_hedge__front,max_drawdown_bp,2000,-1016.55207079918,-744.5209705404764,840.6076042657368,0.0125,-54.08182180223459
term_opt_tail__far,flat_from_hedge__front,turnover,2000,-15.64882522894759,-12.438369207482197,10.799288162143595,0.0,-64.80396939976616
term_opt_tail__far,flat_from_hedge__front,cost_bp,2000,-15.64882522894759,-12.4383692074822,10.799288162143597,0.0,-64.80396939976615
term_opt_tail__far,flat_from_hedge__front,roll_day_mtm_jump_bp,877,-68.3313050319136,-91.6762950567087,200.8848585036905,0.2633979475484607,-10.073312531146916
term_opt_tail__far,flat_from_hedge__front,other_day_mtm_jump_bp,2000,-56.86504300216661,-50.31378319227136,34.35989171348971,0.0005,-74.01309803684423
term_opt_tail__far,flat_from_hedge__front,delta_churn,2000,-0.8668153076872878,-0.7575757575757576,0.5254122303170286,0.002,-73.78046570239319
term_opt_tail__front,flat_from_hedge__front,terminal_pnl_bp,2000,134.18492472497624,99.1084870116386,338.70634448419844,0.67,17.71721245420823
term_opt_tail__front,flat_from_hedge__front,daily_pnl_std_bp,2000,-130.85094349339622,-107.26660563508736,94.75865583815865,0.001,-61.75511925178515
term_opt_tail__front,flat_from_hedge__front,variance_reduction_r2,2000,0.2960775979162861,0.3005055475240417,0.18428272999830098,0.949,71.85151159436043
term_opt_tail__front,flat_from_hedge__front,max_drawdown_bp,2000,-855.8614296799658,-603.7541327633738,821.6028861160025,0.0115,-46.58611522487652
term_opt_tail__front,flat_from_hedge__front,turnover,2000,-3.460751649925276,-3.1434574589017554,1.950761775750859,0.0015,-79.33799030380212
term_opt_tail__front,flat_from_hedge__front,cost_bp,2000,-3.4607516499252764,-3.143457458901758,1.9507617757508584,0.0015,-79.33799030380214
term_opt_tail__front,flat_from_hedge__front,roll_day_mtm_jump_bp,2000,-67.00411803854304,-50.83123413679594,91.69142955154508,0.1225,-32.68042900833525
term_opt_tail__front,flat_from_hedge__front,other_day_mtm_jump_bp,2000,-58.372031536935886,-52.217283247451505,34.600724891551025,0.0,-75.44572023300131
term_opt_tail__front,flat_from_hedge__front,delta_churn,2000,-0.8668153076872878,-0.7575757575757576,0.5254122303170286,0.002,-73.78046570239319
flat_from_hedge__far,flat_from_hedge__front,terminal_pnl_bp,2000,258.3002004684323,220.65693809209392,402.86206751634813,0.785,28.6736753554391
flat_from_hedge__far,flat_from_hedge__front,daily_pnl_std_bp,2000,-128.84166746183286,-107.83219248507311,87.81261186131286,0.001,-65.61670827741482
flat_from_hedge__far,flat_from_hedge__front,variance_reduction_r2,2000,0.37664950315933904,0.3714820501549175,0.17997241377121778,0.99,93.59366528544005
flat_from_hedge__far,flat_from_hedge__front,max_drawdown_bp,2000,-868.7672585433802,-651.8121752733625,746.6524167982986,0.025,-52.03552825983593
flat_from_hedge__far,flat_from_hedge__front,turnover,2000,-15.292775577288053,-11.94525733167048,10.620100772661507,0.0,-64.39804383681923
flat_from_hedge__far,flat_from_hedge__front,cost_bp,2000,-15.292775577288054,-11.945257331670472,10.620100772661507,0.0,-64.39804383681924
flat_from_hedge__far,flat_from_hedge__front,roll_day_mtm_jump_bp,877,15.249927334480953,-31.615267953808512,268.6203091193443,0.427594070695553,1.6812361762471142
flat_from_hedge__far,flat_from_hedge__front,other_day_mtm_jump_bp,2000,-49.65468792560937,-43.502391850037846,29.57039619139532,0.0005,-75.09622589061524
flat_from_hedge__far,flat_from_hedge__front,delta_churn,2000,-0.7880723934741094,-0.6836734693877551,0.4895233619591532,0.0025,-71.99588742594517
term_flat_q__far,term_flat_q__front,terminal_pnl_bp,2000,161.33878023799613,161.6955045199938,271.8246385480174,0.7845,26.54391316005231
term_flat_q__far,term_flat_q__front,daily_pnl_std_bp,2000,-19.608020800494938,-17.98360823065417,13.569551061753359,0.0335,-64.62242886975983
term_flat_q__far,term_flat_q__front,variance_reduction_r2,2000,0.12405305702411766,0.08315208663164947,0.1296580707351985,0.9665,42.78809128497715
term_flat_q__far,term_flat_q__front,max_drawdown_bp,2000,-172.4810811149389,-167.36052981489172,205.01324754327948,0.129,-37.62482930516375
term_flat_q__far,term_flat_q__front,turnover,2000,-12.233713523374709,-8.26366878175278,10.289606795173004,0.0,-53.17096289501969
term_flat_q__far,term_flat_q__front,cost_bp,2000,-12.23371352337471,-8.26366878175278,10.289606795173004,0.0,-53.1709628950197
term_flat_q__far,term_flat_q__front,roll_day_mtm_jump_bp,877,-14.561197600186793,-45.03817212970765,194.64954443054216,0.3671607753705815,-2.21535587107201
term_flat_q__far,term_flat_q__front,other_day_mtm_jump_bp,2000,1.5623061145553538,-0.24257233856492633,5.516256295498776,0.4625,12.665918647253399
term_flat_q__far,term_flat_q__front,delta_churn,2000,0.0,0.0,0.0,0.0,
term_opt_tail__far,term_opt_tail__front,terminal_pnl_bp,2000,159.6845258723656,161.16596999924946,271.3098016236474,0.782,26.321603765775013
term_opt_tail__far,term_opt_tail__front,daily_pnl_std_bp,2000,-17.04401965843061,-15.61520188864423,13.344884279393858,0.0575,-57.11789741772818
term_opt_tail__far,term_opt_tail__front,variance_reduction_r2,2000,0.11332399779418853,0.06943804854244418,0.13466503963748938,0.9425,37.63414219933854
term_opt_tail__far,term_opt_tail__front,max_drawdown_bp,2000,-160.6906411192141,-160.48825350655238,203.47958769761533,0.1425,-35.317075383949835
term_opt_tail__far,term_opt_tail__front,turnover,2000,-12.188073579022316,-8.221638762711244,10.282178652856727,0.0,-53.01086852812303
term_opt_tail__far,term_opt_tail__front,cost_bp,2000,-12.188073579022316,-8.221638762711247,10.282178652856727,0.0,-53.01086852812303
term_opt_tail__far,term_opt_tail__front,roll_day_mtm_jump_bp,877,-12.700208575999621,-42.360164198891425,194.0414173321841,0.3728620296465222,-1.9382786495346214
term_opt_tail__far,term_opt_tail__front,other_day_mtm_jump_bp,2000,1.5069885347692724,-0.25251378708415473,5.40976704922558,0.456,12.457944212364128
term_opt_tail__far,term_opt_tail__front,delta_churn,2000,0.0,0.0,0.0,0.0,
