cell,inception,terminal_pnl_bp,daily_pnl_std_bp,variance_reduction_r2,max_drawdown_bp,turnover,cost_bp,roll_day_mtm_jump_bp,other_day_mtm_jump_bp,delta_churn,terminal_pnl_percentile,daily_pnl_std_percentile
flat_from_hedge__front,2023-05-04,444.40593649891986,217.99690839403166,0.5071464641990426,1390.5505397382444,42.7550376,42.75503760000003,287.54179159264254,172.55759620536583,4.395061728395062,87.5,50.0
term_flat_q__front,2023-05-04,424.49678289893063,48.74961749393093,0.928461335818023,382.00914494657593,30.3921912,30.392191200000006,68.49801878853363,107.10397737319667,2.7818930041152266,85.0,5.0
flat_from_hedge__front,2023-06-01,634.3840314490106,244.95636933543702,0.48201482257999484,1661.0784189359645,39.01318,39.01317999999998,292.5466560516235,184.2604477513038,3.94238683127572,92.5,67.5
term_flat_q__front,2023-06-01,671.8385898489984,45.17661501466847,0.9387867374195611,360.75608014057605,26.0386216,26.0386216,65.10311438231155,108.24370815838424,2.271604938271605,87.5,2.5
flat_from_hedge__front,2023-07-03,710.7750158370582,293.7017692731366,0.41775189285409664,2031.7666505210411,38.5168056,38.5168056,347.62845523912205,214.88164201589183,3.622950819672131,92.5,85.0
term_flat_q__front,2023-07-03,680.039187037064,41.164597970661475,0.9462959079667063,296.28364603458664,27.4766344,27.476634400000016,66.5288240663401,119.47997499347395,2.1065573770491803,87.5,0.0
flat_from_hedge__front,2023-08-01,977.778921922856,326.7545244506126,0.37762317902662057,2401.869987106737,35.853408,35.853408,385.2269349392625,230.17878712509594,3.1721311475409837,95.0,90.0
term_flat_q__front,2023-08-01,945.818897122866,41.834253993827865,0.9428966995885372,319.821931195755,25.6134328,25.613432799999995,68.154853300258,121.17781709497899,1.7868852459016393,92.5,0.0
flat_from_hedge__front,2023-09-01,1026.4101342975055,353.42754610277757,0.35568518357434786,2927.209708832832,35.5733192,35.5733192,355.73420437403564,231.83878319919748,3.316872427983539,95.0,90.0
term_flat_q__front,2023-09-01,1241.5654422975138,42.07717572085421,0.9379321875689295,315.5305279738553,21.5460112,21.54601119999999,57.19516429517841,113.72066932629116,1.4650205761316872,95.0,0.0
flat_from_hedge__front,2023-10-09,1118.1593977847501,390.146635283447,0.34954335043930695,3343.262885537219,32.359904,32.359904,316.22280669086416,255.35866732787173,2.847736625514403,95.0,92.5
term_flat_q__front,2023-10-09,1443.6296937847453,43.79367590541228,0.9479184229507678,332.57089943588977,21.977608,21.977608000000007,57.082590613240214,118.5308440312116,1.2921810699588476,95.0,2.5
flat_from_hedge__front,2023-11-01,588.0390531142995,436.2256709992186,0.3235114279696809,3631.7813105419823,31.000652,31.000651999999995,368.1184236622823,278.9439962728716,2.8266666666666667,90.0,92.5
term_flat_q__front,2023-11-01,1040.2595771143049,48.81336230856909,0.9394530156789502,395.4210826735571,20.452128,20.452127999999995,60.60941230723989,123.91695711910181,1.1644444444444444,95.0,7.5
flat_from_hedge__front,2023-12-01,1007.3321759999983,458.94441414638527,0.3022424282392937,3832.1090997832375,30.219824,30.219823999999992,375.66992151402593,298.98638314415206,2.2892561983471076,95.0,92.5
term_flat_q__front,2023-12-01,1453.4350183999998,53.14818769058274,0.9348385227791832,444.8567104238541,24.6209816,24.6209816,96.21520354552786,142.6065438057801,1.256198347107438,95.0,10.0
flat_from_hedge__front,2024-01-02,582.8526294180314,558.9432239754993,0.28678861515911314,4249.984193538414,23.9441704,23.944170399999994,489.9049812837493,365.6137806174955,2.2857142857142856,90.0,97.5
term_flat_q__front,2024-01-02,1070.9788062180237,61.493996018254116,0.9264517846623533,518.7891311130917,18.2579936,18.2579936,82.45337326073471,151.87201782820145,1.043956043956044,95.0,15.0
flat_from_hedge__front,2024-02-01,-433.706407562654,951.6679925989558,0.2003061151588198,6245.873861218002,12.9809768,12.980976800000004,375.4002651163784,359.7336850904232,9.157894736842104,45.0,100.0
term_flat_q__front,2024-02-01,358.0220588373427,100.5794721681976,0.8719420111428543,469.5234711466967,5.4685104,5.4685104,39.88217911475093,110.35679342107281,3.6842105263157894,85.0,55.00000000000001
flat_from_hedge__front,2024-03-01,1067.5596572977508,419.0384571578653,0.34880009229372755,3491.445820585556,42.2343904,42.2343904,501.2192963922679,351.25501148589797,8.744827586206897,95.0,92.5
term_flat_q__front,2024-03-01,1500.4485996977626,105.27764805029757,0.7845281280208714,786.0919377795738,32.497448,32.497448,99.94010831686717,166.8580591970961,6.220689655172414,95.0,57.49999999999999
flat_from_hedge__front,2024-04-01,928.517380210552,442.7739956698866,0.34080760634923957,2760.1034894272575,30.4164248,30.416424800000012,476.28991177062653,376.88355601548,6.225806451612903,95.0,92.5
term_flat_q__front,2024-04-01,1387.272569810542,114.6996462582507,0.784323085273637,1014.9321855653491,25.7492352,25.749235200000005,102.53057800075695,185.07611416855255,4.709677419354839,95.0,67.5
flat_from_hedge__front,2024-05-06,941.3324199234057,409.9975625497151,0.3141704193305327,2161.9578109363456,19.6438664,19.643866400000007,444.2716084613606,329.91339577111705,4.230769230769231,95.0,92.5
term_flat_q__front,2024-05-06,1278.4933495234181,75.35957360152644,0.8798002953786224,237.52917137481938,17.5549368,17.554936800000004,67.0259062194501,159.6335304667039,3.25,95.0,22.5
flat_from_hedge__front,2024-06-03,930.1583319923695,424.44121785561117,0.29555964132153945,1969.9037341937,17.5478608,17.5478608,479.3741960927346,345.8438836751458,5.857142857142857,95.0,92.5
term_flat_q__front,2024-06-03,1208.3851519923692,75.79676007059257,0.8514128103795111,234.64959252956695,14.8650408,14.865040800000001,51.35038313014014,151.35666367262206,4.166666666666667,95.0,22.5
flat_from_hedge__front,2024-07-01,602.2018639981582,339.4286280761347,0.34893756815738997,1493.030342110323,15.286096,15.286096000000004,415.7145182281107,288.19510279473053,7.938461538461539,90.0,90.0
term_flat_q__front,2024-07-01,744.5759135981564,58.10249170157807,0.8486720613735914,186.6765484231638,10.9600464,10.960046400000001,47.11323290400174,116.00383038502355,4.676923076923077,87.5,15.0
flat_from_hedge__front,2024-08-01,410.4981528630835,292.8121504624236,0.20473928362255678,1557.3580774358772,10.3717792,10.371779199999999,435.91378853404905,192.81178815680948,5.833333333333333,87.5,85.0
term_flat_q__front,2024-08-01,577.4716552630894,47.846785375083364,0.8394765618830073,166.043472079777,8.2302768,8.230276800000002,44.85432585304567,84.29342298650684,3.6,87.5,5.0
flat_from_hedge__front,2024-09-02,225.4706429094101,135.32550294158895,0.28012041839910595,809.8880141389111,4.7489752,4.748975199999998,186.55802810125004,74.03517300475886,3.5254237288135593,87.5,17.5
term_flat_q__front,2024-09-02,340.66268130940944,28.641131255795585,0.752863940910744,101.20844763601896,3.9409368,3.9409368000000007,22.09143815371751,34.63162758983585,1.9661016949152543,85.0,0.0
flat_from_hedge__front,2024-10-08,226.0912645221388,233.37898946253756,0.2992377879068864,1938.9405085759015,22.7713648,22.771364799999994,238.05124933752475,218.3312647789622,6.563106796116505,87.5,60.0
term_flat_q__front,2024-10-08,-86.21644187786549,48.798661611611394,0.9070493328233773,712.827253754152,15.7270712,15.727071200000001,152.9102901546017,125.01779821989939,3.6310679611650487,47.5,5.0
flat_from_hedge__front,2024-11-01,-630.8336734704491,223.91191502417604,0.14029940798375462,1803.7013965032502,17.1320064,17.13200640000001,267.47984918436214,180.54649330381582,6.65,20.0,55.00000000000001
term_flat_q__front,2024-11-01,-491.63000307045183,47.37610215562733,0.790919036706964,626.8232706046826,11.256336,11.256336,83.68291833300606,93.80277862825345,3.725,25.0,5.0
flat_from_hedge__front,2024-12-02,264.580793911951,454.36683518703177,0.1659654435252289,2954.948738152024,47.1902656,47.190265600000004,265.71928406291147,297.4606411684633,8.609756097560975,87.5,92.5
term_flat_q__front,2024-12-02,-163.38368768805014,89.62061350019056,0.7297356993221596,1144.4833661417717,31.3787472,31.37874720000001,96.5782582509956,121.45044743992575,5.146341463414634,40.0,35.0
flat_from_hedge__front,2025-01-02,-77.93625842931225,223.88713935713008,-0.026711531576703473,1802.859192778106,11.585084,11.585084,223.47490014334167,151.2241883417871,6.610169491525424,67.5,55.00000000000001
term_flat_q__front,2025-01-02,-296.621860829316,31.674787915639854,0.8255917662736927,400.5435493507792,4.9826864,4.982686399999999,68.98759414597384,55.790769985798576,2.23728813559322,37.5,0.0
flat_from_hedge__front,2025-02-05,1175.716081535975,571.3863347298184,0.11693248950366408,2353.1184856972322,16.9406216,16.9406216,111.97173641320398,308.49919568363777,9.344262295081966,95.0,97.5
term_flat_q__front,2025-02-05,500.3628455359706,76.17880747770599,0.5247956715177036,336.6568948227669,8.1738576,8.173857600000003,49.980115691729935,75.55896855417085,4.065573770491803,87.5,22.5
flat_from_hedge__front,2025-03-03,659.0439202736429,561.3458461640703,0.1162321327785486,3671.082294307452,27.1682376,27.168237600000005,251.0758837324364,332.89938237634806,7.320754716981132,92.5,97.5
term_flat_q__front,2025-03-03,234.66094107364674,75.65259418035909,0.7632204408562719,528.8349398767288,16.0632168,16.063216800000006,67.62143472548074,100.79960512265218,3.452830188679245,85.0,22.5
flat_from_hedge__front,2025-04-01,535.6416753911509,546.2148287755599,0.08933170036980298,2880.525144999806,20.0306672,20.0306672,170.9650912534888,305.9987875760301,6.238095238095238,90.0,97.5
term_flat_q__front,2025-04-01,358.1254201911491,72.13140803803049,0.8082930120800556,493.39123685174457,12.4669224,12.466922399999996,59.167824648227054,104.68672668208048,3.0714285714285716,85.0,17.5
flat_from_hedge__front,2025-05-06,477.19588853844334,253.28788129676215,0.18649353303394034,1350.3948571341355,14.3159496,14.315949600000001,179.02147071734555,201.65918792077954,6.151515151515151,87.5,77.5
term_flat_q__front,2025-05-06,114.57294293844676,36.21612640171537,0.7398482458381388,263.9087996586259,6.9228952,6.9228952,52.900665901319186,56.78885586843294,2.0606060606060606,77.5,0.0
flat_from_hedge__front,2025-06-03,147.60499802290587,248.6474798621927,0.05628834749789835,1343.2001373843339,11.5442736,11.544273599999999,119.01260408791994,161.37803329444094,5.343283582089552,85.0,72.5
term_flat_q__front,2025-06-03,-215.1860075770889,34.0199512474415,0.4120595270978221,317.3881236467455,5.2072792,5.207279199999998,26.132035954181394,39.6013989776662,1.7313432835820894,37.5,0.0
flat_from_hedge__front,2025-07-01,239.50161703256714,324.27992347460554,0.1503089185379185,1731.0315982975142,13.370012,13.370012000000003,309.2537993430318,197.64250292207845,5.940298507462686,87.5,90.0
term_flat_q__front,2025-07-01,-148.4045525674337,37.37253073523599,0.3730634610183755,272.3708695513316,4.8121816,4.812181600000001,27.286636639567725,43.31213314113965,1.6119402985074627,40.0,0.0
flat_from_hedge__front,2025-08-01,339.14125437671765,270.63701202156005,0.27943351580444253,1118.8212535394518,13.4870264,13.487026399999996,275.39186307069116,170.8688535191695,5.836065573770492,87.5,80.0
term_flat_q__front,2025-08-01,160.4774127767151,24.736110220234895,0.7992456377805657,90.0246817988624,5.782868,5.7828680000000015,63.82517738311013,47.64856423133823,2.1311475409836067,77.5,0.0
flat_from_hedge__front,2025-09-01,-937.9542897500901,540.0960458975346,0.10405444604363201,3821.449856725416,22.384744,22.38474400000001,239.62699720068943,354.4070007275567,6.337349397590361,17.5,97.5
term_flat_q__front,2025-09-01,-505.029579350094,54.582511419273786,0.824678517405786,973.028121758591,12.6440336,12.644033599999997,50.58553961136162,114.17662558371866,2.746987951807229,25.0,12.5
