cell,scenario,terminal_pnl_bp,daily_pnl_std_bp,max_drawdown_bp,termination,knocked_in,days
flat_from_hedge__front,crash_into_ki_30%_20d,385.36389172088616,2.4834771589323483,23.83912765984065,maturity,True,262
flat_from_hedge__front,v_shape_28%_20d_40d,2381.2830120264007,27.774580740194953,113.8376488655468,maturity,True,262
flat_from_hedge__front,vol_spike_15%_40d,-3225.1071072014024,12.402627116062368,3961.1750477600044,maturity,False,262
flat_from_hedge__front,basis_blowout_-5%_10d,-2762.5892725246545,13.638531978889542,3104.5242792829886,maturity,False,262
flat_from_hedge__front,grind_up_0.20%_60d,-293.91479988190224,5.287606493966798,345.76060432654856,knock_out,False,66
term_flat_q__front,crash_into_ki_30%_20d,375.7434598444716,1.1258227474253464,8.416547401039885,maturity,True,262
term_flat_q__front,v_shape_28%_20d_40d,2341.6887228113947,27.921428647127264,112.90271869418042,maturity,True,262
term_flat_q__front,vol_spike_15%_40d,-3259.2352281269636,11.970138833783286,3945.638037979984,maturity,False,262
term_flat_q__front,basis_blowout_-5%_10d,-2809.6343157163874,12.973970257905293,3085.069575446594,maturity,False,262
term_flat_q__front,grind_up_0.20%_60d,-336.3390473243404,3.9917877286508854,319.35693634289595,knock_out,False,66
